11546 98584 1 1
33148 8186 1 1
103141 6966 1 1
101250 11151 1 1
96551 7747 1 1
14178 3433 1 1
25431 44229 1 1
36024 6002 1 1
44229 20342 1 1
106212 25148 1 1
48375 97031 1 1
11228 32252 1 1
50570 10549 1 1
9830 9936 1 1
10822 6860 1 1
6595 16874 1 1
16620 32252 1 1
54154 10897 1 1
25431 43942 1 1
50421 45429 1 1
29117 57096 1 1
33103 2834 1 1
97155 13989 1 1
103525 5254 1 1
12348 19437 1 1
56045 9380 1 1
11686 12204 1 1
59376 6915 1 1
91562 48375 1 1
76035 6645 1 1
7465 9971 1 1
37868 11868 1 1
5036 22756 1 1
54154 7491 1 1
100510 7038 1 1
96848 12960 1 1
3690 12704 1 1
99640 7925 1 1
11715 12317 1 1
68281 5507 1 1
8169 28510 1 1
9702 9914 1 1
28510 48375 1 1
14904 14904 1 1
91591 49892 1 1
74021 9971 1 1
103346 81878 1 1
9702 10095 1 1
103346 5640 1 1
8676 1865 1 1
17796 8115 1 1
24149 6860 1 1
5036 7882 1 1
14824 13522 1 1
4747 87387 1 1
11868 14158 1 1
19437 9094 1 1
65150 6073 1 1
41095 12565 1 1
101221 6915 1 1
12565 106365 1 1
28288 7038 1 1
8754 19437 1 1
102272 15552 1 1
13522 10652 1 1
14692 7383 1 1
102272 13499 1 1
20847 10452 1 1
10351 2208 1 1
3217 5640 1 1
12771 24149 1 1
9702 38636 1 1
26850 12679 1 1
101979 8901 1 1
10095 103525 1 1
27503 3611 1 1
106212 11798 1 1
14692 14158 1 1
8901 3139 1 1
55573 3092 1 1
2208 10897 1 1
5584 16121 1 1
10710 11546 1 1
5792 3390 1 1
30730 43942 1 1
12679 41030 1 1
94592 3275 1 1
13499 2414 1 1
25148 9674 1 1
4747 41599 1 1
10351 11715 1 1
97920 3515 1 1
10822 55573 1 1
14842 3217 1 1
1865 6941 1 1
11484 13499 1 1
5036 67519 1 1
41301 30730 1 1
32173 23276 1 1
56326 9702 1 1
103614 21094 1 1
22756 25536 1 1
3139 13567 1 1
5015 3275 1 1
34088 12864 1 1
8901 10841 1 1
7491 5036 1 1
5640 7465 1 1
23276 99593 1 1
15156 98071 1 1
5036 10529 1 1
17796 77406 1 1
11546 68281 1 1
2708 10059 1 1
2745 10731 1 1
10897 12539 1 1
56109 23348 1 1
12704 7491 1 1
17258 103792 1 1
8169 25148 1 1
71654 96848 1 1
36024 8216 1 1
9702 50421 1 1
12224 19437 1 1
12442 25536 1 1
5886 20847 1 1
50143 4423 1 1
103448 5148 1 1
17796 41061 1 1
9786 12565 1 1
10452 12565 1 1
23348 99855 1 1
9702 8064 1 1
13989 6487 1 1
8921 7721 1 1
11754 12960 1 1
1267 13567 1 1
59376 12096 1 1
7544 4497 1 1
5381 11447 1 1
7925 22774 1 1
41061 4747 1 1
29117 99216 1 1
11686 102623 1 1
101342 12565 1 1
97920 32800 1 1
101979 9971 1 1
15650 9830 1 1
99562 12539 1 1
3515 103487 1 1
7491 105716 1 1
15250 19155 1 1
6645 102733 1 1
6645 1715 1 1
8551 45753 1 1
93765 8901 1 1
7038 10508 1 1
10692 6487 1 1
19394 14904 1 1
11306 11754 1 1
10122 4497 1 1
25148 21094 1 1
96627 7491 1 1
25348 97155 1 1
30730 8981 1 1
91694 5192 1 1
45753 4497 1 1
25201 97845 1 1
1572 104052 1 1
97031 55573 1 1
102623 8098 1 1
87387 11887 1 1
20780 16140 1 1
96262 16711 1 1
26370 16928 1 1
12539 15552 1 1
6576 5662 1 1
22159 12771 1 1
6383 20780 1 1
28510 11546 1 1
19091 36440 1 1
106455 2414 1 1
4497 3358 1 1
3515 102623 1 1
2745 17004 1 1
9012 12539 1 1
28288 13195 1 1
11546 7016 1 1
8901 32173 1 1
81878 7134 1 1
101979 5886 1 1
9971 25348 1 1
6941 7994 1 1
56566 6860 1 1
98653 17004 1 1
3650 97155 1 1
25536 106212 1 1
8323 7038 1 1
32800 13337 1 1
11941 8797 1 1
7544 5848 1 1
4553 5254 1 1
97663 11715 1 1
12795 12460 1 1
32252 97920 1 1
56045 5886 1 1
5640 101899 1 1
10731 3690 1 1
45840 34944 1 1
25348 10095 1 1
99444 5036 1 1
7295 12052 1 1
101342 5640 1 1
25536 8216 1 1
56566 45753 1 1
30730 8064 1 1
2414 20342 1 1
94026 5662 1 1
20780 14824 1 1
29117 6353 1 1
7544 12052 1 1
25431 97845 1 1
97155 16928 1 1
12406 16874 1 1
13195 9914 1 1
44757 3611 1 1
32800 49892 1 1
12116 16743 1 1
2208 14692 1 1
5848 20780 1 1
10036 19394 1 1
18051 59376 1 1
11228 5848 1 1
3275 17258 1 1
14158 8901 1 1
32252 4201 1 1
13499 95073 1 1
41315 24783 1 1
4497 56566 1 1
103027 9830 1 1
14904 18051 1 1
45237 10897 1 1
1865 54154 1 1
4879 97736 1 1
1267 12815 1 1
10897 15650 1 1
8863 7544 1 1
25583 5192 1 1
97663 25348 1 1
24149 68281 1 1
11715 103639 1 1
9971 11819 1 1
5036 103614 1 1
7544 91591 1 1
104481 3275 1 1
4497 49892 1 1
6576 11394 1 1
37290 15064 1 1
8981 56045 1 1
20755 6073 1 1
99395 5640 1 1
4553 7134 1 1
5254 42344 1 1
7038 41232 1 1
36440 6645 1 1
11686 29117 1 1
11686 97031 1 1
103487 1865 1 1
1572 12424 1 1
11715 26370 1 1
73931 29117 1 1
12317 11686 1 1
25348 4747 1 1
20614 97168 1 1
5977 2834 1 1
49892 25148 1 1
65150 29117 1 1
27503 8720 1 1
11941 14692 1 1
103214 29117 1 1
7925 10250 1 1
5848 55573 1 1
91591 16928 1 1
25536 96789 1 1
98894 10479 1 1
8863 49892 1 1
13989 16928 1 1
25536 76035 1 1
28288 81878 1 1
9012 10897 1 1
5423 16874 1 1
7266 3515 1 1
14135 9971 1 1
85619 2208 1 1
45840 25148 1 1
6966 10095 1 1
55573 36024 1 1
4553 11686 1 1
9953 11546 1 1
14842 3587 1 1
7465 49892 1 1
7465 11228 1 1
2834 3410 1 1
57389 15932 1 1
41315 8901 1 1
93657 14842 1 1
13522 6487 1 1
10508 20614 1 1
15552 11546 1 1
43942 16928 1 1
5381 95219 1 1
1715 5507 1 1
3275 98006 1 1
3690 11622 1 1
55573 17796 1 1
5423 68281 1 1
17796 7038 1 1
91694 35852 1 1
14135 10878 1 1
98021 24149 1 1
106498 11686 1 1
25148 12258 1 1
3390 11941 1 1
8901 25348 1 1
105336 6645 1 1
3433 18051 1 1
25348 65150 1 1
8115 17209 1 1
10915 6134 1 1
10250 25348 1 1
99320 14135 1 1
7038 97901 1 1
8901 92243 1 1
98704 16743 1 1
4553 7594 1 1
7925 8720 1 1
11546 4497 1 1
36440 16711 1 1
43942 29117 1 1
5977 8115 1 1
29117 5584 1 1
7465 5036 1 1
97155 14842 1 1
10841 6487 1 1
12052 10692 1 1
6860 7747 1 1
9125 10897 1 1
5720 11868 1 1
47801 20342 1 1
59376 19155 1 1
17796 34088 1 1
106388 10508 1 1
97736 4553 1 1
6860 5015 1 1
105716 15156 1 1
8551 5036 1 1
9576 96789 1 1
7444 19155 1 1
95073 6487 1 1
11715 99292 1 1
22774 60225 1 1
25148 6073 1 1
96848 7994 1 1
99121 7038 1 1
91591 10250 1 1
23348 11798 1 1
10915 22682 1 1
48375 3877 1 1
23348 25148 1 1
7491 102707 1 1
23276 65150 1 1
100439 8186 1 1
36024 32301 1 1
41332 9971 1 1
3690 9896 1 1
14601 6966 1 1
4747 24149 1 1
20614 96262 1 1
15795 6576 1 1
6645 56326 1 1
45840 10670 1 1
5742 8392 1 1
25431 12424 1 1
7134 59376 1 1
98653 48375 1 1
101342 7544 1 1
26815 98704 1 1
45840 3092 1 1
12460 24149 1 1
59555 3139 1 1
6645 20614 1 1
10731 105336 1 1
7134 104481 1 1
17796 2414 1 1
11686 16928 1 1
30730 8825 1 1
23276 6553 1 1
68102 30730 1 1
1267 5148 1 1
8098 2414 1 1
5792 5036 1 1
24149 11546 1 1
12704 10059 1 1
48375 9702 1 1
4423 3139 1 1
11622 7994 1 1
13499 2208 1 1
16121 14904 1 1
10915 72334 1 1
12317 12565 1 1
4553 3275 1 1
12539 68281 1 1
9936 12565 1 1
11484 29117 1 1
10296 2708 1 1
3515 105336 1 1
5254 97736 1 1
25536 75552 1 1
100790 6860 1 1
9312 36440 1 1
8551 11484 1 1
8115 97979 1 1
5507 14618 1 1
3515 2989 1 1
23276 8825 1 1
10710 10479 1 1
11394 85619 1 1
24149 48375 1 1
98006 6073 1 1
30730 103282 1 1
55573 8676 1 1
12116 6966 1 1
97845 9293 1 1
14904 20614 1 1
3611 6860 1 1
7544 33148 1 1
32252 19394 1 1
36440 12864 1 1
16620 9380 1 1
6915 11306 1 1
1464 91735 1 1
16290 6383 1 1
55573 25536 1 1
11686 2208 1 1
7038 42344 1 1
4497 14842 1 1
2768 12348 1 1
29117 7994 1 1
20847 55573 1 1
15250 9576 1 1
11715 45753 1 1
50595 7465 1 1
20342 103200 1 1
15064 13195 1 1
4497 9220 1 1
6645 12116 1 1
11798 8981 1 1
7544 106388 1 1
81878 97920 1 1
99593 7038 1 1
12258 14787 1 1
59376 32252 1 1
92243 21094 1 1
19394 7465 1 1
105956 10897 1 1
5423 12460 1 1
20847 2745 1 1
5254 7347 1 1
105850 10897 1 1
93657 29117 1 1
91591 45840 1 1
6645 11735 1 1
100790 8115 1 1
10670 9971 1 1
105025 1267 1 1
4497 97920 1 1
2414 73931 1 1
32800 23129 1 1
102466 8901 1 1
103614 1267 1 1
13567 20780 1 1
36440 11686 1 1
97901 11686 1 1
43942 5254 1 1
41432 11546 1 1
39026 11151 1 1
25348 79625 1 1
6576 6002 1 1
4879 103346 1 1
3587 13381 1 1
103282 16743 1 1
30730 5036 1 1
93657 13989 1 1
2768 14216 1 1
16140 4497 1 1
32173 20780 1 1
16121 3807 1 1
68661 3690 1 1
28288 9830 1 1
105687 9702 1 1
8901 99444 1 1
5036 98584 1 1
34088 5036 1 1
6383 13140 1 1
5886 10670 1 1
3275 5886 1 1
106350 11686 1 1
12317 25536 1 1
100439 17004 1 1
6383 5036 1 1
97845 27503 1 1
12795 96158 1 1
2414 65150 1 1
7465 50570 1 1
55573 10059 1 1
25536 7925 1 1
4497 104086 1 1
106388 10915 1 1
8186 55573 1 1
14904 62152 1 1
6645 33336 1 1
10452 32173 1 1
48375 8216 1 1
5036 103200 1 1
12152 12565 1 1
59376 106498 1 1
19394 2768 1 1
105649 20614 1 1
12052 103200 1 1
26815 33336 1 1
1647 49892 1 1
16620 10878 1 1
20614 10122 1 1
20614 8533 1 1
2834 17004 1 1
4747 99216 1 1
9653 8098 1 1
94592 5036 1 1
68281 15552 1 1
14710 11546 1 1
6383 56326 1 1
101785 3690 1 1
5742 1572 1 1
77406 4747 1 1
20847 5036 1 1
3611 32252 1 1
3690 16140 1 1
10731 16928 1 1
26815 12704 1 1
7295 3092 1 1
7544 91562 1 1
5148 5640 1 1
96569 2834 1 1
10670 50143 1 1
3515 54154 1 1
11887 68281 1 1
12348 12460 1 1
11546 2208 1 1
28510 106388 1 1
41075 3690 1 1
7925 14842 1 1
16140 6860 1 1
11754 41128 1 1
11715 12539 1 1
14766 3650 1 1
3690 10391 1 1
6860 11228 1 1
8676 7544 1 1
6383 103448 1 1
6383 27384 1 1
25201 16743 1 1
11715 6966 1 1
48375 95891 1 1
15064 41111 1 1
7544 13499 1 1
55396 49892 1 1
91546 10250 1 1
25148 103012 1 1
6002 8720 1 1
3305 103448 1 1
12704 14692 1 1
9493 2834 1 1
9971 102623 1 1
45237 16743 1 1
9786 27503 1 1
20847 12679 1 1
4747 50421 1 1
6383 8797 1 1
50570 12795 1 1
104533 11941 1 1
105102 41301 1 1
13240 5254 1 1
96627 29117 1 1
11941 10250 1 1
103614 12565 1 1
103525 5640 1 1
9012 44229 1 1
6487 96158 1 1
8186 44757 1 1
103525 20342 1 1
19155 28510 1 1
8901 7721 1 1
7721 40750 1 1
98021 59376 1 1
14135 30730 1 1
24149 5584 1 1
22774 105496 1 1
11484 27503 1 1
13030 6073 1 1
4879 10250 1 1
23211 68160 1 1
5640 8846 1 1
57096 27384 1 1
10897 43942 1 1
11686 3515 1 1
14766 11798 1 1
7721 14842 1 1
91694 55573 1 1
55573 14904 1 1
44757 22756 1 1
32301 11686 1 1
14766 14235 1 1
27503 98021 1 1
5015 10059 1 1
96613 24149 1 1
7925 2834 1 1
106350 49892 1 1
8676 12679 1 1
56566 11754 1 1
20780 20614 1 1
20653 12565 1 1
11546 97663 1 1
23276 10841 1 1
5036 8292 1 1
100439 27503 1 1
1267 96613 1 1
11798 11754 1 1
8592 100243 1 1
9220 25348 1 1
100400 8592 1 1
2745 3410 1 1
32800 8323 1 1
2834 3092 1 1
1865 2414 1 1
34088 7721 1 1
20342 105538 1 1
20402 10059 1 1
48375 10710 1 1
102200 5662 1 1
10036 6553 1 1
93657 6966 1 1
4582 23503 1 1
100893 16743 1 1
105102 103639 1 1
4747 103841 1 1
12679 100893 1 1
3275 14824 1 1
12917 5036 1 1
5214 694 1 1
106212 5036 1 1
8098 100893 1 1
10479 23398 1 1
10897 55013 1 1
12539 10549 1 1
14710 13522 1 1
1267 99320 1 1
3092 13435 1 1
10452 12052 1 1
10915 94026 1 1
9576 97920 1 1
2414 17436 1 1
11686 94592 1 1
45840 99292 1 1
9868 10036 1 1
12152 20402 1 1
105336 3410 1 1
41061 14158 1 1
1572 105538 1 1
11546 53837 1 1
10670 8921 1 1
16620 97736 1 1
6966 32800 1 1
36024 4497 1 1
91591 12460 1 1
23348 28288 1 1
4497 8216 1 1
3275 14158 1 1
17796 91562 1 1
9896 5254 1 1
97168 6487 1 1
100400 20342 1 1
11902 48375 1 1
13522 4531 1 1
2834 8921 1 1
3275 7347 1 1
11715 7266 1 1
6576 11306 1 1
101171 12565 1 1
8901 11941 1 1
59376 25536 1 1
59376 13472 1 1
2768 4879 1 1
10633 5254 1 1
5148 104481 1 1
48375 32173 1 1
3587 11484 1 1
11306 16874 1 1
6860 6487 1 1
7721 14692 1 1
20780 104481 1 1
5640 100400 1 1
100790 8981 1 1
98945 3650 1 1
25148 4497 1 1
44682 10479 1 1
6941 102435 1 1
96262 6487 1 1
59376 104481 1 1
10670 14158 1 1
99640 8592 1 1
12679 2834 1 1
20614 57096 1 1
32173 25348 1 1
15064 95073 1 1
25348 97736 1 1
100893 12565 1 1
105731 12565 1 1
97901 49892 1 1
8901 31106 1 1
5036 36024 1 1
12539 4747 1 1
10841 2708 1 1
32252 8797 1 1
29117 9125 1 1
41111 5977 1 1
3690 9936 1 1
2768 9220 1 1
43942 6383 1 1
2708 8216 1 1
14637 4553 1 1
97120 7491 1 1
5507 47801 1 1
20847 5015 1 1
23348 2834 1 1
85619 27503 1 1
30730 9380 1 1
2414 57953 1 1
13381 13499 1 1
7491 5507 1 1
12317 101568 1 1
34944 105496 1 1
85619 5792 1 1
68281 1464 1 1
41232 5640 1 1
11546 54154 1 1
2834 8981 1 1
19091 59376 1 1
68281 12795 1 1
32173 8098 1 1
16140 14158 1 1
6487 105336 1 1
106350 48375 1 1
7544 32800 1 1
7113 6798 1 1
2745 10670 1 1
5617 1865 1 1
10374 2834 1 1
4531 7925 1 1
20614 7465 1 1
95073 6383 1 1
32252 11686 1 1
59376 91591 1 1
91694 11546 1 1
7383 11754 1 1
12704 2708 1 1
2708 7925 1 1
103614 49892 1 1
3515 12152 1 1
12960 7113 1 1
38636 20614 1 1
56045 2834 1 1
6915 7491 1 1
11228 10841 1 1
98610 45753 1 1
55573 8950 1 1
22756 14904 1 1
100790 3877 1 1
103525 11715 1 1
45429 8186 1 1
4497 55573 1 1
19155 6383 1 1
50421 59376 1 1
91747 20342 1 1
2834 7721 1 1
13499 5640 1 1
30730 20847 1 1
101221 13030 1 1
10529 59376 1 1
102272 9576 1 1
4497 98006 1 1
56045 8901 1 1
11686 23276 1 1
101899 25348 1 1
11887 8115 1 1
14178 20755 1 1
5886 9653 1 1
24783 7747 1 1
9868 99395 1 1
100804 3515 1 1
14842 6383 1 1
10351 41128 1 1
103448 16928 1 1
10059 4497 1 1
12795 2868 1 1
13522 5036 1 1
15064 11546 1 1
44757 100439 1 1
91694 15795 1 1
3305 9971 1 1
5640 104481 1 1
102466 7038 1 1
5254 45237 1 1
2834 97155 1 1
9743 12864 1 1
11686 5507 1 1
8921 14824 1 1
45753 9868 1 1
6645 8216 1 1
6860 2745 1 1
16140 41128 1 1
20780 14135 1 1
3650 14824 1 1
6595 5886 1 1
9971 97031 1 1
11754 14842 1 1
6966 5462 1 1
20614 16711 1 1
19394 48375 1 1
25148 6860 1 1
10878 8901 1 1
4497 7994 1 1
12258 6073 1 1
3092 96848 1 1
9743 45429 1 1
12771 103214 1 1
45429 3410 1 1
3410 4423 1 1
21094 10479 1 1
29117 45237 1 1
9702 5423 1 1
71654 85619 1 1
6487 13337 1 1
93579 12704 1 1
20614 2768 1 1
99593 11686 1 1
5015 7594 1 1
32252 5254 1 1
50143 3650 1 1
5036 16620 1 1
9868 15064 1 1
11686 68408 1 1
14824 6073 1 1
5015 3433 1 1
7081 10897 1 1
11484 16743 1 1
24763 16690 1 1
9868 32252 1 1
6645 65150 1 1
20780 98006 1 1
12565 20614 1 1
34088 101221 1 1
12815 36440 1 1
30730 102623 1 1
13195 3515 1 1
32252 13522 1 1
20402 5036 1 1
20614 33148 1 1
7038 103141 1 1
13989 103448 1 1
9702 12565 1 1
8981 3305 1 1
3515 105850 1 1
28288 32173 1 1
12539 7313 1 1
25536 16743 1 1
44229 14135 1 1
8592 1865 1 1
97120 17796 1 1
55573 56045 1 1
34088 36440 1 1
9810 11941 1 1
105716 9293 1 1
12679 5192 1 1
7544 94117 1 1
6002 15064 1 1
59376 41095 1 1
36024 5015 1 1
6966 17796 1 1
25536 94592 1 1
33103 55573 1 1
106388 3092 1 1
11686 95073 1 1
8186 71654 1 1
3139 50143 1 1
12679 22682 1 1
34088 6487 1 1
13499 13156 1 1
18918 10915 1 1
10841 11686 1 1
9743 14904 1 1
5640 6073 1 1
2208 6402 1 1
96627 11686 1 1
50595 7491 1 1
45429 7544 1 1
41301 6304 1 1
8115 95205 1 1
8098 9380 1 1
14135 8115 1 1
2834 20755 1 1
8098 7594 1 1
7906 27384 1 1
23503 29596 1 1
40914 10897 1 1
71438 7544 1 1
20780 11868 1 1
3650 10250 1 1
19437 8186 1 1
34944 6798 1 1
3092 10250 1 1
55573 76035 1 1
8901 7016 1 1
11546 6073 1 1
3877 59555 1 1
97168 5036 1 1
12348 11546 1 1
9914 5036 1 1
14178 4497 1 1
11754 10095 1 1
43942 5148 1 1
3690 7994 1 1
12565 10479 1 1
41332 45840 1 1
3611 12052 1 1
23348 50421 1 1
23348 9810 1 1
12679 7594 1 1
15552 44682 1 1
7038 97155 1 1
11941 3092 1 1
14805 16928 1 1
13195 6645 1 1
32800 5036 1 1
96262 2768 1 1
29117 12539 1 1
12258 68102 1 1
5214 2208 1 1
15650 10479 1 1
10897 102272 1 1
53837 3515 1 1
49892 19394 1 1
5423 50570 1 1
11715 91591 1 1
81878 19437 1 1
11546 7465 1 1
3390 12679 1 1
10059 25536 1 1
100848 9702 1 1
2834 9810 1 1
5015 32252 1 1
15250 9702 1 1
5662 9536 1 1
2414 9971 1 1
10250 10633 1 1
93657 8901 1 1
12565 5848 1 1
17258 1865 1 1
8186 22159 1 1
41599 30730 1 1
3433 7994 1 1
6702 3587 1 1
56045 14178 1 1
6595 7113 1 1
27503 5742 1 1
7721 11622 1 1
56326 6915 1 1
30730 9810 1 1
5701 16140 1 1
95407 8676 1 1
9743 12565 1 1
69783 7857 1 1
14216 12460 1 1
12864 20342 1 1
20847 10351 1 1
7313 12052 1 1
9012 6353 1 1
20847 50143 1 1
105956 9830 1 1
13989 4497 1 1
9896 20780 1 1
6966 8611 1 1
2834 5848 1 1
8323 36024 1 1
11415 5423 1 1
18918 3587 1 1
102272 8551 1 1
56045 14158 1 1
9312 11754 1 1
55396 13195 1 1
13222 4879 1 1
11941 48375 1 1
101221 14904 1 1
102466 7994 1 1
85619 29117 1 1
12052 2834 1 1
5036 7016 1 1
12258 6860 1 1
5507 50570 1 1
43942 17004 1 1
5423 12864 1 1
6915 85619 1 1
12258 6002 1 1
4747 12460 1 1
95073 5848 1 1
7491 12795 1 1
68408 2414 1 1
6645 57953 1 1
4747 12317 1 1
45429 19091 1 1
23348 8921 1 1
44757 43853 1 1
11715 7038 1 1
50421 15250 1 1
3515 1464 1 1
8115 95407 1 1
9312 5423 1 1
7113 36556 1 1
7444 6645 1 1
55573 9896 1 1
43942 4747 1 1
25837 3305 1 1
21094 8921 1 1
103282 25536 1 1
30730 3740 1 1
3650 7925 1 1
32800 11484 1 1
102272 20342 1 1
4879 10633 1 1
49892 105687 1 1
11754 3515 1 1
49892 7925 1 1
11686 2834 1 1
5423 5662 1 1
5507 102466 1 1
12096 6487 1 1
20614 97053 1 1
34088 11686 1 1
55396 3515 1 1
97845 17796 1 1
9012 43942 1 1
59376 20614 1 1
14842 14216 1 1
87387 7491 1 1
2208 34944 1 1
7113 4747 1 1
4497 14710 1 1
93657 14135 1 1
49892 21094 1 1
11546 105850 1 1
4497 45429 1 1
105336 55573 1 1
49892 8533 1 1
12960 9242 1 1
12565 104920 1 1
5640 65150 1 1
5617 11686 1 1
10059 9786 1 1
15064 5036 1 1
12864 9786 1 1
9830 20614 1 1
9724 3877 1 1
13522 96646 1 1
48375 104342 1 1
11754 12991 1 1
44229 5148 1 1
104481 17796 1 1
20614 12258 1 1
11228 8169 1 1
91694 3650 1 1
81878 19155 1 1
29117 11415 1 1
79625 6966 1 1
10841 12204 1 1
12052 7702 1 1
13472 25536 1 1
5036 13030 1 1
13522 2834 1 1
23276 12917 1 1
7038 11686 1 1
4879 47801 1 1
48375 11686 1 1
3358 25348 1 1
30730 6860 1 1
3515 85619 1 1
95588 6002 1 1
10878 10452 1 1
11415 10897 1 1
5720 7747 1 1
105538 27503 1 1
24149 50421 1 1
105039 17796 1 1
91546 3433 1 1
59376 7925 1 1
3305 65150 1 1
32173 30730 1 1
12258 9868 1 1
15250 96789 1 1
9242 91546 1 1
3759 49892 1 1
3275 105336 1 1
32301 4497 1 1
8186 11228 1 1
12116 102272 1 1
7906 6798 1 1
4497 16121 1 1
9971 7925 1 1
43853 7925 1 1
13156 13522 1 1
3410 11228 1 1
4553 3690 1 1
3587 22774 1 1
103346 6073 1 1
6002 43853 1 1
54643 12460 1 1
12116 5662 1 1
3690 5254 1 1
6002 93683 1 1
14135 41232 1 1
8901 6941 1 1
35645 5662 1 1
12052 98210 1 1
100400 6073 1 1
12795 12771 1 1
25536 106296 1 1
6860 44682 1 1
4497 16711 1 1
102707 16121 1 1
50252 43853 1 1
12565 1688 1 1
20780 101899 1 1
3275 9536 1 1
93657 3650 1 1
95891 20780 1 1
8098 45658 1 1
102272 7925 1 1
98945 29117 1 1
11546 25148 1 1
105850 13522 1 1
1688 23276 1 1
97155 11754 1 1
101006 12679 1 1
1865 11868 1 1
2414 6402 1 1
105850 11754 1 1
3390 7994 1 1
8115 25536 1 1
3275 9971 1 1
8592 8115 1 1
71438 13195 1 1
6645 47801 1 1
11686 7134 1 1
2414 6595 1 1
3139 25583 1 1
37290 7038 1 1
8323 6487 1 1
5977 7465 1 1
99640 13499 1 1
30730 6553 1 1
7491 101568 1 1
12539 98610 1 1
55573 99292 1 1
98071 20342 1 1
32800 7266 1 1
9424 45429 1 1
48375 38636 1 1
5254 5886 1 1
6619 25536 1 1
11546 11484 1 1
6002 10841 1 1
93657 13522 1 1
9830 6645 1 1
47004 55573 1 1
2768 47801 1 1
15376 6645 1 1
41599 20780 1 1
101899 30730 1 1
19394 12795 1 1
101899 3092 1 1
7544 50252 1 1
12565 103282 1 1
103639 25348 1 1
11754 10250 1 1
5507 20342 1 1
13522 20847 1 1
32800 20614 1 1
15932 24149 1 1
7295 7721 1 1
8863 9380 1 1
94026 7747 1 1
9971 11798 1 1
1267 7906 1 1
9380 16808 1 1
55396 10036 1 1
7491 100750 1 1
9242 4497 1 1
101056 5742 1 1
4747 97031 1 1
105731 6002 1 1
97011 11686 1 1
14842 73931 1 1
3650 8921 1 1
5848 55396 1 1
12565 12258 1 1
7544 38636 1 1
8901 11754 1 1
50570 11394 1 1
8098 10670 1 1
106388 48375 1 1
12539 18292 1 1
77406 1464 1 1
48375 7465 1 1
6383 12917 1 1
6002 44757 1 1
10549 43942 1 1
96569 20614 1 1
7266 97155 1 1
41369 6383 1 1
103841 5640 1 1
10479 6002 1 1
11715 20780 1 1
41398 2834 1 1
48375 2768 1 1
2834 41432 1 1
100439 12258 1 1
9868 3410 1 1
14842 5192 1 1
24149 6487 1 1
7038 32800 1 1
6798 7925 1 1
10479 14618 1 1
7465 6966 1 1
99320 3650 1 1
91546 1865 1 1
28288 20402 1 1
3515 22756 1 1
10897 27503 1 1
44757 1715 1 1
12864 105716 1 1
9576 20342 1 1
11686 106246 1 1
25148 48375 1 1
7444 8186 1 1
104086 6553 1 1
20431 4449 1 1
11962 11151 1 1
9702 7134 1 1
22774 2745 1 1
97011 49892 1 1
3650 104481 1 1
4747 102151 1 1
5792 102623 1 1
17796 103282 1 1
106498 11546 1 1
20614 67519 1 1
11622 5977 1 1
9702 12258 1 1
10452 6487 1 1
14842 20755 1 1
6941 9312 1 1
9380 49892 1 1
103792 5507 1 1
6463 11686 1 1
11546 6915 1 1
5036 43853 1 1
2834 1715 1 1
5507 15376 1 1
5977 59555 1 1
8901 104533 1 1
2834 11941 1 1
12406 8676 1 1
12152 81878 1 1
6383 7594 1 1
20780 103525 1 1
103639 3515 1 1
23348 56045 1 1
101899 59376 1 1
49892 14904 1 1
25201 50595 1 1
6619 6860 1 1
105731 25348 1 1
10841 106388 1 1
55573 10095 1 1
14904 7544 1 1
20847 10897 1 1
7544 81878 1 1
2745 5792 1 1
98894 55573 1 1
3690 14885 1 1
3275 5977 1 1
103282 32800 1 1
6645 3611 1 1
13381 30730 1 1
105731 48375 1 1
15519 6966 1 1
103282 25431 1 1
17796 41432 1 1
23276 41061 1 1
2208 2834 1 1
7313 105850 1 1
3650 3690 1 1
103525 7925 1 1
15064 16711 1 1
11754 25583 1 1
59376 5640 1 1
55573 7383 1 1
59555 3650 1 1
2414 7347 1 1
9702 8533 1 1
44757 68281 1 1
10549 102272 1 1
5036 103525 1 1
4908 10915 1 1
13989 11546 1 1
13522 3390 1 1
14766 10250 1 1
7544 3611 1 1
99444 16928 1 1
106365 4964 1 1
5640 68102 1 1
24763 12960 1 1
12679 28288 1 1
19394 9786 1 1
7038 104086 1 1
98224 3587 1 1
9653 5742 1 1
10897 5192 1 1
10122 6073 1 1
12991 17004 1 1
55573 105649 1 1
6798 20133 1 1
19437 48375 1 1
9830 96158 1 1
5214 5848 1 1
3139 3305 1 1
20342 43942 1 1
96613 6941 1 1
5662 6116 1 1
11415 9830 1 1
11754 12815 1 1
9971 9896 1 1
6860 10351 1 1
8533 6645 1 1
19155 23348 1 1
32119 25536 1 1
5507 23129 1 1
10549 6487 1 1
81878 98945 1 1
5701 10351 1 1
25837 7721 1 1
8921 12991 1 1
11798 14805 1 1
20614 17004 1 1
3305 7383 1 1
11228 3611 1 1
7544 17004 1 1
20614 12348 1 1
2414 8901 1 1
2745 12960 1 1
5148 8825 1 1
25536 97120 1 1
11306 13499 1 1
14710 10897 1 1
8115 25148 1 1
8115 57096 1 1
12704 14766 1 1
7491 25201 1 1
13240 23276 1 1
18292 11394 1 1
6595 5507 1 1
95073 14235 1 1
98210 7721 1 1
95891 5015 1 1
34944 9674 1 1
14842 7465 1 1
7113 10841 1 1
33336 11546 1 1
7925 73931 1 1
3390 20780 1 1
105716 10549 1 1
11686 13306 1 1
3611 20614 1 1
3305 41315 1 1
50570 7994 1 1
27503 9312 1 1
99517 7925 1 1
7491 11715 1 1
12116 7491 1 1
10841 105496 1 1
13522 6860 1 1
97920 3305 1 1
6002 8950 1 1
103448 7266 1 1
104481 16928 1 1
10549 12565 1 1
76035 2414 1 1
24783 3877 1 1
5720 8098 1 1
17796 14618 1 1
10915 7113 1 1
23211 4553 1 1
5742 5977 1 1
10822 8186 1 1
59376 14216 1 1
2768 20780 1 1
4497 11622 1 1
55573 20755 1 1
11902 11546 1 1
6915 16874 1 1
25536 38636 1 1
4747 96551 1 1
12539 17796 1 1
13240 7925 1 1
20342 3217 1 1
20614 98894 1 1
21094 102707 1 1
6487 10479 1 1
55573 12795 1 1
16140 24783 1 1
25837 7925 1 1
16121 11484 1 1
68281 11394 1 1
5848 8186 1 1
13195 34944 1 1
3092 41599 1 1
14904 2989 1 1
5214 9380 1 1
71654 102151 1 1
14824 9810 1 1
99444 7038 1 1
14216 9868 1 1
6002 7747 1 1
7721 57096 1 1
97845 12116 1 1
20614 6915 1 1
14158 103448 1 1
104375 6073 1 1
12795 19155 1 1
12116 11415 1 1
91694 6002 1 1
73931 13499 1 1
73931 5254 1 1
10915 57096 1 1
3275 14692 1 1
99562 6645 1 1
6915 10479 1 1
43942 6915 1 1
101979 5977 1 1
41232 2414 1 1
68160 23276 1 1
2414 5886 1 1
3275 14766 1 1
7383 9380 1 1
11798 11868 1 1
9743 9830 1 1
87387 16874 1 1
20847 85619 1 1
5848 13499 1 1
8981 41315 1 1
11394 10804 1 1
56326 12565 1 1
25536 1688 1 1
8921 10250 1 1
11546 103200 1 1
10508 48375 1 1
5254 14842 1 1
6595 71654 1 1
2708 86585 1 1
7544 23348 1 1
10250 6860 1 1
101221 9012 1 1
9971 100643 1 1
100510 14842 1 1
105850 25431 1 1
23276 13156 1 1
14710 6860 1 1
2208 14135 1 1
57096 9810 1 1
55573 16711 1 1
59376 49892 1 1
5036 2708 1 1
2768 101342 1 1
97920 11686 1 1
11715 41111 1 1
7313 12565 1 1
13195 32173 1 1
11546 10122 1 1
11546 8676 1 1
4497 34944 1 1
25536 16121 1 1
105102 105850 1 1
9830 9868 1 1
5742 105687 1 1
93579 1865 1 1
5640 7491 1 1
103525 6645 1 1
11484 7925 1 1
105102 103614 1 1
14216 7994 1 1
19394 5423 1 1
54154 16743 1 1
5507 85619 1 1
25431 6966 1 1
9702 75552 1 1
3275 8901 1 1
12052 59376 1 1
104937 2414 1 1
105649 6487 1 1
23348 7383 1 1
16121 17209 1 1
24149 13195 1 1
81878 10508 1 1
3587 14710 1 1
20780 2208 1 1
55573 25837 1 1
47801 6487 1 1
14766 25348 1 1
25536 16985 1 1
48375 41204 1 1
93657 7266 1 1
56109 3690 1 1
5848 9743 1 1
16140 5792 1 1
8981 25148 1 1
41128 33103 1 1
1464 103214 1 1
77343 10878 1 1
11546 102272 1 1
12960 9971 1 1
59376 16620 1 1
50595 3690 1 1
5977 7994 1 1
6915 12052 1 1
98006 11754 1 1
50421 44757 1 1
5886 14158 1 1
8098 41315 1 1
105336 22774 1 1
7313 16743 1 1
10095 28288 1 1
91562 8115 1 1
5254 19155 1 1
9012 97845 1 1
26370 6487 1 1
11228 99395 1 1
11415 11546 1 1
94117 25148 1 1
5977 6860 1 1
12991 5977 1 1
25431 87387 1 1
17796 73931 1 1
10633 11798 1 1
41599 13522 1 1
20614 9914 1 1
41061 5148 1 1
100848 12565 1 1
10897 6304 1 1
11228 25837 1 1
44757 6619 1 1
7113 6553 1 1
23276 20780 1 1
14657 8392 1 1
25536 8436 1 1
50252 55573 1 1
7465 2768 1 1
30730 6487 1 1
41332 81878 1 1
4531 8846 1 1
25536 5640 1 1
11754 16140 1 1
8981 92243 1 1
11715 101979 1 1
9936 12539 1 1
11715 103346 1 1
8901 8950 1 1
6645 87422 1 1
81878 100439 1 1
20755 11715 1 1
41315 7747 1 1
3092 99855 1 1
37868 7134 1 1
14178 3650 1 1
29117 44682 1 1
23348 9786 1 1
14904 15015 1 1
11686 8186 1 1
12679 97736 1 1
3650 98006 1 1
30730 14710 1 1
41369 29117 1 1
96789 5036 1 1
12152 48375 1 1
9702 87472 1 1
97155 6383 1 1
106212 9702 1 1
4497 3275 1 1
3139 99855 1 1
38636 3611 1 1
13499 103282 1 1
3139 2745 1 1
7465 10897 1 1
7038 97168 1 1
12052 25431 1 1
8186 13499 1 1
32800 19394 1 1
12460 7821 1 1
8551 10897 1 1
9724 3650 1 1
68102 7925 1 1
5792 11546 1 1
41301 6915 1 1
15552 9868 1 1
7721 6860 1 1
98945 11754 1 1
7491 7081 1 1
16140 12679 1 1
104937 6941 1 1
23348 13195 1 1
56109 8098 1 1
3390 6383 1 1
23211 6798 1 1
14158 73931 1 1
29117 8825 1 1
22159 11754 1 1
6941 106431 1 1
99640 25348 1 1
16121 9060 1 1
12565 98610 1 1
1464 7491 1 1
10670 57096 1 1
1572 7747 1 1
68661 16928 1 1
7383 6073 1 1
32252 8098 1 1
91562 49892 1 1
8825 6966 1 1
1464 100804 1 1
57096 55573 1 1
7444 6619 1 1
99292 9380 1 1
7491 50421 1 1
7038 9971 1 1
6941 8115 1 1
29117 99444 1 1
12460 1464 1 1
6487 44757 1 1
23276 14805 1 1
1267 13499 1 1
9424 11228 1 1
16620 32173 1 1
17796 87387 1 1
37868 41369 1 1
45429 28288 1 1
7857 6992 1 1
25536 10710 1 1
23211 16928 1 1
10841 22756 1 1
11686 6576 1 1
25348 37868 1 1
5036 38636 1 1
12460 17796 1 1
102707 8186 1 1
99121 12052 1 1
8981 99292 1 1
24149 22756 1 1
24783 10351 1 1
5640 68281 1 1
6206 5886 1 1
17796 55426 1 1
7925 8186 1 1
36024 11686 1 1
10059 13337 1 1
14692 3587 1 1
3275 93657 1 1
32173 9868 1 1
103487 30730 1 1
9896 8901 1 1
103639 4879 1 1
11941 100790 1 1
25536 55426 1 1
6966 73931 1 1
12679 8754 1 1
41369 7134 1 1
105102 96613 1 1
41432 3305 1 1
11546 7594 1 1
6645 7313 1 1
12368 29117 1 1
14842 6073 1 1
7038 7821 1 1
3877 4497 1 1
1647 59376 1 1
81878 6966 1 1
12258 49892 1 1
56109 17004 1 1
24149 44682 1 1
5192 5662 1 1
8901 7925 1 1
11622 23276 1 1
8186 96789 1 1
22774 6383 1 1
11415 25201 1 1
27503 11306 1 1
15650 25536 1 1
15250 10411 1 1
5192 11868 1 1
8825 7994 1 1
1267 105573 1 1
15552 12460 1 1
95073 11754 1 1
14216 6073 1 1
5423 11484 1 1
3877 7994 1 1
1267 8863 1 1
91694 9810 1 1
6966 9125 1 1
11546 103722 1 1
9380 8186 1 1
43942 6645 1 1
3587 56326 1 1
6860 8216 1 1
27503 101757 1 1
6966 98894 1 1
98945 5254 1 1
6860 96848 1 1
8699 6002 1 1
17796 18051 1 1
37868 104481 1 1
57096 6553 1 1
5015 36440 1 1
25201 44682 1 1
7925 3390 1 1
8064 6383 1 1
105877 12771 1 1
10411 100750 1 1
11715 10122 1 1
34088 71813 1 1
10841 102623 1 1
57096 9268 1 1
2768 32173 1 1
5662 23211 1 1
101963 7491 1 1
11546 26815 1 1
8323 34088 1 1
13499 2708 1 1
12052 41232 1 1
8901 100790 1 1
11962 17796 1 1
16140 13522 1 1
13567 13522 1 1
10250 7016 1 1
8901 6860 1 1
5886 7594 1 1
11686 41332 1 1
5886 102466 1 1
3139 9380 1 1
7038 3305 1 1
5036 97011 1 1
12348 6002 1 1
10452 3433 1 1
4964 33148 1 1
25583 20780 1 1
10122 7544 1 1
56326 9293 1 1
76035 20342 1 1
15064 23398 1 1
3807 5507 1 1
104375 12679 1 1
14824 3358 1 1
48375 13472 1 1
14216 96613 1 1
6915 103792 1 1
12442 5640 1 1
93657 59376 1 1
8825 3650 1 1
33103 5977 1 1
68160 3587 1 1
14216 25148 1 1
103282 21094 1 1
12864 59376 1 1
102151 1464 1 1
3611 10059 1 1
94592 48375 1 1
9936 7266 1 1
97155 4497 1 1
12864 25536 1 1
41369 20780 1 1
81878 12795 1 1
12052 99517 1 1
3515 11546 1 1
6966 24149 1 1
10095 99444 1 1
105039 20342 1 1
11686 6645 1 1
105687 12565 1 1
45840 3275 1 1
104533 3433 1 1
103639 7544 1 1
103282 13522 1 1
56566 3877 1 1
5015 4497 1 1
41095 1464 1 1
5324 5662 1 1
6096 10915 1 1
14618 32800 1 1
10122 12565 1 1
25148 45753 1 1
4201 7857 1 1
13195 45429 1 1
12917 105496 1 1
4879 14805 1 1
81878 103448 1 1
7544 13989 1 1
9268 91694 1 1
6383 102707 1 1
28288 55573 1 1
41128 17796 1 1
7465 6073 1 1
11902 55573 1 1
25583 3877 1 1
71654 8921 1 1
3092 98006 1 1
2868 5742 1 1
10250 104533 1 1
79625 5640 1 1
44229 5507 1 1
8592 12424 1 1
99855 5977 1 1
32800 48375 1 1
87408 55573 1 1
50570 5792 1 1
12052 105039 1 1
5792 34944 1 1
6383 2708 1 1
25536 16620 1 1
3690 6383 1 1
5640 41332 1 1
17796 17209 1 1
48375 21094 1 1
101979 23348 1 1
81878 9702 1 1
11394 10897 1 1
10804 5036 1 1
4747 6941 1 1
34088 10508 1 1
59376 10095 1 1
3305 5848 1 1
96262 6966 1 1
102200 5742 1 1
44229 5423 1 1
7925 97845 1 1
3305 7113 1 1
2414 93657 1 1
11546 8292 1 1
6487 105623 1 1
9971 104481 1 1
10633 13522 1 1
2369 8186 1 1
7721 9424 1 1
11686 19155 1 1
25348 5214 1 1
7113 9653 1 1
91694 12704 1 1
3139 7994 1 1
41509 20431 1 1
4531 6383 1 1
95219 20614 1 1
41398 3275 1 1
11415 8551 1 1
11754 3390 1 1
14824 7925 1 1
9743 7491 1 1
14904 23129 1 1
102733 5507 1 1
4531 7906 1 1
23348 14235 1 1
3305 41128 1 1
15064 19394 1 1
55396 27503 1 1
20402 19437 1 1
41111 8098 1 1
23348 3433 1 1
98610 12460 1 1
11754 3275 1 1
14904 41301 1 1
11484 9012 1 1
12565 44757 1 1
25348 99121 1 1
24149 97031 1 1
20780 45840 1 1
2708 6002 1 1
15015 15064 1 1
12052 105716 1 1
9896 14135 1 1
41128 12258 1 1
99444 11754 1 1
50421 25536 1 1
29117 103448 1 1
13989 103525 1 1
20614 104052 1 1
14904 17209 1 1
3139 100790 1 1
101221 27503 1 1
5192 11546 1 1
103525 23276 1 1
32119 32800 1 1
12704 25536 1 1
12116 10479 1 1
23276 10351 1 1
3611 16711 1 1
11546 8186 1 1
94592 9702 1 1
105102 6595 1 1
15064 6966 1 1
7038 10878 1 1
19155 14904 1 1
8098 11415 1 1
1267 9830 1 1
26815 92032 1 1
57239 12460 1 1
30730 3139 1 1
15650 12679 1 1
3650 8981 1 1
104342 6487 1 1
103448 5254 1 1
13195 32800 1 1
5036 23348 1 1
96646 12704 1 1
11322 26815 1 1
2708 32173 1 1
5886 11546 1 1
67519 9702 1 1
71654 6002 1 1
41128 7994 1 1
3587 25583 1 1
24149 11415 1 1
96262 59376 1 1
9896 24783 1 1
25148 44757 1 1
41232 3092 1 1
11546 7081 1 1
8921 45753 1 1
41175 10915 1 1
16620 3690 1 1
91694 5036 1 1
105877 15064 1 1
41128 79625 1 1
33148 8699 1 1
48375 71438 1 1
6966 12565 1 1
13195 12565 1 1
10122 41128 1 1
12258 7038 1 1
12679 9868 1 1
10878 12679 1 1
25201 16874 1 1
5036 50421 1 1
23348 95891 1 1
49892 101171 1 1
10633 3690 1 1
7038 69206 1 1
3690 8323 1 1
7295 9576 1 1
12258 7544 1 1
4747 5214 1 1
6860 12864 1 1
12565 99395 1 1
61217 11686 1 1
19437 8292 1 1
11546 27503 1 1
5640 6966 1 1
6383 2208 1 1
49892 12442 1 1
22756 48375 1 1
4423 2208 1 1
6383 9810 1 1
2414 13567 1 1
48375 32119 1 1
11546 6353 1 1
68939 3587 1 1
13522 44229 1 1
14158 7747 1 1
6966 101568 1 1
1464 9830 1 1
55573 2708 1 1
12565 16711 1 1
23348 91546 1 1
103027 2414 1 1
10897 9830 1 1
12052 38442 1 1
55573 9380 1 1
9576 41432 1 1
6383 8981 1 1
4497 103525 1 1
13195 6002 1 1
8901 41128 1 1
6402 7925 1 1
34944 20614 1 1
2834 6860 1 1
14805 3587 1 1
22756 6487 1 1
95891 25348 1 1
6383 105716 1 1
23276 57096 1 1
11686 20847 1 1
2868 1572 1 1
93657 12539 1 1
3092 40571 1 1
12152 36024 1 1
45237 7313 1 1
11686 87472 1 1
20780 41061 1 1
13195 50421 1 1
10933 37868 1 1
103614 11546 1 1
5148 7906 1 1
57096 2208 1 1
20755 9971 1 1
6860 48375 1 1
25348 12317 1 1
5381 11686 1 1
7383 8981 1 1
10059 19155 1 1
85619 12258 1 1
25348 3650 1 1
14805 3877 1 1
99395 48375 1 1
9868 25536 1 1
9012 7544 1 1
9810 8981 1 1
11715 10250 1 1
16121 97845 1 1
14904 53837 1 1
4879 11868 1 1
71438 5036 1 1
41369 13989 1 1
6206 7747 1 1
44757 16874 1 1
13195 16711 1 1
14158 4497 1 1
2768 16620 1 1
11686 77343 1 1
9971 6383 1 1
13195 11228 1 1
10351 20780 1 1
14158 3139 1 1
2414 102466 1 1
9830 95073 1 1
2414 5254 1 1
29117 101899 1 1
13522 104481 1 1
5254 41599 1 1
2208 2745 1 1
13499 4553 1 1
14842 65150 1 1
20755 3690 1 1
8863 14842 1 1
96789 6487 1 1
1688 11546 1 1
1464 8720 1 1
22774 13499 1 1
54643 49892 1 1
97920 50252 1 1
6966 5848 1 1
20780 55573 1 1
10804 16743 1 1
44229 4747 1 1
30730 9896 1 1
32119 49892 1 1
37868 7266 1 1
4497 32800 1 1
5036 20780 1 1
13522 68102 1 1
9762 5701 1 1
39688 14216 1 1
8186 36440 1 1
9268 7016 1 1
1688 55573 1 1
17796 103639 1 1
8921 24783 1 1
7016 11715 1 1
9724 14842 1 1
1464 17436 1 1
48375 105102 1 1
12565 11415 1 1
5507 37290 1 1
11798 10250 1 1
5214 14726 1 1
12704 44757 1 1
12052 4879 1 1
36440 49892 1 1
5792 7994 1 1
13195 2768 1 1
59376 7038 1 1
6645 40914 1 1
32119 10479 1 1
6487 36024 1 1
10250 5886 1 1
68281 16874 1 1
59376 6487 1 1
105039 11715 1 1
12679 27503 1 1
9380 34944 1 1
7925 98945 1 1
6487 106350 1 1
57096 17004 1 1
5640 3650 1 1
10710 14904 1 1
8186 3515 1 1
41232 8901 1 1
3515 12960 1 1
12679 45429 1 1
44682 8950 1 1
10452 9380 1 1
11941 14805 1 1
97663 6002 1 1
22756 50252 1 1
15650 10549 1 1
14158 65150 1 1
23398 12771 1 1
2414 47801 1 1
11941 33103 1 1
6619 9830 1 1
102623 7491 1 1
12317 12771 1 1
10897 96627 1 1
15650 20402 1 1
57096 10452 1 1
50143 9380 1 1
20614 41095 1 1
41315 55573 1 1
55396 48375 1 1
4822 6383 1 1
45840 8169 1 1
3515 10479 1 1
12704 8950 1 1
103639 81878 1 1
3740 6383 1 1
9868 41332 1 1
23276 93657 1 1
11622 20780 1 1
27503 41204 1 1
13522 2708 1 1
12116 85619 1 1
102398 1267 1 1
9380 9896 1 1
6487 97011 1 1
30730 18918 1 1
47801 8392 1 1
6645 6353 1 1
2208 95073 1 1
15376 20342 1 1
10841 3390 1 1
5742 71438 1 1
4747 98945 1 1
7491 12424 1 1
3515 6487 1 1
96158 71654 1 1
10479 26815 1 1
105102 8115 1 1
8901 5640 1 1
32173 8186 1 1
55573 105731 1 1
10633 13499 1 1
92243 12960 1 1
40571 23211 1 1
15064 10351 1 1
25348 41332 1 1
8186 98610 1 1
14904 5507 1 1
92046 12704 1 1
3877 23348 1 1
20780 7721 1 1
5254 7747 1 1
3275 2768 1 1
6487 8846 1 1
17796 45237 1 1
6645 103214 1 1
32800 95205 1 1
68281 8950 1 1
99320 14158 1 1
48375 103722 1 1
26815 8533 1 1
7906 3092 1 1
23129 57389 1 1
6860 20431 1 1
14235 7347 1 1
2414 14842 1 1
11686 8115 1 1
105336 10915 1 1
48375 43853 1 1
98945 5148 1 1
45237 32800 1 1
3515 44682 1 1
7544 8169 1 1
56326 5036 1 1
7038 10351 1 1
54643 5036 1 1
96613 5214 1 1
9830 48375 1 1
2834 14135 1 1
43853 12864 1 1
12052 100945 1 1
10897 12565 1 1
11415 12795 1 1
7821 4497 1 1
24149 13337 1 1
27503 9868 1 1
98006 3305 1 1
9242 104533 1 1
32800 10710 1 1
65150 7925 1 1
28510 8216 1 1
20614 47801 1 1
103214 4747 1 1
105039 2414 1 1
11715 16140 1 1
92243 45840 1 1
5720 9953 1 1
47004 11686 1 1
99320 10250 1 1
25348 7594 1 1
6487 67519 1 1
13195 97168 1 1
102733 8676 1 1
6702 7925 1 1
25348 100243 1 1
106388 14135 1 1
36440 8216 1 1
25536 85619 1 1
103525 6383 1 1
3515 5015 1 1
20614 94117 1 1
97031 25536 1 1
8186 13030 1 1
23276 7994 1 1
12795 11754 1 1
9830 9786 1 1
25536 103792 1 1
5036 26370 1 1
9536 9868 1 1
11941 9896 1 1
20847 7747 1 1
12679 5792 1 1
37868 8981 1 1
25431 6353 1 1
1464 103282 1 1
12679 14885 1 1
7295 8676 1 1
11754 9896 1 1
97845 16874 1 1
7134 8825 1 1
102272 5507 1 1
20755 11754 1 1
4822 3690 1 1
11715 45658 1 1
37290 57389 1 1
92243 7994 1 1
50252 6966 1 1
7925 23348 1 1
12864 22756 1 1
45429 16620 1 1
93535 3690 1 1
5254 23348 1 1
10529 49892 1 1
3092 50143 1 1
36440 100439 1 1
14842 11622 1 1
11798 104342 1 1
99121 5640 1 1
105102 105956 1 1
57389 101250 1 1
7038 6487 1 1
71813 25536 1 1
103448 5036 1 1
96569 34088 1 1
12565 105850 1 1
8551 5662 1 1
7925 41061 1 1
41232 7134 1 1
93657 7747 1 1
4497 101319 1 1
10351 14135 1 1
6941 103027 1 1
13195 36024 1 1
103012 5036 1 1
5848 6619 1 1
99216 24149 1 1
25148 8436 1 1
38636 13195 1 1
98567 14904 1 1
7038 59555 1 1
11228 32173 1 1
6860 50570 1 1
7721 100945 1 1
10452 25536 1 1
104481 2834 1 1
40914 16743 1 1
3390 23348 1 1
14842 41128 1 1
20780 99320 1 1
6487 101221 1 1
9312 6915 1 1
9242 20755 1 1
23348 19394 1 1
20780 14178 1 1
37868 7994 1 1
37868 14710 1 1
13499 9380 1 1
12771 32800 1 1
9702 33148 1 1
25431 41301 1 1
23348 12565 1 1
36024 6860 1 1
15015 57389 1 1
14904 97845 1 1
105716 5507 1 1
68281 10841 1 1
8901 8846 1 1
65150 10095 1 1
97663 5640 1 1
9830 101221 1 1
34088 102272 1 1
36440 6860 1 1
7038 6798 1 1
22756 11546 1 1
10479 96627 1 1
4747 105102 1 1
8098 12991 1 1
24149 37290 1 1
12258 16928 1 1
54643 59376 1 1
9868 12348 1 1
8186 106388 1 1
5036 24149 1 1
8921 41111 1 1
34088 44757 1 1
45429 7295 1 1
10250 11546 1 1
13499 7134 1 1
55573 12679 1 1
18309 5662 1 1
3275 14842 1 1
3690 10897 1 1
71654 12704 1 1
96848 23348 1 1
101899 17796 1 1
20614 15064 1 1
96158 11546 1 1
17796 95205 1 1
34944 7113 1 1
9724 3305 1 1
55573 6487 1 1
3740 5254 1 1
41128 12317 1 1
6576 9060 1 1
23129 3515 1 1
9786 8216 1 1
102623 23276 1 1
14842 41232 1 1
95073 7491 1 1
11887 15519 1 1
34088 12565 1 1
8098 7383 1 1
3650 11868 1 1
20614 54643 1 1
17796 53837 1 1
20431 1688 1 1
5036 8533 1 1
9702 105649 1 1
3433 13435 1 1
7038 15932 1 1
3390 5640 1 1
8901 20780 1 1
10549 11306 1 1
57096 9380 1 1
12565 96262 1 1
6437 49892 1 1
7383 14842 1 1
14158 9953 1 1
13522 25583 1 1
10452 91694 1 1
10878 4553 1 1
20402 22774 1 1
59555 3092 1 1
8901 41157 1 1
10549 12052 1 1
12116 103282 1 1
3587 5015 1 1
10479 9312 1 1
6002 10059 1 1
41095 11686 1 1
106246 2414 1 1
101056 12460 1 1
24783 7383 1 1
10670 5015 1 1
12679 5254 1 1
97845 8186 1 1
56326 8186 1 1
99121 11715 1 1
14692 37868 1 1
10692 12460 1 1
48375 19091 1 1
12317 16121 1 1
106246 11546 1 1
12258 11546 1 1
7038 8901 1 1
25536 20653 1 1
15650 44757 1 1
20065 25348 1 1
12771 17258 1 1
3650 92243 1 1
91562 7491 1 1
30730 9953 1 1
36440 50421 1 1
10897 9936 1 1
96700 25536 1 1
8186 10036 1 1
24149 53837 1 1
45753 12460 1 1
13499 68160 1 1
10731 57096 1 1
16140 8921 1 1
9125 11686 1 1
14216 6402 1 1
12679 32173 1 1
9830 25148 1 1
9702 54643 1 1
100400 6645 1 1
14824 11546 1 1
7134 17796 1 1
9702 96262 1 1
8653 7491 1 1
5214 39688 1 1
5792 2768 1 1
104937 36440 1 1
5977 71654 1 1
8846 2672 1 1
9868 45429 1 1
91735 3515 1 1
29117 3560 1 1
55426 9868 1 1
50570 6915 1 1
6619 15250 1 1
6915 12460 1 1
6383 13156 1 1
34088 17004 1 1
5886 33103 1 1
29117 20614 1 1
20614 10822 1 1
100439 6645 1 1
3275 98945 1 1
3650 103448 1 1
14135 12679 1 1
81878 12565 1 1
91694 9424 1 1
13522 49892 1 1
15552 11306 1 1
57096 3275 1 1
10841 13522 1 1
28288 11546 1 1
25837 5886 1 1
11686 33148 1 1
77406 45753 1 1
8676 5324 1 1
13499 18918 1 1
20847 8901 1 1
11686 21094 1 1
10897 29117 1 1
38636 11546 1 1
32800 102707 1 1
97155 12539 1 1
11172 9536 1 1
69206 25348 1 1
68102 8098 1 1
9702 2768 1 1
9724 14158 1 1
10250 45753 1 1
97920 25536 1 1
47801 25348 1 1
13499 101899 1 1
14235 41128 1 1
76035 9702 1 1
8699 5036 1 1
7113 98567 1 1
44229 9576 1 1
25536 98021 1 1
8115 8551 1 1
3650 9380 1 1
12565 106498 1 1
12960 14766 1 1
99320 30730 1 1
2834 92243 1 1
59376 69206 1 1
9896 5640 1 1
6487 50143 1 1
10841 85619 1 1
101979 14178 1 1
19091 36024 1 1
25348 104481 1 1
3410 7113 1 1
85619 14842 1 1
91694 10036 1 1
57096 8950 1 1
11394 8551 1 1
97155 3275 1 1
7465 101221 1 1
6487 103614 1 1
96646 11546 1 1
6860 10059 1 1
5214 25837 1 1
3092 5015 1 1
106388 12917 1 1
68281 10549 1 1
11306 17796 1 1
13522 9953 1 1
11228 8950 1 1
38442 25348 1 1
10822 12565 1 1
5423 45237 1 1
13195 15250 1 1
20847 20431 1 1
23211 98224 1 1
8186 5036 1 1
100790 3092 1 1
14135 104375 1 1
7544 44757 1 1
103792 15156 1 1
103614 10897 1 1
81878 8216 1 1
12565 12795 1 1
9012 34088 1 1
9702 103346 1 1
9971 8863 1 1
8098 74021 1 1
10897 10549 1 1
10897 8533 1 1
16620 106388 1 1
10841 59376 1 1
28288 6487 1 1
10731 105496 1 1
37868 93657 1 1
10250 95891 1 1
12460 8653 1 1
10351 2768 1 1
5640 105039 1 1
40914 26815 1 1
7038 20133 1 1
20780 12052 1 1
104533 3139 1 1
6487 5036 1 1
34088 1647 1 1
3092 57096 1 1
9786 43853 1 1
10897 11887 1 1
2208 7721 1 1
34944 8323 1 1
17796 15650 1 1
13030 59376 1 1
30730 16290 1 1
59376 62152 1 1
3305 99320 1 1
11546 7347 1 1
55573 12864 1 1
6645 6941 1 1
96848 3275 1 1
7266 98945 1 1
2834 4497 1 1
101994 57389 1 1
49892 19437 1 1
2768 101221 1 1
4879 7016 1 1
38636 49892 1 1
2414 9953 1 1
25348 20088 1 1
14216 9971 1 1
5742 56566 1 1
14842 3690 1 1
4497 23348 1 1
2834 11868 1 1
14766 5977 1 1
17796 101757 1 1
99320 29117 1 1
14216 98945 1 1
87472 11546 1 1
95073 24149 1 1
7038 14601 1 1
3560 24149 1 1
11686 97663 1 1
23348 10351 1 1
7313 11394 1 1
3515 21094 1 1
9702 13472 1 1
15064 6860 1 1
5036 105649 1 1
32800 59376 1 1
8551 103792 1 1
91694 3877 1 1
96848 3433 1 1
97845 2414 1 1
10250 25583 1 1
4582 25348 1 1
17796 16743 1 1
100945 23211 1 1
8901 3390 1 1
1464 100439 1 1
9012 9702 1 1
25536 8392 1 1
8981 14216 1 1
6383 44229 1 1
10710 7038 1 1
101319 16928 1 1
15064 12368 1 1
101342 11754 1 1
59376 8216 1 1
7925 97155 1 1
7038 24763 1 1
6860 8797 1 1
19155 4497 1 1
96627 8115 1 1
34944 19394 1 1
97736 55573 1 1
45658 2768 1 1
100848 5036 1 1
29117 41301 1 1
34944 3275 1 1
55573 6073 1 1
9724 12960 1 1
11686 3611 1 1
18292 7821 1 1
103282 15552 1 1
25348 5792 1 1
39688 8098 1 1
8921 56109 1 1
25536 6487 1 1
97845 10897 1 1
75552 11546 1 1
10059 106388 1 1
101006 3690 1 1
56109 14842 1 1
9380 4553 1 1
8901 6073 1 1
7038 41369 1 1
6437 20614 1 1
14216 99444 1 1
13499 25837 1 1
96646 23211 1 1
13522 56326 1 1
96613 9830 1 1
34088 55573 1 1
19437 55396 1 1
25536 8064 1 1
56566 8901 1 1
50252 16711 1 1
22756 32252 1 1
14692 3139 1 1
13195 102151 1 1
102623 50252 1 1
33148 55573 1 1
5701 5977 1 1
3092 8863 1 1
97901 13195 1 1
11686 8950 1 1
9830 12960 1 1
23348 9242 1 1
4497 91546 1 1
6915 44682 1 1
9830 98021 1 1
6798 45840 1 1
77406 11887 1 1
6002 101221 1 1
97663 41128 1 1
55573 11622 1 1
7491 9786 1 1
50421 12795 1 1
13567 11715 1 1
97053 10508 1 1
6941 12795 1 1
102466 11715 1 1
9971 37868 1 1
12960 10250 1 1
5792 5214 1 1
91747 6073 1 1
34088 9702 1 1
11546 106365 1 1
9724 3139 1 1
50570 12116 1 1
100037 11546 1 1
3092 93657 1 1
6966 16928 1 1
9971 12991 1 1
20614 10841 1 1
3275 99444 1 1
50421 36024 1 1
7962 12539 1 1
29596 20065 1 1
41599 7747 1 1
5507 3217 1 1
12565 97845 1 1
9702 32301 1 1
12565 6073 1 1
91562 11686 1 1
7038 100643 1 1
55573 98584 1 1
44757 6966 1 1
25536 7594 1 1
97155 4879 1 1
15064 14618 1 1
3275 3305 1 1
3515 11306 1 1
7038 23129 1 1
2768 95891 1 1
5977 23348 1 1
98021 50252 1 1
14904 39026 1 1
10036 7544 1 1
8551 10915 1 1
105102 6487 1 1
14710 7038 1 1
6941 6353 1 1
87472 25536 1 1
10479 50570 1 1
96262 37868 1 1
2414 9830 1 1
21094 2414 1 1
91591 6002 1 1
104533 11754 1 1
8863 11715 1 1
11686 10122 1 1
10897 91562 1 1
41232 23276 1 1
71813 8186 1 1
11754 41111 1 1
25201 85619 1 1
34088 56326 1 1
9702 101342 1 1
14158 7347 1 1
105102 9830 1 1
12406 49892 1 1
11686 12406 1 1
25536 50570 1 1
36024 19437 1 1
57096 7113 1 1
106388 10036 1 1
23276 14842 1 1
41111 45840 1 1
7113 5792 1 1
55573 6860 1 1
103346 59376 1 1
41332 41128 1 1
11735 5640 1 1
10479 5423 1 1
96627 6966 1 1
6860 6383 1 1
8901 6228 1 1
104342 11546 1 1
100439 12539 1 1
105716 34088 1 1
12565 49892 1 1
9702 96789 1 1
9786 49892 1 1
57389 23398 1 1
32800 24763 1 1
7465 55396 1 1
9012 102707 1 1
87387 24149 1 1
11546 16743 1 1
14904 12565 1 1
91735 12795 1 1
101899 4497 1 1
20342 56326 1 1
10230 4497 1 1
59376 8533 1 1
43942 25536 1 1
6383 91546 1 1
7544 12348 1 1
6941 24149 1 1
2768 7544 1 1
10897 97619 1 1
50595 11394 1 1
10391 30730 1 1
44757 101221 1 1
10036 25148 1 1
11686 14618 1 1
100790 3650 1 1
22756 81878 1 1
12565 13989 1 1
13522 43942 1 1
19437 7491 1 1
4747 65150 1 1
13195 12795 1 1
50595 12565 1 1
10897 25201 1 1
19394 9830 1 1
6860 5254 1 1
8901 2834 1 1
14904 12679 1 1
14158 103525 1 1
34088 98021 1 1
105496 3650 1 1
11484 25431 1 1
24149 20614 1 1
23276 8115 1 1
12052 97168 1 1
32173 14135 1 1
8186 8323 1 1
45753 41128 1 1
104481 12539 1 1
21094 98567 1 1
104459 10508 1 1
10250 14158 1 1
12406 1464 1 1
59376 76035 1 1
12679 101568 1 1
17796 49892 1 1
4582 7038 1 1
68160 30730 1 1
20780 105496 1 1
57953 7747 1 1
8186 106365 1 1
6463 43683 1 1
41095 5036 1 1
101757 15064 1 1
71813 59376 1 1
14135 41128 1 1
6860 10452 1 1
8901 6134 1 1
5792 4879 1 1
96262 41128 1 1
99444 3092 1 1
9220 7038 1 1
96627 12317 1 1
9971 7016 1 1
5036 94117 1 1
85619 11887 1 1
5662 25431 1 1
5254 65150 1 1
14766 7383 1 1
6619 6002 1 1
81878 102623 1 1
101250 17796 1 1
55426 9702 1 1
49892 12096 1 1
44682 12258 1 1
13499 99593 1 1
104342 12565 1 1
9220 7544 1 1
2672 11546 1 1
10351 10841 1 1
5662 93765 1 1
24783 104533 1 1
7266 65150 1 1
97168 3690 1 1
25536 62152 1 1
2708 3611 1 1
7347 10250 1 1
24149 1715 1 1
10452 11686 1 1
11868 8797 1 1
25536 5036 1 1
11484 25148 1 1
34944 6966 1 1
14601 37868 1 1
14158 10351 1 1
11546 10897 1 1
4497 11228 1 1
41095 105102 1 1
41128 41111 1 1
7038 10036 1 1
5886 6156 1 1
95588 7491 1 1
5848 13522 1 1
5036 99395 1 1
4201 5848 1 1
7925 8825 1 1
102707 6915 1 1
20780 7906 1 1
56326 49892 1 1
5584 15064 1 1
3358 20088 1 1
7721 14805 1 1
5036 5254 1 1
11868 3275 1 1
62152 55573 1 1
106388 29117 1 1
11941 7994 1 1
11484 2414 1 1
6595 20342 1 1
102272 12864 1 1
1865 12052 1 1
37868 3611 1 1
7962 10479 1 1
15064 3433 1 1
106388 13361 1 1
95219 59376 1 1
8115 103487 1 1
3515 104035 1 1
14637 7038 1 1
48375 33148 1 1
20402 8292 1 1
87422 16743 1 1
11546 104052 1 1
59376 53837 1 1
18918 7925 1 1
91546 8921 1 1
10915 41157 1 1
13499 43853 1 1
12565 68281 1 1
49892 10508 1 1
2708 7594 1 1
23348 6383 1 1
6402 5720 1 1
8115 12864 1 1
103792 13522 1 1
15650 12539 1 1
14158 20755 1 1
25536 14618 1 1
3611 11546 1 1
12704 12864 1 1
97979 12052 1 1
10250 14235 1 1
6619 2369 1 1
96262 13989 1 1
7038 5640 1 1
2768 28288 1 1
5036 91591 1 1
9702 10841 1 1
2208 5254 1 1
10822 6966 1 1
25148 12565 1 1
4497 4879 1 1
10479 1715 1 1
99320 7994 1 1
13522 11868 1 1
8186 2768 1 1
20780 10670 1 1
56045 17004 1 1
10508 13195 1 1
5640 103141 1 1
32173 5148 1 1
8676 2414 1 1
23348 3275 1 1
87408 2414 1 1
7491 9293 1 1
3587 40571 1 1
14710 5977 1 1
5036 8676 1 1
10878 5254 1 1
6860 19394 1 1
44757 85619 1 1
14904 17796 1 1
92243 11754 1 1
8825 14842 1 1
32173 16711 1 1
8921 3305 1 1
4497 10670 1 1
6966 101342 1 1
27503 25536 1 1
7491 6304 1 1
10670 13435 1 1
7925 7347 1 1
4747 8115 1 1
12704 3515 1 1
8699 4497 1 1
99395 9971 1 1
6941 11484 1 1
25348 7747 1 1
59376 41061 1 1
12116 44229 1 1
15064 95891 1 1
24783 10670 1 1
19437 11686 1 1
45840 16140 1 1
11484 85619 1 1
20755 13499 1 1
105716 7266 1 1
48375 3611 1 1
6915 48375 1 1
4497 32252 1 1
10095 25148 1 1
12565 6437 1 1
44682 2708 1 1
48375 14216 1 1
12565 102707 1 1
11546 14842 1 1
100945 3275 1 1
101979 55573 1 1
25148 105102 1 1
20755 7747 1 1
12704 9380 1 1
11546 67519 1 1
106455 12771 1 1
8901 13499 1 1
55573 4423 1 1
95073 50252 1 1
6487 32301 1 1
71654 50570 1 1
36024 55396 1 1
103012 1267 1 1
9868 10122 1 1
12679 50252 1 1
65982 11686 1 1
8863 11686 1 1
6002 12565 1 1
2868 9971 1 1
43853 13030 1 1
101221 15064 1 1
41095 21094 1 1
2672 11686 1 1
3611 23348 1 1
5036 106365 1 1
41301 16874 1 1
11754 8797 1 1
57096 11686 1 1
96569 12258 1 1
12679 3515 1 1
97901 25148 1 1
71654 97031 1 1
96158 49892 1 1
13522 8797 1 1
14135 10841 1 1
17258 2414 1 1
12704 12795 1 1
41128 2414 1 1
5214 6860 1 1
91694 6383 1 1
9896 6073 1 1
25583 12960 1 1
5015 7721 1 1
7491 9012 1 1
4879 14637 1 1
12565 59376 1 1
11686 12565 1 1
19394 45429 1 1
2834 95891 1 1
44229 7491 1 1
2834 12960 1 1
3690 5701 1 1
48375 3515 1 1
9786 16711 1 1
2414 14135 1 1
12565 18051 1 1
7347 7721 1 1
6645 55013 1 1
104052 6487 1 1
5148 7594 1 1
5640 7906 1 1
10549 6353 1 1
5254 103282 1 1
6383 1267 1 1
13030 16711 1 1
87422 12704 1 1
3305 106388 1 1
95073 34944 1 1
50595 12795 1 1
48375 6002 1 1
9971 3650 1 1
105850 16743 1 1
10411 96700 1 1
37290 16121 1 1
3587 9424 1 1
4423 12917 1 1
101221 10036 1 1
12960 14842 1 1
56109 6073 1 1
10479 5036 1 1
1865 7081 1 1
11355 2768 1 1
13567 41128 1 1
71438 8098 1 1
94592 15156 1 1
9293 43942 1 1
101994 7038 1 1
7491 28288 1 1
8921 59555 1 1
11754 5507 1 1
9702 47801 1 1
2834 6487 1 1
6966 3515 1 1
12258 14726 1 1
100400 5507 1 1
5662 100439 1 1
55573 106498 1 1
9702 98653 1 1
15156 18051 1 1
6002 55396 1 1
12116 9936 1 1
12406 12795 1 1
11941 11622 1 1
12052 5720 1 1
6487 41398 1 1
10841 4553 1 1
18051 9830 1 1
23276 1267 1 1
25583 3305 1 1
25536 68281 1 1
99292 6073 1 1
12258 12460 1 1
5036 45753 1 1
9576 8115 1 1
12704 5792 1 1
6002 10878 1 1
14601 41128 1 1
9242 96848 1 1
7038 13381 1 1
9242 7038 1 1
4497 16690 1 1
29117 12424 1 1
105538 6645 1 1
7038 100400 1 1
2834 11715 1 1
45753 19437 1 1
44014 1865 1 1
12704 12539 1 1
12864 5015 1 1
3092 5254 1 1
24149 12442 1 1
102623 5254 1 1
6645 103614 1 1
9380 41111 1 1
2834 3690 1 1
1865 25583 1 1
2414 6073 1 1
41369 3305 1 1
7925 11546 1 1
19155 5848 1 1
99855 7038 1 1
10897 11484 1 1
13522 11546 1 1
54643 12539 1 1
23348 12704 1 1
35852 5036 1 1
12317 3515 1 1
15552 50570 1 1
6860 100534 1 1
101568 14904 1 1
36440 14235 1 1
11887 7491 1 1
14842 8846 1 1
5640 4497 1 1
16290 12917 1 1
11546 65982 1 1
5254 1688 1 1
21094 100804 1 1
8098 3275 1 1
11686 16620 1 1
41232 5036 1 1
3139 8921 1 1
25583 14216 1 1
6860 19155 1 1
33336 10897 1 1
56326 8551 1 1
17796 9936 1 1
7491 43942 1 1
1464 10479 1 1
105102 41432 1 1
25536 7134 1 1
105102 5036 1 1
99517 3092 1 1
56326 6576 1 1
5640 13989 1 1
23348 14178 1 1
9702 20653 1 1
13195 6383 1 1
48375 11228 1 1
28510 5036 1 1
6645 16874 1 1
81878 59376 1 1
5977 4497 1 1
97920 32173 1 1
101221 10095 1 1
10841 9896 1 1
12795 2414 1 1
5640 3092 1 1
25583 4497 1 1
2768 3092 1 1
14158 41315 1 1
11715 17796 1 1
15932 29117 1 1
8863 20614 1 1
7491 102272 1 1
7925 9380 1 1
14637 37868 1 1
32252 11546 1 1
5148 23276 1 1
41369 8901 1 1
105687 55573 1 1
12539 99444 1 1
11715 100534 1 1
59376 98584 1 1
100400 2414 1 1
10804 8186 1 1
47801 55573 1 1
11415 15552 1 1
36024 12679 1 1
19394 6002 1 1
7038 14842 1 1
5640 41599 1 1
5036 41599 1 1
9380 18601 1 1
2414 50421 1 1
69206 16928 1 1
105573 36440 1 1
97120 11546 1 1
2208 4497 1 1
30730 49892 1 1
10411 96789 1 1
48375 12096 1 1
11868 13499 1 1
3611 6002 1 1
12052 5381 1 1
12348 10250 1 1
2208 55573 1 1
56326 6002 1 1
3650 15064 1 1
12460 29117 1 1
19437 9786 1 1
25348 13989 1 1
11546 47801 1 1
13499 41128 1 1
41061 12539 1 1
11754 6645 1 1
3092 9971 1 1
103282 6304 1 1
12815 12771 1 1
18051 25536 1 1
29117 9060 1 1
7491 16985 1 1
7821 10250 1 1
11686 59376 1 1
11887 105716 1 1
105102 102272 1 1
3587 7994 1 1
10915 93926 1 1
102151 10479 1 1
11546 12679 1 1
19394 44757 1 1
4747 12442 1 1
2708 8186 1 1
20780 56045 1 1
10897 2708 1 1
2369 43853 1 1
3433 2768 1 1
10452 3587 1 1
13522 99593 1 1
103841 25201 1 1
20614 10710 1 1
7313 8115 1 1
59376 11546 1 1
2208 5148 1 1
6645 102330 1 1
97011 9971 1 1
6860 12679 1 1
12052 57953 1 1
105336 12917 1 1
7313 7491 1 1
15064 2834 1 1
13989 28288 1 1
6645 3560 1 1
98894 30730 1 1
19155 10036 1 1
5507 10479 1 1
9380 4201 1 1
7906 13195 1 1
106388 11546 1 1
23276 97736 1 1
103027 24149 1 1
103639 24149 1 1
25536 6073 1 1
8098 9724 1 1
3650 41232 1 1
5640 4747 1 1
16620 9702 1 1
47801 5036 1 1
11686 9786 1 1
5036 95219 1 1
10351 6383 1 1
3275 6073 1 1
5148 7925 1 1
11546 50252 1 1
104086 13195 1 1
3611 8186 1 1
5792 16808 1 1
25348 14805 1 1
3092 8921 1 1
5462 15519 1 1
14657 41128 1 1
17796 3217 1 1
1865 12406 1 1
7266 11415 1 1
59376 17796 1 1
14766 20780 1 1
14692 4879 1 1
99320 11754 1 1
45840 10095 1 1
25536 24149 1 1
6487 38636 1 1
99593 8592 1 1
5254 41232 1 1
45658 41128 1 1
9220 6966 1 1
76035 12052 1 1
3275 98210 1 1
6619 81878 1 1
3650 6402 1 1
2834 99292 1 1
7266 41599 1 1
11982 14904 1 1
99395 11715 1 1
48375 100848 1 1
2708 49892 1 1
55573 12348 1 1
4879 6463 1 1
8115 20342 1 1
7544 2708 1 1
4497 38636 1 1
6002 1715 1 1
68281 2208 1 1
41613 48375 1 1
11754 26370 1 1
3515 13337 1 1
91546 3305 1 1
7038 7747 1 1
9868 6915 1 1
15250 10059 1 1
7134 9971 1 1
24149 105877 1 1
6002 20847 1 1
102272 25431 1 1
13499 14692 1 1
10549 20614 1 1
6941 99320 1 1
56326 12116 1 1
7038 6860 1 1
32800 15932 1 1
10508 32800 1 1
41232 3305 1 1
11306 12771 1 1
23348 5720 1 1
99292 17004 1 1
3305 48375 1 1
6966 11686 1 1
23398 5507 1 1
12317 103282 1 1
3877 8901 1 1
11322 25536 1 1
2834 14178 1 1
3515 5507 1 1
7016 48375 1 1
25348 96262 1 1
3092 56566 1 1
15552 10479 1 1
105447 7857 1 1
8981 95891 1 1
13195 106296 1 1
12917 13499 1 1
4822 5662 1 1
9786 9868 1 1
2745 4423 1 1
56109 15064 1 1
5036 4497 1 1
100534 8676 1 1
11546 3358 1 1
102733 20342 1 1
12679 8863 1 1
57096 3433 1 1
2745 6487 1 1
23276 99444 1 1
11151 37290 1 1
29117 1715 1 1
13499 8981 1 1
4747 71654 1 1
103525 7038 1 1
4497 43853 1 1
55573 19394 1 1
25536 12406 1 1
3515 19437 1 1
12991 7747 1 1
7038 9380 1 1
5036 16121 1 1
6645 23129 1 1
3139 7747 1 1
44229 11887 1 1
3139 74021 1 1
103448 7038 1 1
10250 9724 1 1
25536 13522 1 1
3092 30730 1 1
12864 11686 1 1
12565 32252 1 1
7544 9786 1 1
2414 41369 1 1
10095 41599 1 1
3139 23348 1 1
2414 15250 1 1
4497 12317 1 1
32800 16157 1 1
25348 25837 1 1
8551 45237 1 1
15064 23129 1 1
1865 102272 1 1
41128 20755 1 1
16140 14178 1 1
30730 3390 1 1
3690 14824 1 1
5214 9653 1 1
12406 48375 1 1
6383 11868 1 1
41204 49892 1 1
41128 99395 1 1
15932 11151 1 1
5742 12460 1 1
56566 7994 1 1
48375 5036 1 1
18051 36440 1 1
48375 16711 1 1
27503 8186 1 1
25148 9220 1 1
2768 7594 1 1
59376 106296 1 1
13522 9312 1 1
101342 16928 1 1
27503 13337 1 1
106388 25148 1 1
1865 103792 1 1
96158 13195 1 1
4879 2208 1 1
47801 4497 1 1
12795 9702 1 1
9242 11622 1 1
1186 7113 1 1
10841 9936 1 1
9786 11546 1 1
14692 14235 1 1
97120 12565 1 1
8115 105538 1 1
41613 11686 1 1
30730 8901 1 1
7544 5036 1 1
97736 13522 1 1
20342 57953 1 1
96262 11715 1 1
11715 7383 1 1
105102 41613 1 1
12864 12317 1 1
11415 10841 1 1
3877 20780 1 1
14904 11962 1 1
1715 45753 1 1
3690 72334 1 1
25431 99216 1 1
91591 25536 1 1
98567 11484 1 1
45753 9724 1 1
10351 5254 1 1
97663 7038 1 1
6966 32173 1 1
97120 3515 1 1
55573 106296 1 1
14601 59376 1 1
7491 11306 1 1
20614 7594 1 1
6487 10508 1 1
9424 8611 1 1
45840 8921 1 1
43853 32252 1 1
3217 8676 1 1
103012 25348 1 1
99593 5254 1 1
94117 25348 1 1
5036 9868 1 1
17796 98945 1 1
11228 5036 1 1
55426 11686 1 1
12704 11394 1 1
25431 9936 1 1
13472 7857 1 1
8098 3433 1 1
6002 16711 1 1
40571 3433 1 1
81878 49892 1 1
16121 8720 1 1
34944 28288 1 1
8921 33103 1 1
13499 2834 1 1
91591 16711 1 1
10841 44682 1 1
9702 71438 1 1
7491 49892 1 1
6941 5214 1 1
24149 12704 1 1
9914 16711 1 1
48375 13989 1 1
59376 3611 1 1
28288 5036 1 1
3305 7721 1 1
6860 4747 1 1
8186 12864 1 1
33148 6619 1 1
4497 3611 1 1
53837 8186 1 1
92032 10897 1 1
7313 103282 1 1
1865 98894 1 1
14178 9896 1 1
12771 1715 1 1
12539 6941 1 1
3433 56566 1 1
41398 5036 1 1
12917 10036 1 1
20780 56566 1 1
8186 6353 1 1
25348 12348 1 1
14692 7038 1 1
95219 17004 1 1
20402 12317 1 1
12460 96262 1 1
6915 6353 1 1
44757 49892 1 1
11798 14824 1 1
102151 9971 1 1
14710 11941 1 1
8981 7721 1 1
10841 16620 1 1
6645 3410 1 1
33103 15064 1 1
50421 12565 1 1
12679 36440 1 1
25536 47801 1 1
96551 10479 1 1
103525 14842 1 1
92243 6860 1 1
8846 10915 1 1
45753 104533 1 1
4879 20847 1 1
11546 41332 1 1
14842 25837 1 1
10549 97845 1 1
41315 9971 1 1
11686 41204 1 1
6645 103200 1 1
13499 20847 1 1
12565 19155 1 1
5977 8098 1 1
2414 91562 1 1
9810 14692 1 1
12960 3305 1 1
4497 13030 1 1
7038 5848 1 1
96158 24149 1 1
10036 5036 1 1
93579 10897 1 1
25536 49892 1 1
14216 41232 1 1
99593 1865 1 1
7081 26815 1 1
23348 6002 1 1
101006 10915 1 1
25536 95219 1 1
30730 2414 1 1
49892 50252 1 1
36440 41369 1 1
45429 22756 1 1
14216 104481 1 1
11686 32173 1 1
50143 20780 1 1
95407 17796 1 1
9312 25201 1 1
9830 41613 1 1
6487 6487 1 1
2834 99320 1 1
12864 97920 1 1
43853 2768 1 1
7721 9242 1 1
104052 49892 1 1
2672 6383 1 1
104375 9971 1 1
97168 9702 1 1
12258 12704 1 1
5254 96646 1 1
14135 105716 1 1
11484 10549 1 1
11622 5640 1 1
32800 22756 1 1
3515 95588 1 1
37868 16121 1 1
5148 5254 1 1
5148 32252 1 1
81878 25348 1 1
16290 24763 1 1
55573 48375 1 1
6860 4423 1 1
20614 32252 1 1
10250 16140 1 1
100790 14178 1 1
9868 7491 1 1
14692 3877 1 1
25201 12052 1 1
3515 91562 1 1
5742 92243 1 1
11798 7994 1 1
20780 14805 1 1
15064 11622 1 1
10203 8186 1 1
13499 49892 1 1
14824 4879 1 1
10036 1267 1 1
47801 4553 1 1
12991 10250 1 1
4879 8950 1 1
3305 9868 1 1
8323 5036 1 1
103448 59376 1 1
95219 11546 1 1
97011 25536 1 1
9702 104342 1 1
3275 97901 1 1
9953 7925 1 1
12704 2672 1 1
54643 7491 1 1
12317 9060 1 1
5742 100790 1 1
14842 29117 1 1
97920 6002 1 1
7925 9060 1 1
9724 6073 1 1
14216 9914 1 1
13522 12052 1 1
11228 43853 1 1
12795 12539 1 1
12460 7962 1 1
6383 14766 1 1
11686 23348 1 1
11484 23276 1 1
71438 7821 1 1
6383 102272 1 1
11735 25348 1 1
106246 5036 1 1
41232 6383 1 1
8592 6595 1 1
6645 25201 1 1
25348 41128 1 1
7925 10878 1 1
33103 3305 1 1
44014 11546 1 1
14178 45658 1 1
5036 41061 1 1
30730 41128 1 1
3515 23398 1 1
10250 9810 1 1
85619 9012 1 1
43942 12565 1 1
103346 17796 1 1
10250 23348 1 1
9830 56566 1 1
96158 15250 1 1
5381 8676 1 1
41350 9971 1 1
9971 12406 1 1
14805 3433 1 1
5423 12704 1 1
14842 37868 1 1
12864 50421 1 1
14657 37868 1 1
3092 14842 1 1
6576 6353 1 1
13499 25583 1 1
5792 6383 1 1
2414 102398 1 1
4497 20847 1 1
41128 8392 1 1
29117 5036 1 1
30730 5848 1 1
7491 97920 1 1
5036 5662 1 1
10036 59376 1 1
11228 97736 1 1
9914 25536 1 1
9953 1865 1 1
9702 36440 1 1
8653 10479 1 1
15250 6487 1 1
12052 9743 1 1
7016 25536 1 1
25536 67519 1 1
97168 8186 1 1
4822 30730 1 1
10897 103487 1 1
14692 10897 1 1
106388 12960 1 1
12565 100439 1 1
74021 12679 1 1
100400 14842 1 1
9702 9868 1 1
25348 29596 1 1
27503 11686 1 1
103614 26815 1 1
57096 5192 1 1
13195 106498 1 1
49892 9914 1 1
5507 9936 1 1
12795 37868 1 1
7702 7491 1 1
14805 6383 1 1
3759 9242 1 1
96158 30730 1 1
15156 102272 1 1
6002 7266 1 1
41232 16928 1 1
71654 100790 1 1
10841 7925 1 1
7313 6966 1 1
99320 36440 1 1
9293 9312 1 1
98584 25536 1 1
20431 5848 1 1
14904 6353 1 1
5148 3139 1 1
5254 39688 1 1
14710 2208 1 1
5886 2208 1 1
105025 36440 1 1
50421 9830 1 1
4747 105716 1 1
3877 98006 1 1
97979 6073 1 1
7038 19394 1 1
41599 5148 1 1
12565 3515 1 1
37290 6645 1 1
9702 12317 1 1
45237 25201 1 1
14692 16928 1 1
102733 12052 1 1
6383 41301 1 1
2208 9896 1 1
32800 2989 1 1
9380 11415 1 1
23348 99292 1 1
5640 30730 1 1
10479 1865 1 1
1464 105102 1 1
106388 9424 1 1
12116 43942 1 1
7016 5214 1 1
106388 3826 1 1
32301 10841 1 1
101221 5423 1 1
95891 45840 1 1
14618 11151 1 1
8186 103722 1 1
5507 65150 1 1
12679 6487 1 1
2414 95407 1 1
5036 7594 1 1
28510 55573 1 1
7925 9810 1 1
20614 75552 1 1
12679 81878 1 1
24149 19155 1 1
13989 28510 1 1
13522 99640 1 1
8186 10692 1 1
12424 4747 1 1
17796 12565 1 1
8981 20780 1 1
6860 68281 1 1
6966 7134 1 1
9536 9762 1 1
49892 103346 1 1
3807 14904 1 1
14842 99292 1 1
8981 20755 1 1
77343 7594 1 1
14824 3587 1 1
2414 102151 1 1
23348 12152 1 1
4553 14657 1 1
11887 103792 1 1
44682 12795 1 1
11151 14904 1 1
10411 97120 1 1
7134 49892 1 1
25201 12424 1 1
3433 9380 1 1
7134 8846 1 1
19722 7747 1 1
3092 65150 1 1
2834 5254 1 1
37868 103639 1 1
41204 9702 1 1
11151 15064 1 1
42344 3587 1 1
2834 2745 1 1
9702 12406 1 1
3560 10479 1 1
9971 97663 1 1
41369 5036 1 1
16157 16690 1 1
5848 5254 1 1
101342 6002 1 1
3515 12795 1 1
12460 105687 1 1
11546 8323 1 1
43683 8901 1 1
9868 16711 1 1
6860 55396 1 1
7925 3139 1 1
9953 3650 1 1
17796 44229 1 1
23503 4497 1 1
98610 5662 1 1
11754 101899 1 1
3305 41599 1 1
8098 23276 1 1
106388 5254 1 1
9517 2708 1 1
44757 4497 1 1
6645 5015 1 1
41301 32800 1 1
3305 11941 1 1
13499 41232 1 1
2834 41232 1 1
9914 2708 1 1
105716 8592 1 1
6383 12052 1 1
14904 95588 1 1
4879 5886 1 1
59376 19437 1 1
57389 11151 1 1
106388 23276 1 1
11754 11484 1 1
55013 12704 1 1
13989 7038 1 1
14904 45237 1 1
3611 7465 1 1
8901 16140 1 1
45840 9724 1 1
12539 12116 1 1
97736 13499 1 1
11941 4497 1 1
25837 3611 1 1
1865 12424 1 1
8115 103200 1 1
25536 5617 1 1
12864 7544 1 1
103214 57389 1 1
5036 2672 1 1
32800 3611 1 1
15650 11887 1 1
32119 6487 1 1
55573 12442 1 1
91694 3305 1 1
100439 55573 1 1
8098 2208 1 1
65982 9702 1 1
10059 9743 1 1
94592 6487 1 1
6915 9914 1 1
106388 9380 1 1
3410 17004 1 1
101979 4497 1 1
3560 8115 1 1
98894 6487 1 1
9786 101221 1 1
104533 12960 1 1
9724 9830 1 1
10897 25583 1 1
47801 16928 1 1
41128 7821 1 1
23276 2834 1 1
45840 5977 1 1
8186 36024 1 1
21094 9653 1 1
7925 13156 1 1
14692 6383 1 1
12539 71438 1 1
48375 47801 1 1
7491 9312 1 1
9830 16711 1 1
6860 105496 1 1
55396 34944 1 1
12052 7113 1 1
13499 4531 1 1
44014 25536 1 1
44757 9312 1 1
99292 7747 1 1
32173 6619 1 1
15064 62152 1 1
12565 7491 1 1
55396 12795 1 1
35107 7857 1 1
3611 49892 1 1
25536 101221 1 1
40914 11546 1 1
3305 10878 1 1
3650 4497 1 1
8921 11754 1 1
24783 3092 1 1
34944 105336 1 1
19091 12258 1 1
12864 47004 1 1
5584 8115 1 1
11686 25148 1 1
11306 12565 1 1
25536 29117 1 1
14216 16874 1 1
9380 9702 1 1
41599 13989 1 1
8551 44682 1 1
98584 6487 1 1
5036 25148 1 1
1186 8676 1 1
23276 41128 1 1
5254 7134 1 1
94592 49892 1 1
13567 9971 1 1
44757 25536 1 1
13989 41061 1 1
25431 8392 1 1
56326 12771 1 1
14824 4497 1 1
25583 3690 1 1
4497 45658 1 1
25536 34088 1 1
4497 6645 1 1
24783 56566 1 1
99855 7544 1 1
6437 25536 1 1
41232 7266 1 1
8186 59376 1 1
105716 25201 1 1
7491 19394 1 1
96158 12565 1 1
12052 44229 1 1
10878 5148 1 1
91747 2414 1 1
13195 95891 1 1
10897 6915 1 1
12771 8720 1 1
10250 41599 1 1
73931 23276 1 1
101568 25536 1 1
12348 11754 1 1
7821 29117 1 1
9868 24149 1 1
45753 11394 1 1
32252 95073 1 1
5792 5148 1 1
5640 7821 1 1
25201 6487 1 1
9896 7747 1 1
25431 7491 1 1
8901 41061 1 1
11686 34944 1 1
97845 30730 1 1
10095 7038 1 1
55573 11546 1 1
5423 55573 1 1
11686 71438 1 1
26815 54154 1 1
41369 5148 1 1
1647 20431 1 1
41061 81878 1 1
12991 45840 1 1
5848 8216 1 1
28288 4497 1 1
5036 103722 1 1
7491 103487 1 1
9936 16874 1 1
3275 41369 1 1
12565 21094 1 1
2414 12406 1 1
106388 9810 1 1
3690 5886 1 1
14842 5720 1 1
5662 101963 1 1
96848 11941 1 1
17796 102504 1 1
4497 96262 1 1
1715 8551 1 1
97663 25536 1 1
48375 17004 1 1
41175 5886 1 1
3611 9830 1 1
33148 25536 1 1
1740 11228 1 1
14710 14158 1 1
12864 12116 1 1
4747 41232 1 1
13499 41301 1 1
87387 29117 1 1
12704 8551 1 1
55396 6487 1 1
11151 2989 1 1
5584 5507 1 1
10250 26370 1 1
34088 6645 1 1
34088 4497 1 1
81878 8392 1 1
41128 5640 1 1
10841 10897 1 1
29117 12704 1 1
101757 8115 1 1
11715 14842 1 1
57953 17796 1 1
105649 11546 1 1
27503 12565 1 1
19437 12565 1 1
3433 9971 1 1
8186 8169 1 1
6645 96613 1 1
13195 9012 1 1
7113 91694 1 1
14842 5792 1 1
97920 23348 1 1
106388 6798 1 1
53837 9702 1 1
38442 6645 1 1
5254 13195 1 1
8981 6595 1 1
98006 21094 1 1
8825 2414 1 1
14842 12704 1 1
4497 8115 1 1
5848 5886 1 1
13195 44757 1 1
25536 3611 1 1
32301 55573 1 1
7925 5848 1 1
102707 10897 1 1
6174 8901 1 1
98945 30730 1 1
18051 23348 1 1
5662 41157 1 1
5977 20780 1 1
13499 7594 1 1
22774 23276 1 1
25148 36024 1 1
8921 14710 1 1
6966 7821 1 1
41232 25348 1 1
17209 4747 1 1
6860 11546 1 1
11394 25536 1 1
9896 10915 1 1
8186 17436 1 1
68102 12679 1 1
2369 8699 1 1
14618 8115 1 1
94117 6487 1 1
11546 96789 1 1
101568 3515 1 1
1572 17040 1 1
7821 9868 1 1
13030 6966 1 1
59376 33148 1 1
96158 55573 1 1
50570 8551 1 1
96551 71654 1 1
25536 96569 1 1
18292 5742 1 1
45753 7038 1 1
11394 7962 1 1
24149 19437 1 1
5848 7747 1 1
97736 2834 1 1
3275 41232 1 1
49892 6383 1 1
37868 103141 1 1
12704 7465 1 1
4747 39688 1 1
6645 28288 1 1
7383 14158 1 1
3587 4553 1 1
93881 7747 1 1
105496 3410 1 1
4747 5742 1 1
6487 7465 1 1
99395 10250 1 1
44682 5792 1 1
14618 48375 1 1
10710 5507 1 1
1572 95192 1 1
59376 103639 1 1
12991 4497 1 1
12991 8981 1 1
2745 45840 1 1
13499 44229 1 1
12317 12460 1 1
3358 3358 1 1
16620 49892 1 1
11484 13522 1 1
16121 14618 1 1
12679 30730 1 1
12134 16874 1 1
5640 14158 1 1
20431 2708 1 1
24149 43942 1 1
10897 9312 1 1
11868 9810 1 1
6002 6487 1 1
87408 6941 1 1
29596 4605 1 1
7925 6487 1 1
9914 8186 1 1
11902 6487 1 1
59376 4423 1 1
36024 97168 1 1
20431 4531 1 1
2768 6002 1 1
4747 103448 1 1
3690 41315 1 1
2745 6553 1 1
5254 104375 1 1
16121 7266 1 1
21094 1464 1 1
8901 3433 1 1
6487 23348 1 1
1865 14710 1 1
55573 56326 1 1
12539 24149 1 1
45429 19155 1 1
12442 8592 1 1
13030 49892 1 1
102466 25348 1 1
67831 5381 1 1
45840 2208 1 1
13499 32173 1 1
12539 1572 1 1
91694 6860 1 1
15064 32119 1 1
16620 2208 1 1
98653 6487 1 1
8169 11754 1 1
44757 45237 1 1
5148 13522 1 1
4497 20614 1 1
102707 12116 1 1
14904 59376 1 1
17209 1464 1 1
2208 7113 1 1
7491 8216 1 1
57389 14904 1 1
23276 9971 1 1
6487 6915 1 1
5381 4908 1 1
27503 95192 1 1
92243 20780 1 1
55573 7925 1 1
105538 25348 1 1
57096 45840 1 1
2708 25837 1 1
44682 12116 1 1
10036 3611 1 1
2708 13195 1 1
59376 55573 1 1
11982 15064 1 1
9293 8115 1 1
97031 9576 1 1
14135 41369 1 1
3275 106388 1 1
99292 5640 1 1
6941 105102 1 1
100534 8981 1 1
11686 15064 1 1
3690 11415 1 1
10479 10692 1 1
6383 101899 1 1
7821 18309 1 1
49892 3515 1 1
20614 36024 1 1
36440 87408 1 1
12052 15519 1 1
14842 7594 1 1
7038 14216 1 1
15156 20342 1 1
7016 7994 1 1
25837 16928 1 1
65150 5148 1 1
25348 14637 1 1
33148 49892 1 1
32119 8115 1 1
8901 9380 1 1
36440 91694 1 1
5036 93657 1 1
12052 13499 1 1
36440 101221 1 1
6002 14216 1 1
7266 50570 1 1
48375 41332 1 1
1865 23348 1 1
57389 11962 1 1
99855 8921 1 1
100848 11686 1 1
17436 11754 1 1
91546 7925 1 1
106498 9702 1 1
7491 85619 1 1
101979 5640 1 1
71654 92243 1 1
9953 6383 1 1
22756 36024 1 1
10633 11754 1 1
55396 5036 1 1
98945 59376 1 1
7544 6645 1 1
20402 98021 1 1
1865 106246 1 1
9830 92243 1 1
50252 28288 1 1
6941 71654 1 1
41128 7134 1 1
101342 9971 1 1
9380 3275 1 1
24149 6595 1 1
22756 5848 1 1
6576 97845 1 1
25148 2768 1 1
3390 41128 1 1
47004 9702 1 1
32252 77343 1 1
55396 10095 1 1
97120 105102 1 1
8921 3877 1 1
10059 19437 1 1
8098 12704 1 1
45658 8921 1 1
23276 25583 1 1
14904 28288 1 1
30730 11484 1 1
11686 5423 1 1
9936 10549 1 1
12052 6645 1 1
96569 11686 1 1
3690 11686 1 1
11754 45753 1 1
9242 56045 1 1
8186 14904 1 1
8921 16711 1 1
99444 7266 1 1
99444 13499 1 1
12704 7081 1 1
25201 103282 1 1
11546 9312 1 1
97053 8186 1 1
9702 104052 1 1
9380 59376 1 1
8676 6966 1 1
25536 103346 1 1
17796 57096 1 1
20614 76035 1 1
50421 4497 1 1
39688 8592 1 1
14824 6860 1 1
106246 17796 1 1
57096 4423 1 1
5640 105538 1 1
8921 11941 1 1
9702 7594 1 1
48375 103614 1 1
10059 98021 1 1
10710 6645 1 1
11686 106296 1 1
11546 12052 1 1
7313 102272 1 1
101899 7925 1 1
1267 14135 1 1
5036 23276 1 1
12864 1267 1 1
17796 100510 1 1
6860 44757 1 1
27503 6966 1 1
3305 14766 1 1
6860 13195 1 1
5662 25201 1 1
4201 10841 1 1
29117 97155 1 1
96613 5742 1 1
9810 5254 1 1
48375 94117 1 1
81878 73931 1 1
6002 9220 1 1
11735 8115 1 1
11415 7465 1 1
12704 6645 1 1
8186 55426 1 1
98945 5036 1 1
11868 4497 1 1
9830 41432 1 1
102330 16743 1 1
56326 25201 1 1
11322 10897 1 1
13240 7038 1 1
5214 98567 1 1
11447 6966 1 1
12442 1464 1 1
10250 41232 1 1
25348 1865 1 1
103614 11754 1 1
50421 13030 1 1
95219 7544 1 1
12317 9220 1 1
12317 2768 1 1
20780 8797 1 1
7491 71438 1 1
11546 7134 1 1
34944 13337 1 1
10710 9702 1 1
10411 8115 1 1
10036 25348 1 1
29117 5662 1 1
6860 57096 1 1
7113 8676 1 1
28288 3515 1 1
2414 96627 1 1
93926 8901 1 1
19155 2369 1 1
102733 25348 1 1
14178 3275 1 1
9012 103282 1 1
6002 7465 1 1
6487 8653 1 1
7491 98610 1 1
10878 7721 1 1
10095 12565 1 1
11415 25431 1 1
96569 48375 1 1
106455 21094 1 1
48375 28288 1 1
103792 7266 1 1
3515 50570 1 1
101342 45840 1 1
3390 9971 1 1
4423 25536 1 1
49892 7594 1 1
25583 3433 1 1
37868 103346 1 1
9380 91694 1 1
105716 13499 1 1
9830 11686 1 1
96262 6073 1 1
41128 11622 1 1
3390 6073 1 1
6002 12317 1 1
55573 49892 1 1
59376 16711 1 1
55573 41584 1 1
3611 6487 1 1
7016 6487 1 1
13989 55573 1 1
41369 4497 1 1
5640 91591 1 1
11228 8699 1 1
98945 25348 1 1
9380 44682 1 1
103525 3275 1 1
7347 1572 1 1
37868 8720 1 1
3305 41111 1 1
12864 103792 1 1
23276 16140 1 1
10841 48375 1 1
105496 6487 1 1
4497 5792 1 1
25148 104342 1 1
99292 9971 1 1
12317 44014 1 1
48375 6437 1 1
44682 2672 1 1
105850 44757 1 1
11546 6402 1 1
19437 9220 1 1
3092 103525 1 1
12679 9914 1 1
5977 25583 1 1
5036 8863 1 1
105716 2414 1 1
7491 8115 1 1
12565 15650 1 1
20780 101979 1 1
14842 20780 1 1
102466 17796 1 1
3092 9242 1 1
12565 103722 1 1
4879 14601 1 1
20614 4423 1 1
91462 12771 1 1
101963 5742 1 1
3410 25348 1 1
97168 49892 1 1
5254 9953 1 1
7016 14842 1 1
5036 12795 1 1
44229 29117 1 1
41332 13030 1 1
77406 11715 1 1
8981 14235 1 1
23348 12679 1 1
5036 4423 1 1
10897 44757 1 1
10059 100439 1 1
7544 7925 1 1
2768 101979 1 1
9293 9060 1 1
49892 105731 1 1
106388 12704 1 1
97011 12565 1 1
96262 7038 1 1
93926 5886 1 1
11228 20847 1 1
10878 2834 1 1
2672 7925 1 1
41111 7994 1 1
6915 55396 1 1
9702 5617 1 1
4497 20755 1 1
96613 8098 1 1
5254 17796 1 1
5036 101342 1 1
4822 3587 1 1
101171 12864 1 1
2414 99593 1 1
3515 95205 1 1
14216 11686 1 1
3092 91694 1 1
8901 25837 1 1
7038 105731 1 1
104375 13499 1 1
1740 59376 1 1
10897 14842 1 1
7038 23503 1 1
41613 9702 1 1
91546 13522 1 1
95073 12864 1 1
4553 103141 1 1
19437 12152 1 1
12116 9312 1 1
9971 12317 1 1
13435 3587 1 1
11546 8098 1 1
5507 3560 1 1
11843 2834 1 1
25201 12442 1 1
11415 14842 1 1
15156 106246 1 1
32173 5015 1 1
13499 20780 1 1
43942 7266 1 1
13195 81878 1 1
93657 7994 1 1
3390 2768 1 1
55573 104920 1 1
48375 96262 1 1
14805 11754 1 1
3305 5886 1 1
6002 5036 1 1
100790 7994 1 1
6941 39688 1 1
14710 5720 1 1
41128 8863 1 1
7491 29117 1 1
45658 9380 1 1
55573 3139 1 1
5036 102623 1 1
9576 101171 1 1
6553 2834 1 1
6645 5423 1 1
30730 44229 1 1
21094 100534 1 1
6463 7747 1 1
106365 20614 1 1
5036 7702 1 1
26850 10915 1 1
96262 36440 1 1
3092 14158 1 1
9971 96871 1 1
68102 5254 1 1
12679 6645 1 1
10915 6247 1 1
10670 10250 1 1
102200 12460 1 1
20780 41315 1 1
11843 12258 1 1
7134 103525 1 1
11306 23276 1 1
97920 15156 1 1
8186 10059 1 1
49892 95073 1 1
4423 106388 1 1
3275 7925 1 1
12258 45840 1 1
12052 8115 1 1
6966 8653 1 1
11686 13337 1 1
6402 7038 1 1
10549 44229 1 1
45237 3587 1 1
14904 8720 1 1
9702 62152 1 1
96848 7747 1 1
8921 11798 1 1
98894 37868 1 1
37868 69206 1 1
44757 16808 1 1
7721 106388 1 1
11754 7465 1 1
5848 6383 1 1
7113 2834 1 1
14135 6553 1 1
77343 1572 1 1
5886 41628 1 1
8846 13195 1 1
6553 17004 1 1
56109 9242 1 1
9380 2708 1 1
95811 5742 1 1
13499 41061 1 1
3877 8981 1 1
101757 5507 1 1
30730 13240 1 1
104375 5640 1 1
8901 10351 1 1
14178 10250 1 1
43942 1865 1 1
104920 11546 1 1
2834 98006 1 1
106350 59376 1 1
23348 59555 1 1
11546 50595 1 1
101994 10479 1 1
25348 41599 1 1
10095 2768 1 1
11715 101342 1 1
2834 8863 1 1
81878 79625 1 1
68281 16743 1 1
14135 99593 1 1
101171 25536 1 1
73931 3650 1 1
11754 103487 1 1
3515 9786 1 1
100893 5742 1 1
103200 49892 1 1
55573 10351 1 1
45840 22774 1 1
6645 6595 1 1
11306 1464 1 1
12460 7491 1 1
8901 11798 1 1
12565 62152 1 1
12424 5742 1 1
12460 9220 1 1
6702 7038 1 1
24149 10897 1 1
6487 11228 1 1
9576 106246 1 1
101979 14158 1 1
3305 14824 1 1
101568 10479 1 1
36024 3611 1 1
11754 41232 1 1
12565 8186 1 1
9830 59376 1 1
34944 55573 1 1
59376 10822 1 1
9702 106246 1 1
10897 101568 1 1
5742 7491 1 1
97031 15156 1 1
20614 106296 1 1
10036 9914 1 1
20614 87408 1 1
9971 14842 1 1
23348 98021 1 1
41301 16121 1 1
96700 17796 1 1
7347 13499 1 1
20614 106212 1 1
14692 14216 1 1
7134 5036 1 1
6645 101757 1 1
105877 29117 1 1
6619 6383 1 1
23211 68939 1 1
32800 43853 1 1
10122 7038 1 1
98894 25536 1 1
6383 7544 1 1
17209 32800 1 1
13522 13140 1 1
96507 11546 1 1
57389 14618 1 1
25201 8115 1 1
25583 6941 1 1
11715 102733 1 1
9868 44757 1 1
23348 23348 1 1
96158 5036 1 1
12052 12052 1 1
12565 102623 1 1
106388 5701 1 1
106296 6487 1 1
14692 6073 1 1
104481 7925 1 1
14158 14766 1 1
12460 41332 1 1
20614 10059 1 1
1464 9060 1 1
10351 11941 1 1
45237 10549 1 1
6645 105102 1 1
55396 24149 1 1
11546 99395 1 1
59376 67519 1 1
20755 7994 1 1
7465 28288 1 1
20755 6383 1 1
15156 10411 1 1
11686 103614 1 1
23348 6966 1 1
97901 9702 1 1
3305 99855 1 1
100439 50252 1 1
14805 2208 1 1
3139 68102 1 1
48375 14904 1 1
98945 5640 1 1
28510 9012 1 1
5886 20780 1 1
12565 6915 1 1
29596 4497 1 1
20847 57096 1 1
48375 99855 1 1
8098 4747 1 1
23398 11151 1 1
56326 23276 1 1
9380 50595 1 1
4879 41128 1 1
5640 95891 1 1
105687 20614 1 1
13030 25536 1 1
101221 5848 1 1
32800 105850 1 1
5701 8797 1 1
10670 8981 1 1
106388 7925 1 1
20780 41432 1 1
6645 100893 1 1
96551 9830 1 1
20402 12258 1 1
13499 106388 1 1
11686 11902 1 1
10122 9702 1 1
12864 741 1 1
4879 6860 1 1
2745 7113 1 1
19722 10915 1 1
50421 49892 1 1
55426 5036 1 1
21094 32800 1 1
11754 5640 1 1
49892 9012 1 1
13522 14842 1 1
19437 12679 1 1
11484 10479 1 1
12704 33336 1 1
27503 9293 1 1
14178 3305 1 1
3611 2208 1 1
7857 8015 1 1
59376 105649 1 1
30730 2834 1 1
3515 3807 1 1
12864 4497 1 1
99444 14158 1 1
45237 7925 1 1
102707 25536 1 1
10122 8186 1 1
13522 9060 1 1
92243 24783 1 1
7544 6002 1 1
1267 12795 1 1
105850 6915 1 1
41111 3690 1 1
41398 5507 1 1
97619 16743 1 1
3305 17004 1 1
100848 20614 1 1
11686 47801 1 1
20780 18051 1 1
3690 2672 1 1
23276 10915 1 1
10897 56326 1 1
33103 7925 1 1
6402 4879 1 1
11151 95205 1 1
17796 50570 1 1
41599 4497 1 1
2414 7906 1 1
105336 10670 1 1
2208 50595 1 1
11546 6576 1 1
10479 36440 1 1
25431 16743 1 1
13989 6002 1 1
5792 50143 1 1
48375 4423 1 1
5886 25148 1 1
19155 23276 1 1
32252 30730 1 1
8186 25431 1 1
32301 96158 1 1
14216 12565 1 1
14216 5886 1 1
10095 16928 1 1
16290 27384 1 1
7038 9268 1 1
25536 98653 1 1
6860 98567 1 1
6619 10059 1 1
96507 25348 1 1
28510 49892 1 1
11484 5254 1 1
55426 10508 1 1
10036 96262 1 1
4908 12679 1 1
33148 19155 1 1
18051 48375 1 1
12442 11887 1 1
12368 8115 1 1
8901 20755 1 1
7721 97920 1 1
33148 13195 1 1
12258 11686 1 1
3390 23276 1 1
3275 50143 1 1
3390 5254 1 1
13499 68102 1 1
8981 11622 1 1
74021 11686 1 1
2834 11622 1 1
13195 3275 1 1
99121 7747 1 1
8115 98567 1 1
45237 2414 1 1
12864 13195 1 1
7038 9868 1 1
1647 55573 1 1
7383 5977 1 1
2414 7994 1 1
11306 9012 1 1
14216 11754 1 1
10633 2208 1 1
23276 12679 1 1
105716 12565 1 1
59376 102623 1 1
12258 5036 1 1
14842 96848 1 1
11715 4879 1 1
106296 9868 1 1
4553 6860 1 1
101342 25348 1 1
100439 5742 1 1
10508 2768 1 1
9424 57096 1 1
12317 5507 1 1
97031 10411 1 1
2768 101319 1 1
105336 2208 1 1
7038 69432 1 1
98584 48375 1 1
25536 13337 1 1
23211 3358 1 1
12795 20614 1 1
25348 96551 1 1
103141 16928 1 1
6860 9914 1 1
12539 12424 1 1
100510 20342 1 1
5640 6383 1 1
97155 10095 1 1
25431 5036 1 1
11902 20614 1 1
9012 20614 1 1
50570 24149 1 1
6645 12565 1 1
3611 32173 1 1
11546 8064 1 1
3650 14692 1 1
4879 8981 1 1
91562 11546 1 1
3092 13499 1 1
23276 10391 1 1
5640 7721 1 1
3690 33103 1 1
19155 36024 1 1
5192 12052 1 1
55573 41204 1 1
9312 25536 1 1
13522 102623 1 1
5254 14692 1 1
95219 55573 1 1
49892 8846 1 1
97736 3611 1 1
12679 101785 1 1
8901 104481 1 1
2414 102435 1 1
105336 17004 1 1
7038 10529 1 1
50252 48375 1 1
53837 49892 1 1
11887 6966 1 1
15250 59376 1 1
25583 6383 1 1
6402 11798 1 1
13522 103525 1 1
11754 14692 1 1
45658 23348 1 1
87408 5036 1 1
7925 14692 1 1
3092 6073 1 1
10897 9293 1 1
105956 3515 1 1
6383 10391 1 1
73931 13522 1 1
15250 47004 1 1
27503 68281 1 1
13195 28510 1 1
7038 12834 1 1
6915 7544 1 1
71654 1464 1 1
7113 3092 1 1
3690 3877 1 1
43942 6002 1 1
7113 27384 1 1
12679 12258 1 1
11228 91591 1 1
2414 12864 1 1
49892 14618 1 1
106350 20614 1 1
99593 25348 1 1
41128 102623 1 1
3515 12368 1 1
99562 8186 1 1
25431 11306 1 1
20847 14135 1 1
102272 16928 1 1
45429 55396 1 1
65982 7038 1 1
101994 5507 1 1
3650 2768 1 1
5792 5886 1 1
12565 5617 1 1
43683 4879 1 1
28288 2708 1 1
10841 2745 1 1
105102 8720 1 1
9312 12565 1 1
15795 57096 1 1
13195 5036 1 1
14842 102466 1 1
9868 11546 1 1
14158 36440 1 1
6645 8551 1 1
11546 54643 1 1
9470 5192 1 1
59376 5423 1 1
1865 97031 1 1
4423 10731 1 1
12864 9012 1 1
20402 101221 1 1
14216 9702 1 1
12442 7491 1 1
21094 11306 1 1
3515 37290 1 1
106365 55573 1 1
8901 37868 1 1
9576 105716 1 1
6645 101056 1 1
4497 41061 1 1
7465 16928 1 1
99562 12565 1 1
9971 7821 1 1
67519 12565 1 1
12679 44757 1 1
10095 16157 1 1
12539 2868 1 1
50252 9868 1 1
59376 104342 1 1
91591 41128 1 1
5977 6073 1 1
14618 5036 1 1
9702 106365 1 1
20780 104533 1 1
8825 14216 1 1
7721 10452 1 1
48375 103346 1 1
25348 14657 1 1
3305 59555 1 1
7721 14766 1 1
3433 13499 1 1
6966 57096 1 1
99395 55573 1 1
4879 5848 1 1
27503 13195 1 1
13435 23211 1 1
11546 55396 1 1
4497 41111 1 1
5977 21094 1 1
34088 3275 1 1
57389 12368 1 1
21094 105850 1 1
27503 11415 1 1
12565 55573 1 1
9702 10822 1 1
99292 14178 1 1
12565 94117 1 1
9242 100790 1 1
1647 11686 1 1
1572 16844 1 1
37868 7347 1 1
2834 14787 1 1
30730 8720 1 1
7821 100893 1 1
4553 6002 1 1
10710 24149 1 1
14135 3139 1 1
10479 6304 1 1
5640 103200 1 1
11415 10549 1 1
102707 17796 1 1
99320 13989 1 1
7906 2672 1 1
10479 97031 1 1
7038 14657 1 1
12152 6645 1 1
103841 11887 1 1
7038 7216 1 1
94592 3305 1 1
96613 71654 1 1
12052 49892 1 1
32800 11686 1 1
100643 37868 1 1
17796 47801 1 1
12442 48375 1 1
10822 6002 1 1
12224 20402 1 1
45753 18292 1 1
5015 13030 1 1
7383 45840 1 1
12679 24149 1 1
28288 59376 1 1
15552 11394 1 1
14904 25536 1 1
24149 34088 1 1
32252 16711 1 1
5036 36440 1 1
2768 32252 1 1
91694 6487 1 1
4553 95891 1 1
12771 9060 1 1
11622 45840 1 1
44682 5507 1 1
25348 16121 1 1
104052 16874 1 1
15250 41350 1 1
12539 12406 1 1
10841 8797 1 1
8186 91591 1 1
45429 9786 1 1
10250 8797 1 1
2414 105573 1 1
68281 9380 1 1
12539 25431 1 1
20755 10452 1 1
11941 20755 1 1
25148 12679 1 1
14824 12960 1 1
2208 30730 1 1
48375 104052 1 1
4879 7857 1 1
93657 25348 1 1
10095 5036 1 1
8754 3092 1 1
68160 7925 1 1
17796 103487 1 1
8863 6941 1 1
5036 19394 1 1
12258 10250 1 1
7721 7925 1 1
99320 4497 1 1
12052 55573 1 1
11735 3587 1 1
105716 29117 1 1
44229 6915 1 1
14178 92243 1 1
17796 69206 1 1
14216 9743 1 1
91694 20847 1 1
10250 98006 1 1
5036 7906 1 1
11941 3275 1 1
12424 11887 1 1
3650 11941 1 1
2208 74021 1 1
102200 12565 1 1
5507 43942 1 1
29117 11546 1 1
12096 16874 1 1
11798 41128 1 1
8901 14135 1 1
50252 9786 1 1
5886 3092 1 1
1572 12460 1 1
99292 8921 1 1
23348 3092 1 1
69206 81878 1 1
7906 11686 1 1
10897 20402 1 1
100510 5886 1 1
81878 98021 1 1
12795 7544 1 1
19155 38636 1 1
59376 12704 1 1
99395 25536 1 1
98021 6645 1 1
57389 17209 1 1
5977 9242 1 1
10731 34944 1 1
20431 10841 1 1
102707 25201 1 1
10351 8098 1 1
13195 11546 1 1
1865 91562 1 1
6002 12679 1 1
6487 32252 1 1
103214 32800 1 1
11484 105102 1 1
32800 8216 1 1
99292 3690 1 1
100534 6941 1 1
11941 56045 1 1
12679 9242 1 1
13989 104481 1 1
25431 9060 1 1
7038 25583 1 1
97736 2708 1 1
4497 99292 1 1
5192 14692 1 1
95811 8186 1 1
2768 13989 1 1
4497 92243 1 1
57096 11546 1 1
12704 54154 1 1
100750 1865 1 1
8115 96613 1 1
7465 7544 1 1
3217 6860 1 1
12539 25536 1 1
7925 11715 1 1
7383 57096 1 1
20780 103448 1 1
97920 20780 1 1
4553 32173 1 1
3611 20847 1 1
4497 12348 1 1
12442 5742 1 1
99320 16928 1 1
1464 56326 1 1
25536 34944 1 1
9312 7313 1 1
106350 8186 1 1
5848 2708 1 1
91747 6645 1 1
105496 8950 1 1
48375 9012 1 1
95811 45753 1 1
9380 20431 1 1
55573 103346 1 1
105336 45840 1 1
31106 10915 1 1
14618 6487 1 1
7038 8392 1 1
6383 73931 1 1
10479 11754 1 1
20755 5977 1 1
2768 91546 1 1
17796 6839 1 1
98567 6941 1 1
40571 3275 1 1
6487 7962 1 1
27503 16928 1 1
9312 15552 1 1
26370 25348 1 1
91747 5507 1 1
23211 4822 1 1
91591 9868 1 1
3092 98945 1 1
11868 11941 1 1
11686 10036 1 1
11546 11228 1 1
7444 32800 1 1
3515 1715 1 1
6002 5214 1 1
13567 6073 1 1
7544 12317 1 1
7925 3740 1 1
12795 1464 1 1
11819 11754 1 1
12815 21094 1 1
91694 3275 1 1
14824 6383 1 1
16290 5254 1 1
28510 43853 1 1
99395 7038 1 1
57389 104863 1 1
13522 5640 1 1
6383 68102 1 1
77343 32173 1 1
104052 11887 1 1
6002 105649 1 1
98894 12317 1 1
97120 20614 1 1
10250 3433 1 1
12864 101221 1 1
9896 23276 1 1
2834 41111 1 1
24149 91735 1 1
5381 7994 1 1
36440 4497 1 1
41128 99292 1 1
3305 97155 1 1
100037 16743 1 1
45237 6383 1 1
12679 9830 1 1
34944 34088 1 1
10897 26815 1 1
71654 98006 1 1
103525 14216 1 1
5584 6645 1 1
8323 11686 1 1
6915 16743 1 1
21094 16874 1 1
25536 103200 1 1
41128 7465 1 1
14710 3690 1 1
3410 34944 1 1
21094 7266 1 1
9653 6860 1 1
17796 6353 1 1
10095 8186 1 1
3433 11715 1 1
3690 13240 1 1
7925 42344 1 1
10841 23503 1 1
15650 11484 1 1
13499 11715 1 1
8115 15552 1 1
2708 11686 1 1
41332 10250 1 1
100643 16928 1 1
34944 101221 1 1
10529 6487 1 1
12679 25837 1 1
10670 55573 1 1
8115 9786 1 1
9242 16140 1 1
5640 12460 1 1
7925 93657 1 1
8186 49892 1 1
49892 97053 1 1
54643 25536 1 1
59376 21094 1 1
7491 12406 1 1
101568 11686 1 1
101899 7134 1 1
17796 12317 1 1
36024 6619 1 1
12406 55573 1 1
59376 12258 1 1
9830 100439 1 1
11868 6941 1 1
1865 97619 1 1
9312 16121 1 1
100439 34088 1 1
104052 25536 1 1
103792 10549 1 1
14158 56566 1 1
11546 8950 1 1
34944 3139 1 1
11941 3139 1 1
41432 6966 1 1
7721 6073 1 1
12565 95811 1 1
32173 4201 1 1
3410 44682 1 1
14216 9953 1 1
105877 6645 1 1
41332 6073 1 1
3305 11868 1 1
15064 49892 1 1
19091 50252 1 1
14766 6073 1 1
1715 3410 1 1
13337 32252 1 1
21094 9830 1 1
14135 7906 1 1
56326 6304 1 1
3092 10915 1 1
17796 8720 1 1
20780 8921 1 1
14235 9971 1 1
45840 9220 1 1
9012 12052 1 1
5662 16121 1 1
103487 2414 1 1
57953 6073 1 1
9743 24149 1 1
8846 1267 1 1
5148 102623 1 1
8901 33103 1 1
10479 91562 1 1
97901 12917 1 1
1464 104035 1 1
6860 5036 1 1
10059 28288 1 1
91694 3410 1 1
11546 25201 1 1
9702 10059 1 1
5507 1865 1 1
12704 50252 1 1
41175 8901 1 1
55573 9868 1 1
19394 9012 1 1
36440 9868 1 1
81878 9743 1 1
8115 12116 1 1
1647 6487 1 1
93657 4879 1 1
15795 5214 1 1
45429 8115 1 1
5036 15552 1 1
9702 8323 1 1
6383 20847 1 1
12406 29117 1 1
9810 4497 1 1
3275 3690 1 1
103282 29117 1 1
91546 3650 1 1
101979 11941 1 1
39688 6073 1 1
19394 14216 1 1
9743 44757 1 1
11941 16140 1 1
103792 11546 1 1
26370 9971 1 1
8921 7994 1 1
6487 101342 1 1
4553 20847 1 1
3690 30730 1 1
12565 13030 1 1
14904 3560 1 1
50570 12565 1 1
7491 25536 1 1
11546 20847 1 1
23276 14135 1 1
10897 95588 1 1
10250 101899 1 1
101979 23276 1 1
9724 9242 1 1
24149 6002 1 1
10633 7925 1 1
2672 10897 1 1
12991 8901 1 1
12317 41301 1 1
11715 68281 1 1
11754 7266 1 1
13567 7925 1 1
9702 2208 1 1
25536 101342 1 1
7721 11941 1 1
7038 100439 1 1
7721 97736 1 1
5015 27503 1 1
97920 15064 1 1
7925 9896 1 1
25348 6966 1 1
13381 10915 1 1
10549 16743 1 1
99444 25348 1 1
6002 105687 1 1
16140 8098 1 1
3305 5640 1 1
1464 11484 1 1
37868 4879 1 1
14158 7721 1 1
41613 24149 1 1
13337 20614 1 1
101979 17004 1 1
10841 105336 1 1
44757 55396 1 1
12960 5640 1 1
14805 3690 1 1
27503 18051 1 1
7383 4497 1 1
6860 6595 1 1
13195 8436 1 1
8634 4474 1 1
14824 10897 1 1
24149 95205 1 1
50421 11484 1 1
19437 55573 1 1
13195 36440 1 1
32252 12679 1 1
65150 8115 1 1
12565 1715 1 1
31494 3275 1 1
1865 7347 1 1
20653 11686 1 1
27503 41301 1 1
14135 65150 1 1
50570 11887 1 1
20780 7347 1 1
25583 2208 1 1
23276 6073 1 1
97120 24149 1 1
12704 11484 1 1
43853 6645 1 1
2768 3877 1 1
9896 10250 1 1
11415 5507 1 1
3587 6798 1 1
103282 2414 1 1
14766 2414 1 1
14158 8981 1 1
100510 5507 1 1
6383 6702 1 1
14805 8921 1 1
91694 10915 1 1
20755 5886 1 1
5977 8901 1 1
103639 7038 1 1
57096 6002 1 1
12565 12348 1 1
10731 45840 1 1
11754 11868 1 1
6860 25348 1 1
91546 8797 1 1
27503 28288 1 1
7113 6487 1 1
9724 11941 1 1
44229 1865 1 1
12864 19155 1 1
24696 2708 1 1
5640 2868 1 1
102707 44757 1 1
10549 9702 1 1
27503 9060 1 1
105932 7038 1 1
25201 50570 1 1
23276 7544 1 1
23348 8186 1 1
95891 5886 1 1
102272 6915 1 1
5977 91546 1 1
32800 16711 1 1
49892 2208 1 1
5886 11622 1 1
19155 32173 1 1
81878 18051 1 1
6702 3690 1 1
23348 13337 1 1
15156 96158 1 1
4879 41369 1 1
41301 23276 1 1
10296 9536 1 1
24763 20133 1 1
65982 12565 1 1
11868 6073 1 1
102272 17796 1 1
29117 6487 1 1
6860 7347 1 1
100804 2414 1 1
1865 11887 1 1
25148 12864 1 1
101319 4879 1 1
6798 105496 1 1
23129 11151 1 1
98584 12565 1 1
8064 49892 1 1
11151 10710 1 1
6941 16874 1 1
8098 12960 1 1
6002 12864 1 1
11686 99640 1 1
17796 5640 1 1
65982 48375 1 1
25536 11546 1 1
92046 11546 1 1
9702 104920 1 1
56326 10549 1 1
8981 13522 1 1
73931 4747 1 1
1572 99216 1 1
12704 100037 1 1
25536 87408 1 1
95407 5640 1 1
16157 7038 1 1
50252 5036 1 1
20780 96848 1 1
93657 14216 1 1
4423 7113 1 1
15650 9380 1 1
13499 19155 1 1
11686 7491 1 1
11322 11546 1 1
12679 13499 1 1
105877 1464 1 1
9702 12096 1 1
48375 106212 1 1
8186 25201 1 1
96507 48375 1 1
3092 17004 1 1
45753 65982 1 1
5507 103200 1 1
32800 6487 1 1
3390 5148 1 1
55396 25536 1 1
23348 9724 1 1
3515 100439 1 1
8186 8551 1 1
50421 27503 1 1
104375 23276 1 1
4879 5640 1 1
103141 25348 1 1
105102 102707 1 1
99292 7994 1 1
10479 11306 1 1
92032 12704 1 1
13567 30730 1 1
36440 19394 1 1
12116 1715 1 1
6860 23348 1 1
103448 3092 1 1
12052 15376 1 1
13499 8064 1 1
41232 8676 1 1
3305 95891 1 1
8115 101568 1 1
11902 1865 1 1
106431 36440 1 1
12460 101963 1 1
12052 1186 1 1
6002 16928 1 1
41061 7038 1 1
12460 12565 1 1
11546 44229 1 1
105850 3587 1 1
10804 10479 1 1
3305 3433 1 1
76035 11715 1 1
100037 1865 1 1
8115 25431 1 1
45840 3390 1 1
67831 10351 1 1
2868 11887 1 1
100790 11754 1 1
8186 103614 1 1
57096 5381 1 1
59376 2708 1 1
8186 15250 1 1
1464 22159 1 1
92243 8115 1 1
59376 41398 1 1
12679 8846 1 1
10036 48375 1 1
20780 98945 1 1
55573 12096 1 1
7925 97736 1 1
11686 38636 1 1
8825 14135 1 1
12052 40750 1 1
7925 96646 1 1
10095 12460 1 1
9125 7491 1 1
16620 10351 1 1
7038 11868 1 1
11686 5254 1 1
5036 68102 1 1
4531 8863 1 1
57389 101757 1 1
6576 10897 1 1
7134 65150 1 1
11754 10670 1 1
3611 6966 1 1
3650 11715 1 1
11819 36440 1 1
41613 55573 1 1
5742 68281 1 1
105716 30730 1 1
55573 106212 1 1
101899 10095 1 1
12317 49892 1 1
6645 7702 1 1
59376 91562 1 1
101056 7821 1 1
55573 96789 1 1
6645 6576 1 1
97736 4201 1 1
3275 7906 1 1
7038 8436 1 1
100510 6073 1 1
41315 6073 1 1
9830 68281 1 1
91694 12834 1 1
9012 16743 1 1
34944 12679 1 1
23348 4879 1 1
13989 19394 1 1
13030 11546 1 1
5423 10897 1 1
22756 27503 1 1
104533 21094 1 1
12539 1464 1 1
12917 57096 1 1
98006 45753 1 1
6487 97120 1 1
12679 7544 1 1
44682 12565 1 1
71438 6645 1 1
100243 5886 1 1
97053 59376 1 1
9220 5036 1 1
45840 3433 1 1
91562 30730 1 1
81878 14657 1 1
6645 6304 1 1
7113 25148 1 1
10508 36024 1 1
105102 9653 1 1
11355 5701 1 1
10479 95205 1 1
4747 93657 1 1
103448 7747 1 1
59376 104052 1 1
6915 25536 1 1
11686 99395 1 1
6487 27503 1 1
91747 11715 1 1
7857 61217 1 1
96789 59376 1 1
7465 55573 1 1
106388 12864 1 1
11484 96158 1 1
25348 48375 1 1
8115 8863 1 1
103448 13499 1 1
3515 106455 1 1
11754 8825 1 1
26370 16711 1 1
30730 1688 1 1
10452 106388 1 1
71813 12052 1 1
5036 11686 1 1
7444 12052 1 1
6798 17004 1 1
14692 13522 1 1
57096 12704 1 1
11715 41232 1 1
10549 48375 1 1
8098 6383 1 1
7721 14178 1 1
2768 12565 1 1
41398 12795 1 1
11798 11798 1 1
41432 5507 1 1
1715 25536 1 1
45840 9380 1 1
41613 14904 1 1
8676 11447 1 1
48375 25536 1 1
17258 99121 1 1
98945 13522 1 1
94592 20780 1 1
95073 36024 1 1
2768 9914 1 1
105731 11546 1 1
79625 37868 1 1
10479 10897 1 1
3433 100790 1 1
59376 98653 1 1
6487 25431 1 1
32252 18051 1 1
55396 16711 1 1
11715 100400 1 1
20847 12704 1 1
24149 8392 1 1
8901 5720 1 1
13030 19394 1 1
7038 3410 1 1
3433 4553 1 1
15064 8216 1 1
2672 9936 1 1
6966 8169 1 1
5015 9830 1 1
8981 56566 1 1
6966 26370 1 1
25536 41432 1 1
100534 5742 1 1
5148 25837 1 1
10479 95588 1 1
32119 11546 1 1
2208 48375 1 1
12960 14158 1 1
13989 101221 1 1
45237 16121 1 1
41128 104481 1 1
7544 12565 1 1
12864 9868 1 1
15650 6576 1 1
94117 1267 1 1
12096 25536 1 1
8981 16874 1 1
7016 16121 1 1
7491 17040 1 1
12795 11686 1 1
5792 50595 1 1
9936 16743 1 1
59376 12406 1 1
6798 50143 1 1
95891 55573 1 1
7266 41128 1 1
100510 25348 1 1
45429 4087 1 1
13499 10670 1 1
100945 10670 1 1
5977 9896 1 1
9868 15250 1 1
9702 6487 1 1
36440 55573 1 1
6002 28288 1 1
8098 11622 1 1
95073 13522 1 1
2768 43683 1 1
8098 3305 1 1
11735 16874 1 1
100439 25536 1 1
9702 6073 1 1
12368 24149 1 1
105102 32800 1 1
1647 11546 1 1
14135 13499 1 1
5662 40469 1 1
12565 10059 1 1
75552 48375 1 1
30730 95073 1 1
14135 8098 1 1
4497 10841 1 1
5742 8921 1 1
25837 16620 1 1
102272 5148 1 1
11546 10036 1 1
3390 10915 1 1
5792 10452 1 1
30730 106388 1 1
68281 3410 1 1
6645 54643 1 1
5640 13567 1 1
10841 25536 1 1
68281 10479 1 1
68281 9012 1 1
17796 41232 1 1
12052 6966 1 1
9293 15650 1 1
7113 100534 1 1
7925 8797 1 1
12565 24149 1 1
13195 13030 1 1
2708 11546 1 1
5886 32173 1 1
11546 105687 1 1
81878 101221 1 1
8846 9971 1 1
12917 34944 1 1
10915 16140 1 1
10250 56566 1 1
8901 59376 1 1
100534 25348 1 1
10897 12258 1 1
102707 3587 1 1
5036 104920 1 1
25348 41061 1 1
10351 11754 1 1
14135 5792 1 1
3305 98945 1 1
9380 11686 1 1
12565 1647 1 1
104342 11686 1 1
102707 1464 1 1
3515 43853 1 1
8921 7747 1 1
1715 6576 1 1
14842 41111 1 1
15064 15064 1 1
11415 6304 1 1
12795 12442 1 1
11415 9702 1 1
3650 8901 1 1
59555 10250 1 1
104937 1267 1 1
7544 15250 1 1
10452 23211 1 1
20780 24783 1 1
106498 48375 1 1
13499 42344 1 1
6002 27503 1 1
7038 96507 1 1
6383 12679 1 1
102623 3139 1 1
9830 6860 1 1
12152 24149 1 1
8551 8720 1 1
12539 25201 1 1
12565 12406 1 1
8863 5640 1 1
14178 12991 1 1
2834 41128 1 1
8551 105716 1 1
12679 11415 1 1
92243 8098 1 1
41301 16743 1 1
95073 13030 1 1
99395 59376 1 1
8551 9060 1 1
25431 15650 1 1
3390 15064 1 1
12864 7962 1 1
93657 25536 1 1
25348 5640 1 1
6383 18918 1 1
2834 101899 1 1
7313 44229 1 1
1942 45840 1 1
4497 99855 1 1
7821 105687 1 1
8115 3217 1 1
56109 24783 1 1
11686 5462 1 1
12864 48375 1 1
101757 29117 1 1
16620 11355 1 1
59376 94592 1 1
5640 77406 1 1
105102 97920 1 1
102733 8115 1 1
17796 68408 1 1
10059 12152 1 1
14216 6966 1 1
13522 6073 1 1
102707 12317 1 1
8186 28510 1 1
14158 7994 1 1
38442 7038 1 1
104375 1267 1 1
32252 7925 1 1
5065 1572 1 1
3611 10878 1 1
5886 93765 1 1
106498 5036 1 1
100037 6645 1 1
93683 11686 1 1
103200 11686 1 1
11941 91546 1 1
1865 20342 1 1
55573 3877 1 1
19155 15064 1 1
14842 41061 1 1
96262 11686 1 1
14842 44682 1 1
45237 6304 1 1
44682 5423 1 1
1688 59376 1 1
2208 2708 1 1
9380 11546 1 1
7721 7747 1 1
23276 101899 1 1
9312 16743 1 1
4553 8846 1 1
10250 14824 1 1
81878 55396 1 1
11484 12317 1 1
97979 2414 1 1
12679 5148 1 1
97031 8186 1 1
10841 7994 1 1
5977 12960 1 1
14135 43942 1 1
23348 41111 1 1
50595 12258 1 1
98006 45840 1 1
99640 5254 1 1
99517 3275 1 1
4747 102272 1 1
96158 20614 1 1
103282 9293 1 1
28288 12565 1 1
10841 10452 1 1
97845 5423 1 1
11941 56109 1 1
12116 8186 1 1
105102 12815 1 1
9724 7994 1 1
106212 14235 1 1
2208 6002 1 1
31106 7747 1 1
28288 20614 1 1
16121 101757 1 1
6619 45429 1 1
5036 65982 1 1
55573 105496 1 1
39688 24149 1 1
3515 10710 1 1
9868 96262 1 1
99121 8115 1 1
3515 15932 1 1
8115 91747 1 1
91591 11546 1 1
71813 7038 1 1
105877 7038 1 1
8653 6645 1 1
12406 1572 1 1
50595 2708 1 1
5036 45429 1 1
11546 106350 1 1
97845 13522 1 1
9242 33103 1 1
97120 55573 1 1
11754 9724 1 1
98653 5036 1 1
20535 13522 1 1
22756 9786 1 1
5640 7925 1 1
103614 59376 1 1
8863 20780 1 1
41315 5886 1 1
55396 5423 1 1
34088 103792 1 1
11484 91735 1 1
12116 11546 1 1
7134 41061 1 1
2834 3275 1 1
10479 15932 1 1
103525 4747 1 1
10452 5848 1 1
29117 12565 1 1
9914 59376 1 1
41128 7016 1 1
20614 41332 1 1
5254 97155 1 1
12795 21094 1 1
11228 101342 1 1
8901 3690 1 1
14158 41599 1 1
25201 12460 1 1
1688 48375 1 1
106246 20614 1 1
32252 25536 1 1
7134 3611 1 1
34944 22756 1 1
7444 45429 1 1
59376 7594 1 1
14178 7747 1 1
4531 13567 1 1
14637 81878 1 1
4497 41613 1 1
11715 13522 1 1
7383 106388 1 1
13567 5254 1 1
9576 15156 1 1
9380 105496 1 1
13195 71813 1 1
5507 105538 1 1
3139 14766 1 1
3952 8064 1 1
92243 3433 1 1
92243 3092 1 1
45658 11941 1 1
55573 16620 1 1
7906 8901 1 1
45753 96848 1 1
12864 105687 1 1
6487 5423 1 1
103027 105102 1 1
39688 21094 1 1
20614 14216 1 1
9012 5036 1 1
103214 24149 1 1
96848 8981 1 1
105025 6941 1 1
7491 12539 1 1
11686 13499 1 1
36440 12704 1 1
104052 11715 1 1
50570 12539 1 1
12795 8186 1 1
7821 65982 1 1
16290 4497 1 1
11686 5214 1 1
14710 3305 1 1
50421 50252 1 1
8551 105850 1 1
7721 5977 1 1
7721 32252 1 1
45429 5381 1 1
2414 99121 1 1
7821 99562 1 1
7038 16928 1 1
3690 8098 1 1
2834 25583 1 1
50143 7113 1 1
95891 11941 1 1
12460 87387 1 1
4582 3358 1 1
65150 7747 1 1
5848 77343 1 1
6576 12539 1 1
43853 33148 1 1
96507 59376 1 1
103792 9293 1 1
12116 41301 1 1
30730 14805 1 1
12565 101056 1 1
56566 14842 1 1
6487 9012 1 1
9380 20755 1 1
8901 48375 1 1
7721 9971 1 1
12795 99216 1 1
49892 5848 1 1
101994 8115 1 1
12460 8551 1 1
23348 3650 1 1
101221 59376 1 1
10059 6487 1 1
14216 7544 1 1
103525 12539 1 1
105102 11306 1 1
7491 7962 1 1
8115 6353 1 1
59376 5617 1 1
7925 104375 1 1
11715 6383 1 1
6941 105573 1 1
14135 9380 1 1
6383 97736 1 1
30730 96646 1 1
6645 97979 1 1
3433 9242 1 1
103639 20780 1 1
6860 49892 1 1
3690 71813 1 1
1464 56460 1 1
6383 11306 1 1
18292 6645 1 1
6487 7491 1 1
2768 5036 1 1
5254 12917 1 1
9576 5015 1 1
106498 6487 1 1
12565 32173 1 1
20847 22756 1 1
7702 12460 1 1
11546 8551 1 1
11546 94592 1 1
8901 102623 1 1
12704 6860 1 1
9830 16874 1 1
6002 103614 1 1
9830 98567 1 1
11686 96789 1 1
3217 5886 1 1
5254 27384 1 1
10351 91694 1 1
48375 97920 1 1
8981 1865 1 1
11546 6487 1 1
15650 2672 1 1
6487 12442 1 1
21094 9971 1 1
48375 98894 1 1
7491 1715 1 1
7491 18292 1 1
22756 12565 1 1
3611 7038 1 1
6576 19437 1 1
19091 27503 1 1
11754 14710 1 1
32301 48375 1 1
27503 9936 1 1
105716 10897 1 1
14842 99444 1 1
3092 15795 1 1
12679 11228 1 1
11754 14766 1 1
5640 12539 1 1
102151 12771 1 1
41128 104375 1 1
3587 99517 1 1
87387 1464 1 1
101221 3515 1 1
12795 9914 1 1
102504 8115 1 1
5848 18051 1 1
12052 14158 1 1
2768 12991 1 1
9953 14235 1 1
9971 3139 1 1
101221 6645 1 1
7383 17004 1 1
11686 5192 1 1
6966 12317 1 1
95073 36440 1 1
11715 11622 1 1
6576 105716 1 1
5640 8825 1 1
4497 12960 1 1
56566 6073 1 1
7491 13337 1 1
3305 99444 1 1
4497 95891 1 1
9971 5036 1 1
8981 24783 1 1
13499 43942 1 1
6383 99640 1 1
11715 8901 1 1
12917 17004 1 1
5254 10250 1 1
40469 10915 1 1
6487 6073 1 1
7491 8551 1 1
104035 71654 1 1
4553 7925 1 1
60225 19437 1 1
9312 9012 1 1
8186 29117 1 1
6966 100643 1 1
13522 6402 1 1
44682 17796 1 1
4497 25536 1 1
103639 5640 1 1
97053 9702 1 1
15650 2208 1 1
8186 20614 1 1
2768 10878 1 1
104533 14158 1 1
24149 11754 1 1
68102 1267 1 1
37868 98945 1 1
7465 16711 1 1
7113 20847 1 1
5792 68102 1 1
5254 99444 1 1
7925 12052 1 1
11686 75552 1 1
8981 9896 1 1
105877 4747 1 1
11941 7038 1 1
12565 19394 1 1
18051 32800 1 1
5254 14766 1 1
8921 3275 1 1
9953 6860 1 1
7925 9312 1 1
7038 97736 1 1
12565 96507 1 1
11546 8981 1 1
95073 5720 1 1
2414 5148 1 1
11686 9220 1 1
6487 7821 1 1
12864 20614 1 1
7134 99320 1 1
2414 6353 1 1
5640 26370 1 1
9576 43942 1 1
20847 106388 1 1
8901 23276 1 1
2208 7906 1 1
74021 20780 1 1
34944 5036 1 1
3952 5381 1 1
14657 59376 1 1
3690 10915 1 1
35645 10915 1 1
24783 7721 1 1
32252 5886 1 1
50595 44757 1 1
20780 30730 1 1
13989 6073 1 1
49892 13989 1 1
9786 36440 1 1
23348 11941 1 1
95073 20780 1 1
6645 9012 1 1
5640 10122 1 1
99444 7994 1 1
12679 9896 1 1
20431 10878 1 1
8551 12052 1 1
9786 59376 1 1
6402 5254 1 1
45237 11754 1 1
5036 7821 1 1
10822 25536 1 1
30730 8115 1 1
3611 55826 1 1
9424 9868 1 1
30730 103792 1 1
10710 49892 1 1
9810 14766 1 1
14842 41315 1 1
6002 25348 1 1
95588 8115 1 1
12348 25148 1 1
45840 7113 1 1
1865 92046 1 1
103282 23276 1 1
12539 41128 1 1
10391 13499 1 1
3275 17004 1 1
103792 13499 1 1
12052 5036 1 1
98006 24783 1 1
1865 26815 1 1
21094 12771 1 1
45429 105336 1 1
6487 12565 1 1
8115 6576 1 1
12460 103841 1 1
74021 6073 1 1
14842 98945 1 1
10915 34944 1 1
5254 57096 1 1
3433 59555 1 1
8676 8699 1 1
10897 11902 1 1
9380 7721 1 1
7906 4553 1 1
99292 3305 1 1
8846 3092 1 1
17796 14601 1 1
87387 5742 1 1
12442 11686 1 1
8846 5148 1 1
9724 21094 1 1
55573 13472 1 1
41369 5254 1 1
24783 96848 1 1
12565 87472 1 1
9830 11754 1 1
5036 6073 1 1
101979 7747 1 1
8901 3092 1 1
99216 17796 1 1
57389 32119 1 1
5254 6353 1 1
8098 3650 1 1
15064 10710 1 1
106388 5036 1 1
95073 8797 1 1
5036 87472 1 1
20614 14618 1 1
50252 6860 1 1
29596 4582 1 1
9242 7747 1 1
12679 59376 1 1
17796 10897 1 1
59376 7313 1 1
43942 3515 1 1
6206 8901 1 1
10250 8981 1 1
103525 2834 1 1
97011 13195 1 1
50252 5015 1 1
12539 100893 1 1
5015 23348 1 1
5792 7038 1 1
97053 12565 1 1
5036 32252 1 1
68281 16928 1 1
14216 95073 1 1
41369 4747 1 1
29117 41128 1 1
10804 12460 1 1
2672 30730 1 1
5015 12565 1 1
10452 2208 1 1
12795 48375 1 1
7491 47801 1 1
50570 2708 1 1
14178 56109 1 1
25201 11394 1 1
7038 2414 1 1
99292 20780 1 1
27503 50595 1 1
45237 12771 1 1
8863 10915 1 1
6860 5886 1 1
5742 98567 1 1
9971 12424 1 1
24783 3433 1 1
9830 22756 1 1
1715 105102 1 1
17796 3560 1 1
17796 98894 1 1
3690 12991 1 1
12704 17796 1 1
5423 16743 1 1
50595 7266 1 1
54154 24149 1 1
18309 6645 1 1
105102 9060 1 1
29596 29596 1 1
45658 5977 1 1
6645 2989 1 1
3433 98224 1 1
14904 103487 1 1
5423 9868 1 1
9971 12348 1 1
55573 9914 1 1
20780 6860 1 1
68408 10897 1 1
101899 7747 1 1
10841 13567 1 1
9012 19155 1 1
37868 97155 1 1
7962 12052 1 1
5192 14766 1 1
45840 100790 1 1
5886 56109 1 1
14158 41111 1 1
13240 13499 1 1
20755 7925 1 1
50421 81878 1 1
102707 10549 1 1
12864 1715 1 1
30730 8950 1 1
20847 105496 1 1
74021 8901 1 1
101056 7491 1 1
9653 6941 1 1
8863 8098 1 1
8921 6073 1 1
3390 17004 1 1
6992 16743 1 1
3877 5977 1 1
8901 100510 1 1
1464 41301 1 1
96158 8186 1 1
6645 18051 1 1
105336 20780 1 1
106212 11754 1 1
96627 48375 1 1
3587 9312 1 1
32301 97031 1 1
9743 3515 1 1
5640 14657 1 1
27503 4497 1 1
8825 3275 1 1
43942 7313 1 1
72334 12679 1 1
14235 14842 1 1
10374 8901 1 1
13337 32173 1 1
8825 8901 1 1
24149 97920 1 1
34944 6487 1 1
2768 56045 1 1
102623 12864 1 1
17796 101994 1 1
4497 99395 1 1
41301 5423 1 1
30730 10351 1 1
14904 6966 1 1
11715 7821 1 1
25536 19394 1 1
3515 50595 1 1
32252 2708 1 1
6487 5254 1 1
10670 5977 1 1
7857 16690 1 1
9424 11546 1 1
15650 2708 1 1
14904 16711 1 1
6487 99395 1 1
103200 25348 1 1
11715 7721 1 1
4497 97736 1 1
5036 8653 1 1
9380 41315 1 1
34088 12258 1 1
6966 41232 1 1
5584 7038 1 1
6941 6941 1 1
6966 41061 1 1
3305 10841 1 1
104375 5036 1 1
12442 11546 1 1
14842 10351 1 1
24149 104035 1 1
11546 8533 1 1
3650 7113 1 1
9896 8098 1 1
18051 34944 1 1
9702 95073 1 1
9380 48375 1 1
3690 3305 1 1
25536 105716 1 1
14135 6073 1 1
91694 8950 1 1
20780 9810 1 1
94592 55573 1 1
7721 4497 1 1
99320 7925 1 1
14158 9896 1 1
9380 11622 1 1
5324 10915 1 1
4497 13522 1 1
97901 7721 1 1
25536 5015 1 1
8115 8115 1 1
98653 55573 1 1
2414 96700 1 1
5848 13337 1 1
14158 95073 1 1
11686 6860 1 1
8169 10250 1 1
104086 25348 1 1
9012 8115 1 1
20402 7821 1 1
103027 11484 1 1
45840 99395 1 1
5742 77406 1 1
6966 10122 1 1
12795 97031 1 1
4497 7465 1 1
3305 57096 1 1
13435 7134 1 1
6966 91591 1 1
9971 2834 1 1
25148 10059 1 1
8186 9830 1 1
8901 8797 1 1
59376 9971 1 1
5742 103027 1 1
5792 13499 1 1
26815 105956 1 1
41613 3515 1 1
19394 5848 1 1
28288 5848 1 1
25536 8323 1 1
32173 22756 1 1
25837 5254 1 1
5640 9971 1 1
6487 14904 1 1
25148 26370 1 1
105850 6576 1 1
12679 8797 1 1
6645 11902 1 1
9971 68281 1 1
25536 56326 1 1
9536 10915 1 1
3092 3305 1 1
6383 3275 1 1
10670 40750 1 1
9810 55573 1 1
97901 7544 1 1
11306 32800 1 1
105102 100804 1 1
2708 6619 1 1
41128 96871 1 1
7383 15064 1 1
2768 10670 1 1
103722 9702 1 1
12565 9012 1 1
103792 5254 1 1
18051 12864 1 1
25348 7465 1 1
15064 8797 1 1
6798 5254 1 1
6487 2208 1 1
14766 14216 1 1
41332 10036 1 1
6645 9743 1 1
24149 12960 1 1
3305 55573 1 1
4747 91735 1 1
12679 10508 1 1
6553 4423 1 1
97845 11754 1 1
7038 20847 1 1
6915 5662 1 1
5640 9810 1 1
41232 10095 1 1
73931 7266 1 1
106365 59376 1 1
10897 25536 1 1
16620 5792 1 1
98894 6002 1 1
105687 11686 1 1
11686 13030 1 1
65982 20614 1 1
8846 6073 1 1
8115 100400 1 1
40571 12052 1 1
6645 55573 1 1
95811 7821 1 1
3305 101899 1 1
24149 100534 1 1
41332 25536 1 1
11394 5423 1 1
91694 5254 1 1
10549 6966 1 1
8115 15932 1 1
8846 2414 1 1
50570 44757 1 1
41369 30730 1 1
1572 4879 1 1
54643 7821 1 1
17796 103525 1 1
14216 6487 1 1
19437 6002 1 1
12442 9971 1 1
20614 5617 1 1
8901 100243 1 1
28288 44757 1 1
20847 44682 1 1
32173 2834 1 1
98945 13499 1 1
3877 14710 1 1
2708 5792 1 1
4423 6798 1 1
2208 11228 1 1
12704 36024 1 1
100439 11686 1 1
8676 11735 1 1
8186 6915 1 1
29117 101568 1 1
3650 13499 1 1
91694 2672 1 1
41111 2768 1 1
55573 96569 1 1
96158 10479 1 1
100790 16711 1 1
14158 41128 1 1
5036 73931 1 1
41128 9810 1 1
20614 13472 1 1
98610 7994 1 1
45429 48375 1 1
20755 45840 1 1
105716 20342 1 1
3690 56045 1 1
43942 14904 1 1
6645 105687 1 1
12258 12152 1 1
3515 22159 1 1
11686 6073 1 1
97736 10452 1 1
41128 9220 1 1
8186 34944 1 1
59376 28510 1 1
5036 100439 1 1
32173 6487 1 1
9971 9220 1 1
6966 9012 1 1
56045 6073 1 1
4553 103639 1 1
5886 10841 1 1
75552 5036 1 1
8676 65150 1 1
105336 24149 1 1
49892 27503 1 1
101899 14158 1 1
7544 5254 1 1
97619 12704 1 1
9971 13989 1 1
9953 2208 1 1
103027 14216 1 1
11715 12406 1 1
12096 5036 1 1
27503 8216 1 1
50143 6553 1 1
14710 10250 1 1
5584 3515 1 1
30730 6353 1 1
3275 30730 1 1
9914 7465 1 1
102200 7491 1 1
12565 18292 1 1
10095 23211 1 1
1688 49892 1 1
7925 11868 1 1
6619 3515 1 1
47801 5640 1 1
39688 6860 1 1
2834 41315 1 1
49892 6002 1 1
54643 6487 1 1
96158 11686 1 1
5036 5148 1 1
5254 18918 1 1
10122 55573 1 1
101979 11754 1 1
4423 6487 1 1
14710 8797 1 1
5192 106388 1 1
6383 6073 1 1
4822 13522 1 1
101221 7038 1 1
70530 20431 1 1
6487 16711 1 1
5036 7313 1 1
20088 29596 1 1
14601 5640 1 1
10250 99292 1 1
11546 12317 1 1
48375 76035 1 1
100534 71654 1 1
14216 4747 1 1
45237 13522 1 1
14824 14216 1 1
20342 41232 1 1
9220 6487 1 1
11754 5886 1 1
3650 57096 1 1
7925 68939 1 1
3092 34944 1 1
101221 7491 1 1
3611 36440 1 1
36440 102623 1 1
10670 3690 1 1
95073 7747 1 1
35645 5886 1 1
10036 20614 1 1
6383 7347 1 1
48375 2708 1 1
10841 13499 1 1
3611 7491 1 1
23129 8115 1 1
48375 12348 1 1
4497 105336 1 1
12771 104035 1 1
11715 2868 1 1
8186 103282 1 1
3092 11754 1 1
11798 91546 1 1
103639 2414 1 1
22774 12679 1 1
32119 29117 1 1
10549 85619 1 1
7313 6353 1 1
4879 7347 1 1
7038 105039 1 1
12442 2414 1 1
41398 17004 1 1
36127 99640 1 1
4553 9576 1 1
4497 59376 1 1
103792 6002 1 1
36440 55396 1 1
8676 4553 1 1
10878 25348 1 1
9012 102272 1 1
103200 12565 1 1
71654 2414 1 1
5640 14637 1 1
5214 6595 1 1
12460 77406 1 1
9702 16711 1 1
6645 102623 1 1
6002 5792 1 1
12406 25201 1 1
12565 54643 1 1
30730 14692 1 1
6645 19437 1 1
50595 10841 1 1
3092 98210 1 1
14842 3305 1 1
3410 9424 1 1
7038 37868 1 1
8825 10250 1 1
8551 6353 1 1
71438 55573 1 1
55573 97053 1 1
13499 8950 1 1
50252 25148 1 1
6941 8098 1 1
94592 5507 1 1
24149 11686 1 1
11546 91546 1 1
32800 23398 1 1
6487 50252 1 1
7347 3650 1 1
7266 10897 1 1
53837 12565 1 1
9293 68281 1 1
24783 3139 1 1
41613 17796 1 1
11484 50570 1 1
25348 6402 1 1
99292 14158 1 1
7906 16290 1 1
13989 41128 1 1
14824 14235 1 1
9220 6073 1 1
5507 18051 1 1
8676 47801 1 1
6487 11686 1 1
5977 3305 1 1
45753 99562 1 1
20780 7594 1 1
65150 30730 1 1
9953 4879 1 1
98945 2834 1 1
24783 10250 1 1
97845 7313 1 1
68281 1572 1 1
3305 2745 1 1
10670 98210 1 1
1572 27337 1 1
8323 6915 1 1
9724 5742 1 1
45753 9971 1 1
100439 59376 1 1
3690 7383 1 1
37868 41061 1 1
11715 57953 1 1
98584 12460 1 1
98894 11686 1 1
20342 5036 1 1
13030 7544 1 1
4879 8098 1 1
4497 25837 1 1
106388 5015 1 1
5792 5015 1 1
6941 103614 1 1
14766 3690 1 1
13499 27384 1 1
4497 7747 1 1
6595 6073 1 1
56109 5640 1 1
13989 55396 1 1
105731 20614 1 1
10841 4423 1 1
105102 22756 1 1
36024 71813 1 1
1865 96627 1 1
11546 33148 1 1
21094 6595 1 1
95219 9702 1 1
87387 25201 1 1
49892 16711 1 1
3611 9012 1 1
97736 16928 1 1
3410 10897 1 1
10059 95073 1 1
44757 97920 1 1
12679 61202 1 1
8115 56566 1 1
5254 22774 1 1
48375 15064 1 1
2672 68281 1 1
97120 34088 1 1
5148 73931 1 1
11735 2414 1 1
57096 34944 1 1
7113 105496 1 1
1464 8115 1 1
5254 12052 1 1
14710 11798 1 1
99320 14842 1 1
101979 8098 1 1
9702 97031 1 1
7925 103448 1 1
29117 105850 1 1
12864 12565 1 1
19091 10059 1 1
7113 105336 1 1
3433 97120 1 1
41332 7544 1 1
97920 3433 1 1
48375 7313 1 1
8186 7491 1 1
12960 56566 1 1
11902 49892 1 1
28288 36024 1 1
14601 4553 1 1
7721 5848 1 1
13499 99320 1 1
12052 8216 1 1
15650 71654 1 1
9830 55573 1 1
11754 12258 1 1
41332 49892 1 1
25431 45237 1 1
56326 8592 1 1
6487 7313 1 1
14805 5977 1 1
5381 15519 1 1
25431 12460 1 1
55573 10710 1 1
9702 17796 1 1
18292 12460 1 1
4497 9424 1 1
6860 16874 1 1
11754 9125 1 1
12917 104086 1 1
25148 9702 1 1
103841 5742 1 1
11322 6645 1 1
5036 10508 1 1
3587 11982 1 1
9380 10670 1 1
13522 102707 1 1
41369 25348 1 1
14692 3358 1 1
11715 105538 1 1
9012 11394 1 1
25348 15376 1 1
6798 23276 1 1
20653 59376 1 1
11546 20653 1 1
55573 16140 1 1
12704 12679 1 1
23276 103448 1 1
8186 11484 1 1
25348 2208 1 1
7347 13522 1 1
14657 4879 1 1
39026 57389 1 1
12052 15552 1 1
5720 14692 1 1
98006 14178 1 1
7038 102504 1 1
27503 12704 1 1
9576 41350 1 1
9702 29117 1 1
9786 8699 1 1
11546 7266 1 1
55573 6002 1 1
12771 3515 1 1
10250 20755 1 1
12864 6304 1 1
5662 6134 1 1
11715 3390 1 1
45658 45840 1 1
11546 47004 1 1
105336 20847 1 1
3305 103525 1 1
3587 11306 1 1
20780 59376 1 1
5886 30730 1 1
11868 14235 1 1
99121 6645 1 1
10633 14158 1 1
18918 7038 1 1
2208 13522 1 1
12960 45840 1 1
48375 6619 1 1
13522 6798 1 1
3560 25348 1 1
8292 9868 1 1
37290 32800 1 1
65150 14216 1 1
44229 12565 1 1
59376 11228 1 1
3433 14710 1 1
6002 9702 1 1
5036 41204 1 1
6437 11546 1 1
27503 19437 1 1
10549 44682 1 1
41332 4497 1 1
10095 11228 1 1
9012 55573 1 1
56109 9971 1 1
10549 8115 1 1
6002 16121 1 1
13337 14904 1 1
14710 16928 1 1
14216 28510 1 1
14135 102623 1 1
100945 3433 1 1
25536 95073 1 1
5640 6595 1 1
12539 12442 1 1
12917 103012 1 1
30730 7347 1 1
14135 7594 1 1
5662 6304 1 1
12539 41369 1 1
25837 30730 1 1
9242 92243 1 1
14824 7721 1 1
20614 99395 1 1
11715 100510 1 1
7113 16874 1 1
11228 25536 1 1
7113 15519 1 1
10095 98945 1 1
101899 14842 1 1
7347 2834 1 1
11798 95073 1 1
8901 101319 1 1
55573 75552 1 1
15064 7721 1 1
11868 16928 1 1
105731 11686 1 1
2708 6992 1 1
23348 49892 1 1
55573 101171 1 1
6553 16290 1 1
32173 20614 1 1
44682 10897 1 1
15064 9810 1 1
8653 12539 1 1
16620 20614 1 1
10670 99517 1 1
106246 10411 1 1
87472 20614 1 1
8592 100534 1 1
41599 14135 1 1
5640 3139 1 1
20847 2834 1 1
55013 16743 1 1
11715 5036 1 1
16140 5886 1 1
23348 37868 1 1
96262 16928 1 1
6576 8720 1 1
9012 11686 1 1
47004 10411 1 1
103346 6487 1 1
11394 6915 1 1
7266 68281 1 1
30730 10915 1 1
65150 13989 1 1
99517 3433 1 1
12460 101342 1 1
12442 17796 1 1
19722 8901 1 1
68281 2708 1 1
12917 8846 1 1
9830 19437 1 1
8551 102707 1 1
5792 7721 1 1
2745 3650 1 1
6487 97901 1 1
104342 49892 1 1
4497 5214 1 1
2834 7383 1 1
25431 85619 1 1
4497 10036 1 1
25583 30730 1 1
7038 7994 1 1
2414 12815 1 1
3611 9786 1 1
13522 9971 1 1
8064 20614 1 1
45753 13567 1 1
7906 6073 1 1
102707 11754 1 1
8352 25148 1 1
14692 10250 1 1
10411 105716 1 1
20780 8846 1 1
3690 20780 1 1
29117 17796 1 1
95891 8921 1 1
11686 9868 1 1
7491 50570 1 1
11715 4497 1 1
5254 11868 1 1
5662 12565 1 1
49892 104920 1 1
7491 100439 1 1
23348 3305 1 1
17796 20614 1 1
20431 60225 1 1
8115 16874 1 1
3092 5977 1 1
7038 3358 1 1
4497 9896 1 1
7313 8720 1 1
23348 48375 1 1
104375 11686 1 1
87387 11715 1 1
14824 7383 1 1
32119 16121 1 1
106388 4553 1 1
14842 1715 1 1
3305 7994 1 1
2768 9380 1 1
95219 3952 1 1
98945 2414 1 1
7491 19155 1 1
13472 12565 1 1
2208 9936 1 1
41369 7994 1 1
44682 11394 1 1
100804 8186 1 1
5640 73931 1 1
45429 20614 1 1
25536 12052 1 1
8115 100534 1 1
25536 6002 1 1
8901 14235 1 1
7038 3650 1 1
4879 96871 1 1
30730 99593 1 1
8921 25583 1 1
103722 49892 1 1
3390 8921 1 1
18292 5662 1 1
15064 12565 1 1
11686 81878 1 1
100790 23348 1 1
20780 9953 1 1
11484 102151 1 1
11546 7491 1 1
14726 14787 1 1
98945 12539 1 1
12052 6487 1 1
102623 5640 1 1
9786 5036 1 1
85619 7266 1 1
10059 9914 1 1
44229 6304 1 1
11754 7994 1 1
59376 11715 1 1
20614 34088 1 1
15064 101250 1 1
20847 3305 1 1
3587 9060 1 1
8825 2834 1 1
9830 19091 1 1
55573 12960 1 1
14824 1865 1 1
6860 3390 1 1
41613 17004 1 1
2414 23348 1 1
25148 6941 1 1
34944 27384 1 1
5254 20847 1 1
9312 2414 1 1
48375 97011 1 1
3217 20847 1 1
12317 10250 1 1
41369 3650 1 1
10915 2745 1 1
15156 12864 1 1
12258 6487 1 1
6966 91694 1 1
95205 29117 1 1
7038 7134 1 1
37868 7444 1 1
11715 99216 1 1
12052 102272 1 1
48375 67519 1 1
97920 59376 1 1
22756 21094 1 1
11868 5977 1 1
4822 12679 1 1
2672 23276 1 1
100534 105102 1 1
55573 50143 1 1
14805 14158 1 1
22756 13030 1 1
14766 3587 1 1
10731 10915 1 1
38442 20342 1 1
98894 29117 1 1
7313 55573 1 1
16121 105877 1 1
9242 3275 1 1
5507 41232 1 1
8115 96848 1 1
13499 6553 1 1
7038 97979 1 1
99320 3092 1 1
11228 8216 1 1
96262 19437 1 1
7925 8115 1 1
39688 105102 1 1
9702 7925 1 1
24149 16711 1 1
12052 8797 1 1
43942 12864 1 1
98704 11546 1 1
59555 7747 1 1
12704 7266 1 1
68102 20780 1 1
6860 8699 1 1
100439 7821 1 1
14710 20780 1 1
2672 11415 1 1
8676 105039 1 1
45753 45840 1 1
13499 6619 1 1
55573 106350 1 1
4964 4201 1 1
105687 5662 1 1
33103 11715 1 1
20780 102623 1 1
12679 5507 1 1
4497 7857 1 1
12052 10508 1 1
13337 11546 1 1
25536 28510 1 1
7113 20780 1 1
9702 19437 1 1
85619 9293 1 1
12991 11715 1 1
77343 10841 1 1
3217 12052 1 1
11546 12864 1 1
24149 6353 1 1
7721 99517 1 1
45658 9971 1 1
25536 3515 1 1
11686 6941 1 1
106388 3650 1 1
5148 10351 1 1
7038 103012 1 1
9576 18051 1 1
7038 103214 1 1
1647 9702 1 1
73931 4497 1 1
50595 71654 1 1
101994 24149 1 1
7491 77406 1 1
5640 102504 1 1
102466 8676 1 1
5324 12052 1 1
55396 32800 1 1
68281 7465 1 1
11394 12565 1 1
9786 32301 1 1
1538 5662 1 1
12679 19394 1 1
30730 5507 1 1
9702 28288 1 1
7383 7747 1 1
65150 20780 1 1
12565 32301 1 1
106431 1267 1 1
7906 12917 1 1
5015 9380 1 1
11546 94117 1 1
22756 55573 1 1
11715 3217 1 1
43683 77343 1 1
6860 7925 1 1
12052 103525 1 1
1865 7038 1 1
13522 41232 1 1
101979 8981 1 1
103200 7038 1 1
96569 49892 1 1
13306 4201 1 1
5662 10804 1 1
41128 101979 1 1
23276 41599 1 1
5977 14842 1 1
103200 6073 1 1
11902 9702 1 1
11622 3275 1 1
3433 9724 1 1
54643 5662 1 1
13522 20780 1 1
36024 7444 1 1
103792 25431 1 1
14158 92243 1 1
7491 65982 1 1
97845 6304 1 1
5381 6645 1 1
5792 9896 1 1
3092 41369 1 1
12348 9702 1 1
17796 5423 1 1
24149 32119 1 1
16140 5640 1 1
16620 48375 1 1
6002 41398 1 1
8921 12960 1 1
9830 11546 1 1
11686 5792 1 1
3410 6860 1 1
8098 3390 1 1
1865 8901 1 1
26370 6073 1 1
20780 20780 1 1
5036 96569 1 1
2834 10250 1 1
4879 16808 1 1
13195 103012 1 1
10250 13522 1 1
9830 9702 1 1
12565 2208 1 1
6553 45840 1 1
14842 100243 1 1
29117 2989 1 1
5720 14766 1 1
25536 105102 1 1
9830 16121 1 1
56566 2834 1 1
3275 8863 1 1
8981 99855 1 1
95205 15064 1 1
8846 7544 1 1
41301 44757 1 1
2708 55396 1 1
11887 44682 1 1
50143 6860 1 1
6966 5507 1 1
6645 102200 1 1
8186 101963 1 1
14824 23276 1 1
6860 91546 1 1
25148 8186 1 1
7544 11686 1 1
10059 48375 1 1
104533 14178 1 1
27503 9743 1 1
8699 2768 1 1
3410 50143 1 1
5742 98006 1 1
22774 2834 1 1
105877 10479 1 1
25536 11484 1 1
22756 49892 1 1
12771 100804 1 1
20780 106388 1 1
7038 16121 1 1
20780 20847 1 1
9896 23348 1 1
1572 33455 1 1
23348 101221 1 1
1865 12442 1 1
34944 3650 1 1
29117 102707 1 1
41111 6073 1 1
45753 102623 1 1
25536 12258 1 1
25536 8754 1 1
13499 8115 1 1
14766 13522 1 1
5742 6595 1 1
12565 91591 1 1
41111 14178 1 1
14904 105336 1 1
87472 49892 1 1
6966 41599 1 1
56326 7925 1 1
50595 29117 1 1
11902 26815 1 1
7016 6073 1 1
25148 27503 1 1
13195 2369 1 1
5254 5640 1 1
25536 41613 1 1
36440 96848 1 1
8901 4879 1 1
44682 9293 1 1
30730 39688 1 1
7906 3139 1 1
6645 105716 1 1
9220 71654 1 1
26815 102330 1 1
59376 7016 1 1
8901 101899 1 1
5507 15932 1 1
3139 14178 1 1
96848 5742 1 1
17258 45429 1 1
10878 16928 1 1
87387 16928 1 1
10351 8846 1 1
96646 23276 1 1
6860 103027 1 1
103448 7994 1 1
12258 68281 1 1
14904 23398 1 1
7383 20780 1 1
8115 100510 1 1
15650 19437 1 1
9810 24783 1 1
55573 13522 1 1
73931 25348 1 1
98006 16711 1 1
3305 11715 1 1
15650 12116 1 1
23211 7295 1 1
2834 14158 1 1
3433 7747 1 1
15064 25536 1 1
32173 11546 1 1
14842 9810 1 1
5507 97920 1 1
97155 17796 1 1
56326 16928 1 1
41369 13522 1 1
5662 15552 1 1
8098 7925 1 1
6915 55573 1 1
21094 71654 1 1
10351 8981 1 1
71438 5662 1 1
103525 3650 1 1
9012 9914 1 1
24149 2868 1 1
24149 96700 1 1
5848 97920 1 1
12317 11754 1 1
4201 6860 1 1
25348 25583 1 1
12052 56326 1 1
11151 62152 1 1
8186 25348 1 1
6645 44229 1 1
11686 10549 1 1
11546 96627 1 1
9868 8392 1 1
48375 33103 1 1
2208 11415 1 1
5214 12258 1 1
5036 62152 1 1
65150 11754 1 1
24149 96551 1 1
10479 97920 1 1
34944 9868 1 1
25536 100643 1 1
5148 6073 1 1
7038 7594 1 1
11484 12771 1 1
11798 14842 1 1
6402 14158 1 1
14904 96627 1 1
7134 25348 1 1
2414 8863 1 1
18051 13030 1 1
11941 14824 1 1
7491 96262 1 1
10095 103448 1 1
17796 1865 1 1
24149 6619 1 1
8676 11686 1 1
3390 3305 1 1
8901 100400 1 1
13306 9424 1 1
9380 10351 1 1
10878 14842 1 1
3092 105336 1 1
8098 104375 1 1
50421 10479 1 1
8098 7721 1 1
3410 11546 1 1
96507 55573 1 1
10731 106388 1 1
7925 103282 1 1
9702 23348 1 1
24149 21094 1 1
11686 17004 1 1
5036 97155 1 1
3611 28510 1 1
99444 7747 1 1
21094 20614 1 1
20614 8436 1 1
5462 6002 1 1
3515 9125 1 1
100848 49892 1 1
5507 32119 1 1
24783 95891 1 1
1865 87422 1 1
1865 8115 1 1
10479 37290 1 1
10897 5507 1 1
87387 9971 1 1
5662 19722 1 1
34088 103722 1 1
8323 17004 1 1
9830 5977 1 1
98894 5423 1 1
9312 21094 1 1
106350 12565 1 1
16140 2768 1 1
95891 17004 1 1
10059 19394 1 1
12565 7134 1 1
55396 15250 1 1
41432 6073 1 1
16140 6073 1 1
8699 6383 1 1
15552 50595 1 1
59376 7465 1 1
3611 81878 1 1
8592 43942 1 1
7016 3305 1 1
71438 12565 1 1
9702 96569 1 1
77343 6860 1 1
6941 14692 1 1
13522 10878 1 1
97011 59376 1 1
9724 7747 1 1
20402 9914 1 1
50421 20614 1 1
11754 8981 1 1
5423 49892 1 1
8921 11868 1 1
98210 23211 1 1
10897 14766 1 1
41095 2414 1 1
11546 9936 1 1
41432 24149 1 1
20342 10411 1 1
2834 5214 1 1
34944 106388 1 1
105687 12539 1 1
103282 3515 1 1
20614 3515 1 1
6487 45753 1 1
48375 44757 1 1
20780 12565 1 1
6383 106388 1 1
1865 6073 1 1
14805 2834 1 1
57096 30730 1 1
12771 9312 1 1
11754 7721 1 1
106246 7491 1 1
8981 5254 1 1
12771 7266 1 1
6383 43853 1 1
23398 7038 1 1
44757 19437 1 1
5792 15650 1 1
14842 3650 1 1
41204 7491 1 1
8115 103214 1 1
50421 32173 1 1
4747 12771 1 1
1572 8392 1 1
1647 5036 1 1
23276 9380 1 1
41332 6966 1 1
10897 9380 1 1
16140 9380 1 1
8981 41111 1 1
100790 7747 1 1
6966 6576 1 1
7491 6860 1 1
9896 11715 1 1
6487 106455 1 1
41128 81878 1 1
10878 7747 1 1
5640 3433 1 1
15795 4087 1 1
14842 2834 1 1
22774 4423 1 1
32301 49892 1 1
14824 3433 1 1
6915 8720 1 1
11546 19437 1 1
6645 9702 1 1
10250 96262 1 1
3390 14158 1 1
95205 57389 1 1
14824 7038 1 1
9312 13499 1 1
39688 8981 1 1
49892 105102 1 1
44757 98021 1 1
9702 28510 1 1
10250 6383 1 1
1464 106455 1 1
14710 25348 1 1
65150 13522 1 1
11686 10710 1 1
105102 96700 1 1
25348 6595 1 1
50143 27384 1 1
68939 13522 1 1
2208 102623 1 1
19155 27503 1 1
8863 10351 1 1
106350 5036 1 1
105716 6915 1 1
20133 5015 1 1
11686 2768 1 1
13522 103448 1 1
7134 93657 1 1
105496 4423 1 1
3690 9953 1 1
3877 96848 1 1
6860 16743 1 1
10897 1715 1 1
27503 19394 1 1
12679 13195 1 1
30730 22774 1 1
4497 10351 1 1
97120 2834 1 1
44682 7266 1 1
71438 49892 1 1
29117 5507 1 1
14637 16928 1 1
41599 13499 1 1
3305 14692 1 1
32173 6002 1 1
3611 12565 1 1
20614 6487 1 1
97920 6645 1 1
8653 12864 1 1
17796 100400 1 1
100510 8592 1 1
34944 19155 1 1
101342 9868 1 1
5507 56326 1 1
5036 21094 1 1
48375 91591 1 1
6941 14216 1 1
9012 12460 1 1
3433 91694 1 1
6860 6002 1 1
6383 93657 1 1
6645 3515 1 1
12539 8551 1 1
6437 5036 1 1
1464 12424 1 1
4497 9868 1 1
43683 4497 1 1
8186 20780 1 1
8186 106212 1 1
43853 23348 1 1
16121 15932 1 1
12348 5036 1 1
3139 8846 1 1
73931 14216 1 1
7925 99444 1 1
9971 10122 1 1
50143 12917 1 1
95407 6645 1 1
9293 9936 1 1
59376 9743 1 1
7906 17796 1 1
103722 6487 1 1
5148 103792 1 1
4531 14135 1 1
17796 32119 1 1
6702 10915 1 1
12565 97920 1 1
12539 11887 1 1
11228 5792 1 1
5662 8653 1 1
41301 9293 1 1
5015 10878 1 1
13522 41301 1 1
50595 12116 1 1
9125 1865 1 1
6860 8186 1 1
59376 47004 1 1
40571 7721 1 1
12795 87387 1 1
95073 6860 1 1
7491 11484 1 1
20780 100790 1 1
17796 96262 1 1
6383 6798 1 1
36440 11798 1 1
10878 4879 1 1
96613 2414 1 1
104920 11686 1 1
32173 101221 1 1
45237 25536 1 1
5977 3433 1 1
8115 91694 1 1
99216 5640 1 1
11686 10529 1 1
6645 15932 1 1
55573 7721 1 1
102623 36024 1 1
11622 6383 1 1
9312 6576 1 1
18051 10059 1 1
10670 40571 1 1
9702 5848 1 1
14216 5640 1 1
59376 9012 1 1
25201 43942 1 1
12864 44229 1 1
5792 13522 1 1
8292 9830 1 1
3740 13499 1 1
6383 3139 1 1
8754 20402 1 1
91694 6798 1 1
2768 56109 1 1
9914 48375 1 1
4879 69206 1 1
6966 6915 1 1
13195 7491 1 1
44682 44757 1 1
9702 12052 1 1
42344 3690 1 1
17796 39688 1 1
105102 16121 1 1
97120 9576 1 1
56045 9971 1 1
6860 6941 1 1
15932 17796 1 1
4497 103448 1 1
25348 14824 1 1
11394 9936 1 1
17209 7038 1 1
41350 2414 1 1
76035 17796 1 1
5148 13567 1 1
13381 6383 1 1
10633 20780 1 1
13499 1688 1 1
3807 7038 1 1
59555 12960 1 1
5192 14710 1 1
2768 7721 1 1
7906 11715 1 1
95073 48375 1 1
8921 3433 1 1
11754 93657 1 1
7038 101757 1 1
11686 8292 1 1
10508 10479 1 1
7016 2414 1 1
7544 37868 1 1
6860 28510 1 1
20780 41398 1 1
9702 8392 1 1
10710 17796 1 1
29117 5742 1 1
25536 2208 1 1
15064 9896 1 1
97845 15552 1 1
91591 11754 1 1
12679 85619 1 1
91694 20780 1 1
21094 8720 1 1
7295 10670 1 1
10670 4553 1 1
2708 9702 1 1
32800 3807 1 1
16290 7925 1 1
17796 105850 1 1
87408 12565 1 1
45753 5640 1 1
99855 20780 1 1
23276 105716 1 1
103841 17796 1 1
11754 104342 1 1
2414 99320 1 1
11546 71438 1 1
8551 10479 1 1
6487 47004 1 1
102623 7925 1 1
10915 41030 1 1
100893 12460 1 1
4201 2208 1 1
92032 11546 1 1
12704 15552 1 1
50252 18051 1 1
104920 6487 1 1
101899 5148 1 1
10670 8901 1 1
12795 9936 1 1
41128 8797 1 1
14158 41369 1 1
103282 11754 1 1
8115 105877 1 1
34944 8950 1 1
81878 43853 1 1
2414 12460 1 1
48375 32252 1 1
100643 81878 1 1
5792 16928 1 1
25837 10452 1 1
44682 7994 1 1
10670 23348 1 1
41232 6073 1 1
40750 3433 1 1
5254 102272 1 1
11686 6915 1 1
10915 6116 1 1
104086 25148 1 1
16140 2208 1 1
3515 19394 1 1
3275 7544 1 1
8901 8863 1 1
7383 9971 1 1
9971 14158 1 1
19394 24149 1 1
11754 95891 1 1
6619 15064 1 1
103200 20614 1 1
97663 16928 1 1
41315 5640 1 1
59376 13337 1 1
23211 22774 1 1
10897 103792 1 1
56045 8098 1 1
25536 5423 1 1
5507 97979 1 1
5036 95073 1 1
6860 8921 1 1
13472 49892 1 1
12539 6073 1 1
12679 7906 1 1
14842 9936 1 1
25348 10122 1 1
59376 10059 1 1
103487 12679 1 1
5381 8064 1 1
57389 57389 1 1
22756 59376 1 1
101171 11546 1 1
15250 9914 1 1
12960 105102 1 1
23348 8797 1 1
44682 6304 1 1
43683 7747 1 1
100750 9576 1 1
79625 59376 1 1
25536 96262 1 1
105336 6553 1 1
9971 4747 1 1
91747 8676 1 1
14766 11941 1 1
105731 59376 1 1
11546 17796 1 1
3305 10250 1 1
71654 11754 1 1
97901 4497 1 1
22756 36440 1 1
55573 101221 1 1
41232 12539 1 1
6645 41398 1 1
8098 29117 1 1
10479 105102 1 1
11546 98894 1 1
25536 15250 1 1
4497 12917 1 1
96262 45840 1 1
24149 105956 1 1
13522 41061 1 1
102504 2414 1 1
12960 9380 1 1
41128 10095 1 1
30730 8797 1 1
3305 10351 1 1
96613 36440 1 1
12960 15064 1 1
15650 12795 1 1
41075 10915 1 1
9012 45237 1 1
13499 16140 1 1
14904 96700 1 1
4423 3275 1 1
76035 8676 1 1
100750 2414 1 1
96700 7491 1 1
41111 8901 1 1
37868 97663 1 1
59376 6073 1 1
10915 6228 1 1
41232 7747 1 1
5148 99444 1 1
96646 3587 1 1
12258 2768 1 1
23276 8797 1 1
7465 11715 1 1
10633 8797 1 1
41157 5886 1 1
7134 98945 1 1
6619 7491 1 1
13522 1267 1 1
100534 8098 1 1
7038 14158 1 1
34944 2745 1 1
11546 103282 1 1
8653 11394 1 1
14235 14235 1 1
96627 25536 1 1
11686 50421 1 1
7544 45753 1 1
49892 20780 1 1
7491 68281 1 1
3139 4497 1 1
5015 20755 1 1
5977 3390 1 1
10122 2768 1 1
7857 54287 1 1
5792 106388 1 1
17796 6383 1 1
7544 24149 1 1
99292 11754 1 1
9293 1715 1 1
103722 11686 1 1
11546 81878 1 1
11546 10549 1 1
102272 14135 1 1
15250 11546 1 1
8981 8921 1 1
3433 6383 1 1
14158 3433 1 1
20460 20431 1 1
12052 43942 1 1
10479 7702 1 1
87472 59376 1 1
7721 13499 1 1
8825 7266 1 1
11754 96262 1 1
5036 5192 1 1
4201 8950 1 1
92032 6645 1 1
25201 8720 1 1
104342 8186 1 1
25201 12864 1 1
41128 6966 1 1
11622 23348 1 1
5036 10549 1 1
104533 4497 1 1
33336 1865 1 1
15250 22756 1 1
41599 16928 1 1
41128 14637 1 1
9576 96700 1 1
11228 6463 1 1
92243 3877 1 1
9312 32800 1 1
97979 25348 1 1
42344 23276 1 1
7313 12460 1 1
24149 85619 1 1
4497 3433 1 1
9220 20402 1 1
7038 14135 1 1
10452 95891 1 1
77406 24149 1 1
50595 7994 1 1
97663 6966 1 1
10915 14885 1 1
19437 20614 1 1
24763 7821 1 1
50570 8950 1 1
99216 9971 1 1
3139 8098 1 1
15064 17209 1 1
105877 57389 1 1
3690 4908 1 1
100848 11546 1 1
20780 48375 1 1
25536 104920 1 1
77343 8950 1 1
14158 97155 1 1
20402 12204 1 1
4497 101221 1 1
10059 8216 1 1
25348 12834 1 1
6002 10529 1 1
29117 10710 1 1
12679 48375 1 1
17796 41301 1 1
12704 11887 1 1
3877 45840 1 1
12991 24783 1 1
20780 9702 1 1
3807 8115 1 1
19394 59376 1 1
5792 45840 1 1
5848 14842 1 1
6002 3515 1 1
25201 44229 1 1
26815 87422 1 1
4497 56045 1 1
103841 25431 1 1
96262 9971 1 1
104375 2208 1 1
9830 96848 1 1
5148 8098 1 1
102435 36440 1 1
11686 103487 1 1
91694 23276 1 1
10095 4497 1 1
23276 41369 1 1
8098 6595 1 1
25431 50595 1 1
11546 8901 1 1
15064 50421 1 1
5214 20847 1 1
5848 48375 1 1
100037 26815 1 1
15650 7266 1 1
102200 7821 1 1
100439 24149 1 1
1464 105850 1 1
97845 11546 1 1
5036 59376 1 1
6619 2768 1 1
10036 47801 1 1
11887 5381 1 1
26850 3690 1 1
20847 6487 1 1
59376 27503 1 1
99444 5640 1 1
8901 98006 1 1
59376 41332 1 1
6966 9830 1 1
5977 24783 1 1
6487 21094 1 1
14842 7906 1 1
5254 14824 1 1
98567 6073 1 1
48375 34088 1 1
3390 8981 1 1
7038 11735 1 1
15064 20755 1 1
11715 7994 1 1
8551 9220 1 1
10549 6645 1 1
14135 25837 1 1
9868 19155 1 1
10878 13499 1 1
6002 95219 1 1
32800 9060 1 1
10479 7313 1 1
15376 17796 1 1
25348 100643 1 1
91735 71654 1 1
9810 14805 1 1
9830 19155 1 1
8981 56109 1 1
8115 12565 1 1
7925 14766 1 1
45879 8352 1 1
7925 20847 1 1
9702 3515 1 1
59376 71438 1 1
5617 55573 1 1
13567 5792 1 1
24783 2834 1 1
25536 96158 1 1
100534 16874 1 1
104481 6383 1 1
91591 25348 1 1
12864 94592 1 1
26815 5617 1 1
7491 9702 1 1
13522 105716 1 1
9936 8551 1 1
6002 8169 1 1
24149 15650 1 1
9971 33103 1 1
5254 3139 1 1
7544 30730 1 1
106246 55573 1 1
3305 56109 1 1
24783 3650 1 1
24149 1464 1 1
15376 8676 1 1
103448 10250 1 1
9724 6860 1 1
25536 7465 1 1
6002 8676 1 1
9830 43942 1 1
97736 77343 1 1
20342 97979 1 1
12960 6073 1 1
91562 12317 1 1
5848 9868 1 1
15064 10670 1 1
1267 6645 1 1
5848 23276 1 1
48375 8863 1 1
3515 7544 1 1
41128 3650 1 1
41218 10915 1 1
99216 1464 1 1
4879 32252 1 1
7038 102733 1 1
18309 5742 1 1
103448 25348 1 1
4474 12052 1 1
99292 15064 1 1
9702 8436 1 1
23211 40750 1 1
14618 14904 1 1
9868 81878 1 1
8115 4087 1 1
92243 23348 1 1
29117 6645 1 1
14158 95891 1 1
15552 56326 1 1
7081 16743 1 1
45840 3139 1 1
50570 11546 1 1
10692 16743 1 1
2834 9896 1 1
3092 8825 1 1
99395 12460 1 1
14618 59376 1 1
12317 5036 1 1
5977 41315 1 1
7038 103722 1 1
2868 16874 1 1
44757 6353 1 1
30730 11622 1 1
2768 99395 1 1
10250 73931 1 1
33148 5036 1 1
30730 23348 1 1
12991 7994 1 1
16140 9971 1 1
101899 6966 1 1
38442 8676 1 1
7906 41128 1 1
11798 1715 1 1
7038 5886 1 1
20402 105266 1 1
3305 24783 1 1
23211 5015 1 1
48375 13337 1 1
41128 3433 1 1
103792 12052 1 1
103282 6915 1 1
5507 17796 1 1
13195 6915 1 1
10549 25536 1 1
17796 9971 1 1
32173 7747 1 1
11686 56326 1 1
39688 5977 1 1
2834 14824 1 1
56566 3139 1 1
3515 41095 1 1
7038 10250 1 1
32119 7038 1 1
5254 93657 1 1
5148 4531 1 1
25078 11686 1 1
15552 16743 1 1
95891 9971 1 1
12406 4747 1 1
41128 101342 1 1
6553 105496 1 1
11686 106212 1 1
20780 99444 1 1
8323 55573 1 1
10822 11546 1 1
3690 3092 1 1
13499 16290 1 1
29117 12442 1 1
5036 105731 1 1
17796 25536 1 1
56045 11754 1 1
100643 4879 1 1
3611 12864 1 1
41232 5148 1 1
95588 5423 1 1
10841 3611 1 1
30730 13195 1 1
13522 8098 1 1
32800 12565 1 1
13989 98945 1 1
2768 33103 1 1
8098 44682 1 1
11228 14216 1 1
11798 11819 1 1
11484 11415 1 1
7544 6860 1 1
4423 2834 1 1
34088 3515 1 1
14158 96848 1 1
12565 97031 1 1
101757 14904 1 1
25536 97053 1 1
10529 9702 1 1
9830 4497 1 1
25431 11394 1 1
8863 16290 1 1
15064 15932 1 1
20614 96507 1 1
6619 12565 1 1
5148 99320 1 1
104052 5742 1 1
106455 8186 1 1
11686 104052 1 1
3807 29117 1 1
24783 56045 1 1
23276 98945 1 1
98006 9242 1 1
3275 99320 1 1
41204 59376 1 1
7962 6966 1 1
7491 5662 1 1
41599 14842 1 1
96646 6383 1 1
12795 6619 1 1
99640 30730 1 1
4423 10915 1 1
97920 45429 1 1
12460 11715 1 1
11754 101568 1 1
6116 7747 1 1
57096 36440 1 1
103141 9971 1 1
3433 14842 1 1
101319 6463 1 1
44229 5254 1 1
3515 6353 1 1
22756 11686 1 1
8098 15650 1 1
10250 11868 1 1
20614 104920 1 1
25536 32800 1 1
3358 10841 1 1
47004 5036 1 1
101963 6645 1 1
97901 6553 1 1
7038 29596 1 1
2834 10351 1 1
13522 7594 1 1
3305 32173 1 1
12795 59376 1 1
28288 24149 1 1
3611 13030 1 1
55573 8436 1 1
91546 6073 1 1
59376 5015 1 1
56566 9242 1 1
15650 3410 1 1
14842 30730 1 1
8064 55573 1 1
15795 106388 1 1
4497 8634 1 1
12960 100790 1 1
45840 50143 1 1
4201 5792 1 1
14904 32119 1 1
27466 7857 1 1
45429 18051 1 1
9896 17004 1 1
12052 6304 1 1
4497 93657 1 1
13195 5848 1 1
12539 103448 1 1
12679 10897 1 1
3690 11868 1 1
3358 7994 1 1
23348 24783 1 1
3092 4553 1 1
3275 11715 1 1
104342 55573 1 1
95205 14904 1 1
6487 100848 1 1
93657 10250 1 1
8901 13567 1 1
41332 6487 1 1
10411 18051 1 1
4879 7594 1 1
10692 6645 1 1
11715 3139 1 1
12317 9868 1 1
41061 2834 1 1
12917 7113 1 1
9242 101979 1 1
7383 5640 1 1
3650 14710 1 1
87408 59376 1 1
7113 17004 1 1
17796 81878 1 1
4531 104375 1 1
94117 11686 1 1
7491 6645 1 1
44229 16928 1 1
2414 8720 1 1
3275 9424 1 1
8676 3611 1 1
97901 12960 1 1
5254 56326 1 1
5036 65150 1 1
15376 2414 1 1
32252 55396 1 1
5036 7925 1 1
34944 8216 1 1
103525 6073 1 1
68160 5254 1 1
98071 10411 1 1
2834 11754 1 1
34088 45429 1 1
25348 7347 1 1
14766 3433 1 1
15064 28288 1 1
103282 10549 1 1
87408 9702 1 1
6487 103200 1 1
2768 9786 1 1
14904 8216 1 1
49892 6487 1 1
10670 4423 1 1
4497 41232 1 1
13499 9810 1 1
12539 8392 1 1
7544 60225 1 1
5254 2672 1 1
105336 8950 1 1
20342 102466 1 1
11887 11546 1 1
29117 9936 1 1
56326 9012 1 1
9653 8115 1 1
6645 49892 1 1
99320 7266 1 1
5036 8216 1 1
11546 1715 1 1
15650 25201 1 1
25431 9312 1 1
10549 16874 1 1
14766 16928 1 1
98021 7491 1 1
9242 10250 1 1
10391 10915 1 1
3305 56566 1 1
34088 91562 1 1
13989 12460 1 1
6487 13499 1 1
7906 9971 1 1
97120 11686 1 1
6645 11887 1 1
14710 9810 1 1
71654 1715 1 1
4964 106296 1 1
2745 27384 1 1
9868 8186 1 1
25201 99216 1 1
12052 12116 1 1
14135 9743 1 1
9868 10059 1 1
3690 3433 1 1
13140 20431 1 1
105538 2414 1 1
8901 96848 1 1
105850 12771 1 1
14618 6645 1 1
21094 6353 1 1
6915 5036 1 1
9220 5640 1 1
102272 5423 1 1
3305 8797 1 1
8676 9493 1 1
81878 9971 1 1
7925 1267 1 1
24149 14618 1 1
45840 9810 1 1
50570 10841 1 1
15064 6487 1 1
41599 11754 1 1
10878 4201 1 1
12460 16928 1 1
105336 6860 1 1
12442 12565 1 1
5036 103346 1 1
6383 8950 1 1
15552 7491 1 1
3611 15064 1 1
106498 16874 1 1
3092 14178 1 1
6860 10633 1 1
6915 6645 1 1
32800 7016 1 1
45840 9674 1 1
1572 12442 1 1
45658 15064 1 1
14692 20780 1 1
9724 24783 1 1
95891 13499 1 1
12960 14692 1 1
12960 105496 1 1
2208 3305 1 1
11868 14216 1 1
85619 17796 1 1
103614 1865 1 1
7906 49892 1 1
10351 5977 1 1
25348 10841 1 1
12258 19394 1 1
55573 97901 1 1
60225 6798 1 1
41315 10250 1 1
11754 103525 1 1
17796 97663 1 1
15795 20402 1 1
71654 12771 1 1
36127 99593 1 1
25431 6645 1 1
5886 13499 1 1
30730 5148 1 1
93321 16874 1 1
12539 104052 1 1
98894 14904 1 1
14135 11686 1 1
12052 37868 1 1
6966 99320 1 1
9743 48375 1 1
11715 5254 1 1
41301 2414 1 1
6487 8676 1 1
98567 105102 1 1
55573 17004 1 1
76035 5507 1 1
12864 12152 1 1
97845 29117 1 1
6966 103346 1 1
3092 7994 1 1
3433 98006 1 1
8064 11686 1 1
1740 17004 1 1
98945 6383 1 1
20614 8323 1 1
9012 8186 1 1
2834 10915 1 1
11686 105623 1 1
6553 6383 1 1
1715 11394 1 1
10822 48375 1 1
43853 45429 1 1
41432 6645 1 1
100338 25536 1 1
93881 5886 1 1
15156 101171 1 1
95219 13284 1 1
41128 7747 1 1
5036 6645 1 1
25536 100848 1 1
103792 4747 1 1
12704 11546 1 1
103282 12771 1 1
3587 97845 1 1
99292 5977 1 1
8115 15376 1 1
98567 14216 1 1
7925 10915 1 1
8921 9242 1 1
34944 97920 1 1
3092 98021 1 1
96507 11686 1 1
27503 15650 1 1
9576 102504 1 1
99320 5254 1 1
14216 8901 1 1
13140 23276 1 1
7313 9060 1 1
5640 76035 1 1
59376 94117 1 1
25201 2868 1 1
48375 13522 1 1
20780 11754 1 1
6860 28288 1 1
6487 71438 1 1
25536 106246 1 1
12704 11322 1 1
9702 101171 1 1
5507 105039 1 1
5886 6134 1 1
9242 3877 1 1
93657 7038 1 1
10452 49892 1 1
15156 15250 1 1
98006 14158 1 1
12960 57096 1 1
105649 11686 1 1
25536 9936 1 1
10878 23276 1 1
10915 101785 1 1
59376 41369 1 1
105731 9702 1 1
11546 9012 1 1
104481 14842 1 1
5662 11394 1 1
41369 10095 1 1
50421 9971 1 1
9380 85619 1 1
55396 12679 1 1
32800 8186 1 1
59376 105102 1 1
5507 99121 1 1
9786 55396 1 1
12116 12460 1 1
97663 59376 1 1
10452 5036 1 1
55396 14904 1 1
97845 16743 1 1
32173 16928 1 1
6860 96613 1 1
14235 11819 1 1
96262 25148 1 1
10122 16928 1 1
10250 97155 1 1
5848 11686 1 1
12704 14824 1 1
5886 6941 1 1
97901 20614 1 1
41315 11754 1 1
21094 100790 1 1
9380 5036 1 1
7821 16157 1 1
37868 32800 1 1
5254 11306 1 1
10296 9762 1 1
5036 53837 1 1
14235 14710 1 1
5148 9896 1 1
3611 12795 1 1
1572 101757 1 1
104533 3275 1 1
25536 5662 1 1
15552 44229 1 1
11546 105956 1 1
9810 3690 1 1
50421 11546 1 1
11686 13989 1 1
12565 98653 1 1
36024 6966 1 1
1715 6304 1 1
6002 10036 1 1
75552 6487 1 1
38636 59376 1 1
32252 16928 1 1
8115 15156 1 1
5662 101056 1 1
45840 3305 1 1
62152 48375 1 1
20342 17796 1 1
56326 7266 1 1
99444 10250 1 1
2414 25583 1 1
11715 30730 1 1
37868 91546 1 1
2369 7544 1 1
100510 7994 1 1
14135 3390 1 1
6941 8981 1 1
11546 13472 1 1
3650 14805 1 1
41111 9242 1 1
103141 17796 1 1
8064 12565 1 1
102200 8186 1 1
23348 13499 1 1
2834 7994 1 1
6228 7747 1 1
3611 9493 1 1
47801 7038 1 1
10122 6487 1 1
11754 9953 1 1
8169 7038 1 1
103448 2414 1 1
10250 41111 1 1
8901 3305 1 1
20780 8825 1 1
7491 5015 1 1
106388 22774 1 1
4423 49892 1 1
95219 6487 1 1
95073 23348 1 1
101171 6487 1 1
36440 12152 1 1
13195 10095 1 1
11686 105102 1 1
3092 104533 1 1
12864 6619 1 1
91694 13499 1 1
13522 97155 1 1
87472 48375 1 1
27503 44682 1 1
6645 10508 1 1
10250 2414 1 1
77406 25431 1 1
7295 3587 1 1
7038 25837 1 1
7038 4879 1 1
95588 17796 1 1
5886 41111 1 1
6966 48375 1 1
11715 8846 1 1
9702 98894 1 1
3952 7857 1 1
9896 8950 1 1
15376 7038 1 1
7347 11798 1 1
2768 5848 1 1
7544 12960 1 1
48375 7544 1 1
2708 101221 1 1
5214 32173 1 1
6966 5324 1 1
5254 8064 1 1
98610 14842 1 1
12116 5036 1 1
14710 6073 1 1
97979 8676 1 1
15813 20402 1 1
36440 98021 1 1
4879 9380 1 1
16121 3515 1 1
68281 4747 1 1
100848 17004 1 1
9896 6860 1 1
8186 6002 1 1
5640 3877 1 1
11686 24783 1 1
9702 4423 1 1
10479 25201 1 1
7134 4879 1 1
12368 11151 1 1
6487 17004 1 1
26815 92046 1 1
9242 3650 1 1
7925 41369 1 1
11868 11546 1 1
100893 7994 1 1
11306 16121 1 1
3410 15795 1 1
4747 101899 1 1
34944 2834 1 1
14710 5254 1 1
4531 30730 1 1
7313 25536 1 1
3611 55573 1 1
7038 95205 1 1
10933 4497 1 1
41315 2768 1 1
13567 11686 1 1
20780 3139 1 1
13195 9786 1 1
10250 13989 1 1
7113 11754 1 1
14135 7925 1 1
55013 26815 1 1
2708 19155 1 1
10095 11715 1 1
12460 9971 1 1
8901 99320 1 1
2708 12565 1 1
10897 55826 1 1
9868 25148 1 1
27503 12152 1 1
12052 30730 1 1
10036 55573 1 1
5977 14824 1 1
10897 41301 1 1
106212 59376 1 1
74021 4531 1 1
23276 8720 1 1
98894 49892 1 1
11484 97031 1 1
6002 5192 1 1
104920 48375 1 1
50570 25431 1 1
56566 71654 1 1
49892 55426 1 1
103282 10479 1 1
12565 12539 1 1
85619 3690 1 1
7491 6002 1 1
10549 8720 1 1
2708 6860 1 1
10804 6645 1 1
5640 12991 1 1
23276 5792 1 1
23348 102623 1 1
4553 12052 1 1
12565 105649 1 1
41398 12565 1 1
7925 2208 1 1
2834 3305 1 1
6645 12771 1 1
59376 12152 1 1
2708 9936 1 1
99444 2414 1 1
101979 24783 1 1
56460 25536 1 1
3611 14904 1 1
7113 5036 1 1
7113 11447 1 1
5584 32800 1 1
5848 25536 1 1
43942 6304 1 1
20614 6002 1 1
1464 97845 1 1
14842 14158 1 1
7491 17796 1 1
7113 3139 1 1
30730 7594 1 1
25536 20780 1 1
17796 8863 1 1
96262 13030 1 1
5036 10122 1 1
38442 8115 1 1
59376 14637 1 1
44682 9830 1 1
11686 9914 1 1
5792 4553 1 1
13499 9953 1 1
91591 7038 1 1
92032 16743 1 1
3515 11322 1 1
11686 95588 1 1
16140 10841 1 1
20653 5036 1 1
47004 20342 1 1
8098 102466 1 1
81878 11715 1 1
104533 5742 1 1
104481 7994 1 1
23129 10479 1 1
10633 6383 1 1
10250 92243 1 1
4879 7994 1 1
98006 12960 1 1
2208 14824 1 1
5886 1865 1 1
20780 11941 1 1
11819 106212 1 1
103027 7113 1 1
6619 32252 1 1
34088 41613 1 1
11322 16743 1 1
11546 8436 1 1
28510 10122 1 1
13567 49892 1 1
5977 14178 1 1
22756 11228 1 1
9293 12704 1 1
14805 6073 1 1
14135 8863 1 1
40914 12704 1 1
5977 45753 1 1
7465 85619 1 1
9220 10250 1 1
12771 9830 1 1
30730 9312 1 1
12052 48375 1 1
6702 23276 1 1
9380 12679 1 1
9576 56326 1 1
3275 14805 1 1
23276 9060 1 1
10670 105496 1 1
4497 8169 1 1
5423 7491 1 1
6595 7038 1 1
3807 6645 1 1
25536 12795 1 1
7038 5423 1 1
8981 14178 1 1
1464 12815 1 1
25148 5214 1 1
105877 5507 1 1
15064 13337 1 1
65982 55573 1 1
7491 101757 1 1
103792 8592 1 1
44682 7491 1 1
2768 41332 1 1
7925 1688 1 1
4497 19394 1 1
5977 3139 1 1
12565 97901 1 1
6645 101994 1 1
2208 91694 1 1
2414 10633 1 1
12864 16711 1 1
97120 49892 1 1
6702 13499 1 1
11686 13472 1 1
6002 103487 1 1
3877 8098 1 1
41599 3650 1 1
8901 68102 1 1
12795 12424 1 1
11887 8392 1 1
97120 15156 1 1
12052 2208 1 1
56326 12864 1 1
9380 77343 1 1
2414 38442 1 1
4747 10095 1 1
2834 9242 1 1
23276 11715 1 1
25431 105716 1 1
8115 39688 1 1
7266 2414 1 1
3515 101757 1 1
43942 15552 1 1
59376 23348 1 1
1865 105956 1 1
11546 5848 1 1
9653 8981 1 1
81878 20614 1 1
11306 16743 1 1
6487 9830 1 1
20847 2768 1 1
3139 105496 1 1
10897 12116 1 1
5036 25201 1 1
3690 61202 1 1
14824 30730 1 1
4747 16743 1 1
5254 3275 1 1
12917 2745 1 1
11715 65150 1 1
48375 14158 1 1
1715 9830 1 1
7857 10915 1 1
5886 37868 1 1
5036 27503 1 1
9810 5886 1 1
10878 2708 1 1
3690 8846 1 1
100643 6073 1 1
2414 103614 1 1
7491 48375 1 1
23348 20780 1 1
30730 14766 1 1
10122 45840 1 1
101221 16711 1 1
11686 8436 1 1
55573 32252 1 1
11868 7721 1 1
13499 10351 1 1
20614 48375 1 1
8323 12565 1 1
5792 5254 1 1
5381 5462 1 1
44757 11546 1 1
7544 36440 1 1
9702 10036 1 1
11484 68281 1 1
12565 6860 1 1
98567 71654 1 1
4553 10479 1 1
4553 20755 1 1
7491 10692 1 1
85619 12565 1 1
41061 7266 1 1
98653 11546 1 1
9971 10095 1 1
55573 14618 1 1
8323 49892 1 1
19155 13989 1 1
23348 12991 1 1
3092 97155 1 1
97901 59376 1 1
23276 4531 1 1
2708 8699 1 1
8921 56045 1 1
1538 1572 1 1
106246 12565 1 1
4497 14216 1 1
7347 14216 1 1
55573 7113 1 1
8186 4497 1 1
15156 41432 1 1
50143 2834 1 1
5036 106296 1 1
7544 104086 1 1
15650 7994 1 1
59376 10508 1 1
10841 5036 1 1
34944 3433 1 1
19155 48375 1 1
41369 14842 1 1
91562 11754 1 1
55573 8797 1 1
10036 19437 1 1
23276 48375 1 1
106388 17258 1 1
103282 7491 1 1
13337 36440 1 1
25536 10479 1 1
1464 17258 1 1
9125 12679 1 1
13195 32252 1 1
60225 25148 1 1
43942 34944 1 1
7016 7747 1 1
98653 12204 1 1
14178 7383 1 1
5640 57953 1 1
7113 11798 1 1
13522 11306 1 1
4879 97663 1 1
37290 8115 1 1
7925 13195 1 1
23129 24149 1 1
48375 7925 1 1
7016 12565 1 1
9702 10508 1 1
1464 6645 1 1
14216 25348 1 1
14178 96848 1 1
10351 13522 1 1
6002 104342 1 1
41398 49892 1 1
6487 8169 1 1
9312 105102 1 1
14637 17796 1 1
106350 4964 1 1
99444 7134 1 1
5192 14805 1 1
6619 9786 1 1
25536 6645 1 1
12424 16928 1 1
28510 6619 1 1
11546 44682 1 1
10059 97920 1 1
49892 47801 1 1
48375 17796 1 1
5036 101171 1 1
48375 56326 1 1
15064 3807 1 1
11715 14135 1 1
6383 6487 1 1
7925 27384 1 1
10479 12771 1 1
28510 7465 1 1
103614 1464 1 1
4497 9914 1 1
57096 10841 1 1
5423 103282 1 1
11484 6915 1 1
102623 12679 1 1
41175 7747 1 1
100643 41128 1 1
9012 8720 1 1
13472 10915 1 1
101899 3650 1 1
106388 36440 1 1
12442 9702 1 1
10897 50570 1 1
34944 16711 1 1
104533 7747 1 1
99121 20342 1 1
3275 25583 1 1
3390 2834 1 1
25536 19155 1 1
10841 12565 1 1
11686 98584 1 1
6966 10692 1 1
10897 7491 1 1
100439 12864 1 1
9914 11546 1 1
102707 16743 1 1
11754 14235 1 1
10731 17004 1 1
15376 5640 1 1
9702 100439 1 1
3410 8115 1 1
10549 9060 1 1
12679 34088 1 1
6645 95205 1 1
5640 102466 1 1
93926 7747 1 1
12917 30730 1 1
5148 9971 1 1
3305 45658 1 1
14766 11546 1 1
11941 56566 1 1
18051 17004 1 1
100510 5640 1 1
106388 6860 1 1
11715 56109 1 1
9971 12539 1 1
23348 20614 1 1
44757 59376 1 1
11686 55396 1 1
32252 6966 1 1
97920 14904 1 1
95891 7747 1 1
4747 96158 1 1
11394 12539 1 1
50421 71654 1 1
6174 5886 1 1
44014 2414 1 1
36024 18051 1 1
17796 6487 1 1
8115 7266 1 1
6487 8863 1 1
3305 41061 1 1
45429 102504 1 1
5148 99593 1 1
103448 5640 1 1
100439 11546 1 1
8921 14842 1 1
12679 7491 1 1
3877 11754 1 1
6645 8115 1 1
10841 14842 1 1
77343 101319 1 1
25536 12348 1 1
50595 8551 1 1
96569 6487 1 1
17796 17796 1 1
8653 12052 1 1
3275 41061 1 1
20614 62152 1 1
15064 20780 1 1
19394 20614 1 1
14135 8846 1 1
12424 16874 1 1
77406 7821 1 1
45753 6073 1 1
105877 17796 1 1
1865 7747 1 1
12864 9702 1 1
91591 25148 1 1
11546 102707 1 1
103027 16874 1 1
36024 34088 1 1
12565 41204 1 1
20780 33103 1 1
12679 25536 1 1
6576 16743 1 1
8825 12539 1 1
6487 20780 1 1
4879 5065 1 1
10250 96848 1 1
10452 20614 1 1
44682 71654 1 1
7016 5886 1 1
8186 24763 1 1
9868 7465 1 1
25536 103448 1 1
6860 2768 1 1
3092 15064 1 1
10670 6383 1 1
28288 9786 1 1
12052 32301 1 1
10897 19437 1 1
1647 48375 1 1
99216 11887 1 1
96627 30730 1 1
95811 6645 1 1
10250 101979 1 1
13381 23276 1 1
49892 10095 1 1
93535 12679 1 1
2768 8797 1 1
3650 65150 1 1
6860 16620 1 1
13472 3690 1 1
10411 43942 1 1
12565 45237 1 1
41599 8901 1 1
105102 105336 1 1
10250 99855 1 1
6860 9936 1 1
95073 7925 1 1
5254 9060 1 1
14158 3877 1 1
101963 7821 1 1
11754 73931 1 1
10122 6002 1 1
12864 7702 1 1
105336 9830 1 1
11228 6619 1 1
7313 103792 1 1
14904 13195 1 1
10059 13195 1 1
7038 7038 1 1
68160 13522 1 1
50570 3690 1 1
13522 25837 1 1
11686 3092 1 1
50421 6645 1 1
7038 41599 1 1
8551 43942 1 1
6487 87472 1 1
12052 5423 1 1
36440 103027 1 1
9312 1267 1 1
7444 8216 1 1
25431 10479 1 1
96551 12795 1 1
28510 10095 1 1
95588 12679 1 1
65150 3275 1 1
12565 8533 1 1
99395 49892 1 1
11447 12052 1 1
44757 18051 1 1
6487 65982 1 1
11887 9936 1 1
8292 10897 1 1
11686 6437 1 1
68408 11546 1 1
8981 16140 1 1
11546 55426 1 1
12795 41432 1 1
5254 101899 1 1
7702 6487 1 1
9312 8551 1 1
15552 15650 1 1
11546 96262 1 1
11754 9060 1 1
1865 6402 1 1
68160 12679 1 1
5720 14824 1 1
104533 3650 1 1
57096 10351 1 1
7702 12539 1 1
5640 102733 1 1
8921 8098 1 1
5214 10841 1 1
6941 14766 1 1
9810 7347 1 1
8098 68281 1 1
41301 7925 1 1
99855 12960 1 1
3515 5036 1 1
22756 4497 1 1
77406 6645 1 1
41128 3877 1 1
8825 5254 1 1
17209 11151 1 1
7113 11819 1 1
55573 32173 1 1
9914 19437 1 1
9293 11546 1 1
1865 105716 1 1
11715 56045 1 1
7925 105850 1 1
11622 7747 1 1
55396 20614 1 1
3305 104533 1 1
19437 50252 1 1
103012 19437 1 1
25148 12317 1 1
103639 41128 1 1
5036 19437 1 1
98224 12052 1 1
5381 5701 1 1
41232 7925 1 1
96158 3515 1 1
67831 8797 1 1
101171 20614 1 1
4497 12679 1 1
25148 55573 1 1
6860 12052 1 1
12406 16928 1 1
17796 6002 1 1
41111 24783 1 1
103282 16874 1 1
2414 11715 1 1
10351 8950 1 1
5640 8392 1 1
34088 44229 1 1
3410 11686 1 1
14216 16711 1 1
12565 47801 1 1
101757 32800 1 1
102623 44757 1 1
3275 14710 1 1
27503 6353 1 1
6966 15250 1 1
4605 25348 1 1
1464 12317 1 1
49892 34088 1 1
25431 10897 1 1
91694 2834 1 1
55426 12565 1 1
15650 34088 1 1
56326 105102 1 1
12864 98071 1 1
13499 56326 1 1
32173 25536 1 1
45840 55573 1 1
95891 14842 1 1
13030 6619 1 1
105102 105716 1 1
7925 32173 1 1
6002 10508 1 1
101221 12565 1 1
55573 55396 1 1
57096 3826 1 1
16140 7994 1 1
32800 12368 1 1
99320 12539 1 1
25348 20847 1 1
15650 8551 1 1
7491 100893 1 1
4497 8676 1 1
8846 7994 1 1
3139 6073 1 1
3217 8098 1 1
103448 4879 1 1
91546 2414 1 1
6645 13337 1 1
10250 10250 1 1
13195 19437 1 1
14824 13499 1 1
20614 41613 1 1
11941 7747 1 1
6002 106388 1 1
56109 5977 1 1
4497 15064 1 1
23276 6860 1 1
9896 41128 1 1
12406 20614 1 1
9242 10670 1 1
14904 43853 1 1
18051 24149 1 1
3690 95891 1 1
6383 57096 1 1
10036 13195 1 1
11546 10095 1 1
13989 8825 1 1
5036 97736 1 1
103448 7134 1 1
10841 2834 1 1
32119 9702 1 1
9380 33103 1 1
59376 103722 1 1
3305 93657 1 1
59376 2768 1 1
28510 6487 1 1
101963 12565 1 1
10915 68661 1 1
7491 10804 1 1
7016 29596 1 1
6645 55826 1 1
41301 12565 1 1
55396 15064 1 1
103639 6966 1 1
4497 6619 1 1
36440 11754 1 1
9312 12317 1 1
104533 3877 1 1
45753 100439 1 1
101963 45753 1 1
12795 11546 1 1
5148 7038 1 1
2708 20614 1 1
41061 3650 1 1
7491 7821 1 1
25348 102504 1 1
105538 8676 1 1
55573 103200 1 1
12317 20614 1 1
20614 12052 1 1
3139 9242 1 1
2414 104375 1 1
3092 2745 1 1
104375 20780 1 1
15813 19437 1 1
102330 10897 1 1
6966 7491 1 1
4553 8863 1 1
24149 12406 1 1
79625 16928 1 1
10059 50421 1 1
55573 12991 1 1
10250 9953 1 1
20847 16620 1 1
85619 8950 1 1
11686 101221 1 1
34944 12960 1 1
41332 8186 1 1
3807 24149 1 1
20431 32173 1 1
4879 95073 1 1
11868 3433 1 1
4423 3650 1 1
11941 25583 1 1
5701 96848 1 1
12815 3515 1 1
4747 11715 1 1
4497 91591 1 1
5036 8436 1 1
20847 9936 1 1
7038 3560 1 1
103525 8901 1 1
14235 7747 1 1
6402 6383 1 1
14824 3877 1 1
25348 91747 1 1
3358 25583 1 1
3275 41432 1 1
11415 3410 1 1
9810 7747 1 1
48375 10122 1 1
7038 6073 1 1
41128 16928 1 1
97619 26815 1 1
11151 101757 1 1
57096 22774 1 1
26370 25536 1 1
25348 59376 1 1
11715 103200 1 1
6860 8981 1 1
12565 12096 1 1
11754 103448 1 1
11715 100643 1 1
10841 29596 1 1
40914 1865 1 1
103282 6383 1 1
9868 2708 1 1
68102 2208 1 1
6576 102272 1 1
10122 49892 1 1
3275 5640 1 1
105687 8186 1 1
48375 6645 1 1
11484 15552 1 1
15552 103792 1 1
76035 6073 1 1
59376 5848 1 1
1464 23398 1 1
25536 105687 1 1
57389 15064 1 1
10841 49892 1 1
3740 8115 1 1
8266 2708 1 1
49892 97031 1 1
20402 7544 1 1
5848 16711 1 1
45840 101979 1 1
33103 23348 1 1
68102 11686 1 1
10250 98945 1 1
6915 15650 1 1
104342 20614 1 1
2768 8950 1 1
8186 15552 1 1
5886 8950 1 1
23348 6619 1 1
4747 8981 1 1
100510 2414 1 1
11546 101221 1 1
11941 41315 1 1
104052 25431 1 1
87408 11686 1 1
11902 16743 1 1
7491 95811 1 1
13499 3139 1 1
2834 99444 1 1
97120 12795 1 1
6002 96262 1 1
17796 99121 1 1
11546 6002 1 1
9702 97011 1 1
9971 12258 1 1
16290 8846 1 1
13522 20515 1 1
9702 32800 1 1
8981 5720 1 1
12795 32800 1 1
12317 97845 1 1
6002 7038 1 1
37868 8098 1 1
13522 102272 1 1
11686 12679 1 1
104375 11715 1 1
6383 104375 1 1
6966 65150 1 1
48375 6487 1 1
15650 3515 1 1
13989 59376 1 1
103525 13499 1 1
41628 7747 1 1
6595 17796 1 1
2208 3390 1 1
6487 2708 1 1
25837 2834 1 1
59376 95073 1 1
11686 28288 1 1
3433 2834 1 1
9830 102151 1 1
7925 7594 1 1
45658 11754 1 1
6966 99395 1 1
12679 98894 1 1
93765 7747 1 1
11546 23348 1 1
11415 6860 1 1
81878 8186 1 1
65150 8901 1 1
41095 25536 1 1
55396 20402 1 1
103525 2414 1 1
28510 5192 1 1
105102 103282 1 1
5036 10822 1 1
87408 11546 1 1
95407 11715 1 1
14135 5036 1 1
68281 12679 1 1
8323 13195 1 1
3877 10250 1 1
12565 7925 1 1
25348 32800 1 1
6645 8186 1 1
16140 3305 1 1
10897 8098 1 1
100790 3305 1 1
27503 95073 1 1
44229 25536 1 1
8825 7038 1 1
81878 97663 1 1
1647 20614 1 1
11754 7347 1 1
4747 99444 1 1
11306 9293 1 1
15156 41398 1 1
7313 8186 1 1
3877 9971 1 1
99640 5148 1 1
9220 11754 1 1
16620 7594 1 1
12864 6966 1 1
32252 20431 1 1
3515 17796 1 1
27503 6619 1 1
6992 5381 1 1
41599 3275 1 1
2768 3139 1 1
44757 95073 1 1
11546 48375 1 1
9220 6576 1 1
9012 12704 1 1
92046 16743 1 1
97011 11546 1 1
11622 8901 1 1
12152 17004 1 1
77406 1572 1 1
6798 2834 1 1
92243 45753 1 1
7266 103525 1 1
104481 3305 1 1
56109 7994 1 1
9012 96262 1 1
10479 101757 1 1
26370 7544 1 1
11484 96551 1 1
10250 56109 1 1
101171 11686 1 1
8098 13567 1 1
14692 11798 1 1
9936 7491 1 1
11546 5214 1 1
6487 33148 1 1
97031 13195 1 1
41628 8901 1 1
49892 67519 1 1
9702 24149 1 1
9786 9914 1 1
41128 7721 1 1
96158 59376 1 1
1464 7266 1 1
14842 8797 1 1
13195 41350 1 1
55573 12317 1 1
9810 9971 1 1
8921 4497 1 1
103722 55573 1 1
4879 10841 1 1
36440 12795 1 1
104863 11151 1 1
3139 23276 1 1
5036 25348 1 1
14904 6619 1 1
91694 10731 1 1
23276 102272 1 1
32252 28288 1 1
14824 5192 1 1
105336 2834 1 1
105850 5254 1 1
5036 16711 1 1
3690 7925 1 1
103841 29117 1 1
41061 29117 1 1
103141 81878 1 1
10897 87422 1 1
7491 4497 1 1
104920 59376 1 1
96700 9830 1 1
100111 16874 1 1
15064 6353 1 1
55426 20614 1 1
45840 27384 1 1
2768 99292 1 1
103027 21094 1 1
3092 41061 1 1
14710 7925 1 1
8981 3433 1 1
71438 12460 1 1
81878 9786 1 1
12565 102272 1 1
14824 16928 1 1
11941 8981 1 1
9702 25536 1 1
4553 30730 1 1
12679 5848 1 1
9830 12565 1 1
14805 6860 1 1
103841 12539 1 1
5848 6002 1 1
11484 104035 1 1
10036 25536 1 1
12406 11887 1 1
96262 10095 1 1
6383 41061 1 1
19155 2768 1 1
48375 8533 1 1
25536 11415 1 1
45840 14216 1 1
8551 11306 1 1
102623 13499 1 1
12679 101221 1 1
44757 16844 1 1
12152 9830 1 1
50595 5423 1 1
21094 11546 1 1
11686 16808 1 1
14216 8186 1 1
41369 5640 1 1
32252 6383 1 1
91591 2768 1 1
11484 3515 1 1
105716 12116 1 1
25431 16874 1 1
7313 12864 1 1
15552 16874 1 1
4879 8392 1 1
98894 2414 1 1
97901 25348 1 1
2414 102623 1 1
9702 19394 1 1
23503 23503 1 1
91694 3139 1 1
68102 6073 1 1
16140 30730 1 1
8098 8950 1 1
5036 5848 1 1
56045 10250 1 1
17796 100750 1 1
73931 8901 1 1
14178 33103 1 1
55573 55426 1 1
98704 16874 1 1
4497 100790 1 1
41301 5254 1 1
45753 18309 1 1
25536 2768 1 1
71654 9653 1 1
96158 7544 1 1
8551 16874 1 1
59376 105687 1 1
13989 20614 1 1
5886 6096 1 1
44014 11686 1 1
59376 15064 1 1
101221 36024 1 1
13499 6798 1 1
14135 6860 1 1
29117 9312 1 1
105850 10549 1 1
20780 41232 1 1
50570 20847 1 1
100790 14842 1 1
45840 106388 1 1
11228 7544 1 1
104863 15064 1 1
96262 4879 1 1
43853 2708 1 1
32252 19155 1 1
48375 55426 1 1
5886 98567 1 1
103200 48375 1 1
13381 7925 1 1
9786 9702 1 1
20780 9724 1 1
8901 5254 1 1
105496 17004 1 1
10508 25536 1 1
96646 12679 1 1
92243 6073 1 1
55573 10508 1 1
10351 10915 1 1
17796 25348 1 1
103525 30730 1 1
9914 13030 1 1
2414 14805 1 1
8186 48375 1 1
105336 9380 1 1
20614 97011 1 1
9971 8169 1 1
45840 17004 1 1
103200 9702 1 1
13989 16711 1 1
5036 5617 1 1
9012 50570 1 1
11394 7821 1 1
103141 6073 1 1
55573 10549 1 1
12679 15064 1 1
73931 14135 1 1
8186 4553 1 1
3305 34944 1 1
20614 96789 1 1
15064 14904 1 1
9653 24149 1 1
36024 48375 1 1
32252 7747 1 1
23211 11355 1 1
9810 8921 1 1
105877 32800 1 1
1572 4497 1 1
11151 15015 1 1
97845 105102 1 1
54154 6645 1 1
31106 5886 1 1
3305 4497 1 1
10479 11415 1 1
10250 101342 1 1
3690 44682 1 1
14904 11306 1 1
3515 102707 1 1
49892 15250 1 1
36440 48375 1 1
9012 10479 1 1
3515 2414 1 1
10508 12565 1 1
2369 11686 1 1
1942 25148 1 1
12460 1865 1 1
14766 2208 1 1
16157 16290 1 1
103639 4747 1 1
8186 11394 1 1
10841 50143 1 1
100534 6645 1 1
3650 96848 1 1
37868 9953 1 1
97845 8551 1 1
5507 100534 1 1
16140 2834 1 1
17796 103448 1 1
105102 6353 1 1
104481 30730 1 1
91562 9702 1 1
79625 7038 1 1
36440 6073 1 1
11546 17004 1 1
1267 104086 1 1
98071 9576 1 1
96158 48375 1 1
12679 68661 1 1
7821 25148 1 1
9914 36440 1 1
3275 7747 1 1
101342 49892 1 1
7721 13435 1 1
95588 2414 1 1
29117 41232 1 1
6002 8292 1 1
57096 3139 1 1
14216 101221 1 1
50595 9293 1 1
5640 99320 1 1
7925 95891 1 1
4497 94117 1 1
7491 22756 1 1
5507 6002 1 1
106388 6966 1 1
8921 41315 1 1
50143 2208 1 1
43942 5423 1 1
81878 25148 1 1
41128 7925 1 1
6645 4747 1 1
7113 39688 1 1
7925 6353 1 1
20614 22756 1 1
100893 8186 1 1
5214 103027 1 1
5214 8950 1 1
13522 14805 1 1
57389 62152 1 1
12258 19437 1 1
17796 100643 1 1
6966 104481 1 1
3650 99855 1 1
7313 105716 1 1
49892 106365 1 1
47004 25536 1 1
20065 7038 1 1
96848 4497 1 1
91546 11754 1 1
59376 97168 1 1
8921 14158 1 1
20614 12096 1 1
104481 5254 1 1
6860 8098 1 1
101899 3275 1 1
7821 7544 1 1
9242 12991 1 1
4497 7038 1 1
11394 7702 1 1
13989 9868 1 1
8676 11887 1 1
13435 3275 1 1
5584 57389 1 1
9868 59376 1 1
6645 9220 1 1
97920 27503 1 1
98945 16928 1 1
20614 53837 1 1
12565 9380 1 1
12679 10059 1 1
55573 3515 1 1
10122 10250 1 1
8098 5848 1 1
10250 104481 1 1
8115 5036 1 1
7347 5720 1 1
11715 79625 1 1
11715 12960 1 1
8863 2672 1 1
14158 8825 1 1
2834 55573 1 1
11715 12348 1 1
11735 20342 1 1
19091 23348 1 1
5507 11546 1 1
13499 8797 1 1
85619 12795 1 1
41128 95891 1 1
6383 8186 1 1
59376 55426 1 1
7906 7994 1 1
6553 5036 1 1
10250 5977 1 1
3139 14710 1 1
5254 6073 1 1
25431 12704 1 1
48375 96789 1 1
32800 8720 1 1
12960 105336 1 1
17796 11754 1 1
21094 97845 1 1
41432 12864 1 1
12460 7465 1 1
8676 8676 1 1
7491 98704 1 1
7721 13195 1 1
41398 3433 1 1
14842 8950 1 1
12679 68939 1 1
30730 97736 1 1
8098 103027 1 1
41599 2834 1 1
12317 5640 1 1
9536 5036 1 1
11546 14805 1 1
41232 30730 1 1
8846 11686 1 1
102707 30730 1 1
93926 5662 1 1
6487 91562 1 1
25536 102272 1 1
12565 6353 1 1
57096 13195 1 1
11546 6645 1 1
12565 5036 1 1
57389 3560 1 1
105102 55573 1 1
20402 25148 1 1
13522 8115 1 1
8533 1865 1 1
102623 12258 1 1
4423 4423 1 1
7702 16874 1 1
32252 5214 1 1
34944 5015 1 1
14842 71438 1 1
12539 11415 1 1
3275 100790 1 1
6402 14235 1 1
9936 5423 1 1
105850 16121 1 1
15064 56045 1 1
91747 17796 1 1
20755 3305 1 1
56326 10411 1 1
5065 4497 1 1
81878 4497 1 1
41432 14904 1 1
65150 13499 1 1
11546 45237 1 1
92243 3275 1 1
105336 3139 1 1
13567 12679 1 1
3515 19155 1 1
9868 7544 1 1
96646 6002 1 1
4423 17004 1 1
45840 7821 1 1
6002 25837 1 1
7721 10250 1 1
25536 25148 1 1
12565 32119 1 1
6228 5886 1 1
55573 9786 1 1
10411 102272 1 1
45840 8797 1 1
55573 45429 1 1
15795 12679 1 1
11546 9220 1 1
10878 20780 1 1
103792 6645 1 1
5036 98894 1 1
9971 103841 1 1
3690 15650 1 1
35107 4201 1 1
13989 9702 1 1
12565 12052 1 1
12052 14216 1 1
8064 8846 1 1
44757 13337 1 1
11484 21094 1 1
97155 4747 1 1
6383 1688 1 1
4747 104481 1 1
37290 29117 1 1
55573 20653 1 1
14842 9896 1 1
45840 56109 1 1
16140 6383 1 1
28510 4497 1 1
97845 6383 1 1
6966 8533 1 1
9971 96158 1 1
5423 12565 1 1
25536 13989 1 1
11415 6915 1 1
65982 5662 1 1
11754 33103 1 1
9936 9380 1 1
10804 12052 1 1
6487 45840 1 1
9312 6383 1 1
12960 8981 1 1
9786 20402 1 1
14158 3305 1 1
25536 9220 1 1
5036 97053 1 1
10250 7383 1 1
12704 25201 1 1
5423 28288 1 1
5792 55573 1 1
57239 5662 1 1
36440 59376 1 1
7134 73931 1 1
3358 4605 1 1
5036 32301 1 1
25536 9060 1 1
3690 10351 1 1
14178 7038 1 1
103792 105102 1 1
9702 1688 1 1
57389 10710 1 1
9936 11484 1 1
12406 17796 1 1
7465 12565 1 1
6002 101568 1 1
3305 7594 1 1
23276 68939 1 1
12539 5423 1 1
10897 6002 1 1
105850 14904 1 1
49892 75552 1 1
5036 8064 1 1
103027 8981 1 1
3433 2745 1 1
5254 41128 1 1
45658 3690 1 1
7821 16711 1 1
14766 3877 1 1
29117 55573 1 1
100848 55573 1 1
3877 9380 1 1
102623 24149 1 1
7038 95407 1 1
8699 38636 1 1
15519 8676 1 1
19155 9380 1 1
20847 4423 1 1
11306 25201 1 1
43853 34944 1 1
10479 5584 1 1
5886 19722 1 1
41061 2414 1 1
3139 14824 1 1
20780 45658 1 1
17796 41369 1 1
101171 48375 1 1
9576 41398 1 1
4497 8797 1 1
3390 14178 1 1
55573 44757 1 1
8901 8921 1 1
6619 5036 1 1
8115 2989 1 1
11686 10095 1 1
11415 3515 1 1
10822 6487 1 1
7491 16928 1 1
20780 7994 1 1
2834 97920 1 1
71654 25148 1 1
87408 6487 1 1
43853 36024 1 1
6096 7747 1 1
5640 14842 1 1
25536 12460 1 1
6645 6002 1 1
6915 68281 1 1
10670 11715 1 1
10915 93765 1 1
97120 14904 1 1
6966 9576 1 1
43942 7925 1 1
45840 7721 1 1
15064 3560 1 1
5036 15250 1 1
2834 2834 1 1
59376 6645 1 1
106388 7113 1 1
25348 12258 1 1
41613 12565 1 1
43853 7491 1 1
5640 45658 1 1
13337 50252 1 1
105956 12704 1 1
12539 18309 1 1
10059 6966 1 1
20847 32301 1 1
85619 2672 1 1
91694 12917 1 1
7113 10670 1 1
73931 3275 1 1
17796 10479 1 1
3877 6073 1 1
12348 49892 1 1
14235 14805 1 1
12348 6073 1 1
15250 9971 1 1
3358 14805 1 1
29117 41599 1 1
97920 9830 1 1
12539 12460 1 1
20614 10529 1 1
37868 25583 1 1
6487 106388 1 1
20847 34944 1 1
14824 11754 1 1
5640 7134 1 1
25431 8720 1 1
10804 12864 1 1
2768 8169 1 1
12565 4423 1 1
12960 17004 1 1
102272 6002 1 1
16121 6353 1 1
87472 55573 1 1
56326 11887 1 1
11686 7016 1 1
8863 7747 1 1
25348 39688 1 1
5848 3611 1 1
36024 16711 1 1
13522 12679 1 1
17796 96627 1 1
105850 10479 1 1
6915 9936 1 1
10692 16874 1 1
12679 41218 1 1
13567 2208 1 1
6487 12348 1 1
3433 11941 1 1
39688 5507 1 1
25536 106365 1 1
65982 12539 1 1
105956 16743 1 1
106212 6487 1 1
97901 11546 1 1
9268 25348 1 1
12864 6941 1 1
8098 11798 1 1
12348 6966 1 1
77406 16874 1 1
11686 95219 1 1
6966 25536 1 1
97031 9830 1 1
7491 20614 1 1
9762 6992 1 1
11546 32800 1 1
91694 7721 1 1
97736 5148 1 1
3433 7925 1 1
7491 25148 1 1
93657 2834 1 1
2834 6073 1 1
4497 14692 1 1
7491 105538 1 1
15250 28288 1 1
5254 6702 1 1
54643 55573 1 1
9914 7038 1 1
12348 5640 1 1
25431 11546 1 1
12679 50595 1 1
8115 8921 1 1
29117 50570 1 1
97168 55573 1 1
71654 16874 1 1
14842 50570 1 1
11546 11306 1 1
106350 25536 1 1
13472 9786 1 1
81878 48375 1 1
10841 16928 1 1
96613 8981 1 1
2768 11546 1 1
14637 6966 1 1
20614 27503 1 1
13337 9830 1 1
9702 13522 1 1
2414 14692 1 1
48375 10095 1 1
100750 15156 1 1
27503 1715 1 1
25348 14842 1 1
12704 14710 1 1
12771 41301 1 1
50595 5507 1 1
12317 9125 1 1
3410 50595 1 1
8676 57953 1 1
5720 10633 1 1
12258 9936 1 1
1715 17796 1 1
11686 91694 1 1
73931 7994 1 1
28510 10036 1 1
36440 6619 1 1
103346 11546 1 1
8098 96848 1 1
11415 2708 1 1
94117 13195 1 1
5640 93657 1 1
5148 6383 1 1
6096 8901 1 1
15552 105716 1 1
97663 6073 1 1
10731 2834 1 1
9868 48375 1 1
8901 40469 1 1
59376 8392 1 1
9971 8901 1 1
6402 8797 1 1
81878 13337 1 1
12116 16874 1 1
6487 13472 1 1
49892 5617 1 1
5254 91546 1 1
4879 25348 1 1
8846 8098 1 1
9868 12795 1 1
6966 96871 1 1
11415 7491 1 1
15156 43942 1 1
1865 98704 1 1
6383 99444 1 1
6487 55426 1 1
41111 7747 1 1
45840 6860 1 1
7906 8098 1 1
17796 56326 1 1
12991 5886 1 1
25536 36440 1 1
85619 2708 1 1
44757 5015 1 1
13499 105850 1 1
10670 14842 1 1
5036 1267 1 1
11546 10452 1 1
8592 102272 1 1
20780 2834 1 1
11686 7313 1 1
3305 73931 1 1
12317 7266 1 1
96158 9576 1 1
8592 91462 1 1
14842 3390 1 1
55573 101342 1 1
8169 12460 1 1
91694 30730 1 1
11394 11546 1 1
8098 3092 1 1
7038 14766 1 1
36024 97920 1 1
8921 11622 1 1
10897 12704 1 1
96569 11546 1 1
11228 49892 1 1
45753 6966 1 1
9896 45840 1 1
99320 25348 1 1
25583 5254 1 1
20614 9380 1 1
37868 41332 1 1
6002 41332 1 1
7491 18051 1 1
10710 59376 1 1
20402 6002 1 1
9702 99395 1 1
14216 25536 1 1
3410 8676 1 1
9830 104533 1 1
5148 8863 1 1
11546 85619 1 1
9702 15064 1 1
6002 11686 1 1
48375 12565 1 1
1865 14805 1 1
25583 6073 1 1
81878 5640 1 1
12406 25431 1 1
95766 25536 1 1
49892 98653 1 1
8115 10897 1 1
7925 5792 1 1
13195 106388 1 1
47004 9576 1 1
5036 12406 1 1
98021 6576 1 1
101994 15064 1 1
9702 6915 1 1
85619 10479 1 1
3650 105336 1 1
17796 11151 1 1
6860 16928 1 1
5792 105496 1 1
8863 3139 1 1
14135 104481 1 1
8551 6487 1 1
97155 30730 1 1
3410 57096 1 1
2672 106388 1 1
20653 20614 1 1
59376 12317 1 1
3092 73931 1 1
12565 12679 1 1
7134 8186 1 1
25201 102272 1 1
98021 12565 1 1
11868 2208 1 1
9380 12991 1 1
7491 41398 1 1
55573 9576 1 1
9293 102707 1 1
14904 104863 1 1
8098 10878 1 1
13030 6487 1 1
17209 10479 1 1
98894 10897 1 1
6645 5617 1 1
87408 48375 1 1
10250 100790 1 1
7266 8186 1 1
10479 9125 1 1
56109 8901 1 1
105039 25348 1 1
34088 50252 1 1
104342 5036 1 1
76035 7038 1 1
11715 5148 1 1
2989 7038 1 1
41232 7994 1 1
18309 7491 1 1
103346 7038 1 1
16121 103214 1 1
56326 1865 1 1
100790 8098 1 1
4497 104481 1 1
6860 4497 1 1
34088 98894 1 1
11715 25348 1 1
54643 45753 1 1
6860 6645 1 1
12460 16844 1 1
25536 81878 1 1
22774 13522 1 1
77343 58181 1 1
19155 7721 1 1
30730 2708 1 1
10633 37868 1 1
14805 12704 1 1
9012 105850 1 1
25148 59376 1 1
23348 9743 1 1
103448 2834 1 1
6619 59376 1 1
14842 3358 1 1
81878 6002 1 1
13522 5886 1 1
3305 10670 1 1
15552 41301 1 1
12771 17209 1 1
3275 13499 1 1
6487 20653 1 1
14158 104481 1 1
13499 13195 1 1
103792 9012 1 1
11887 102272 1 1
3305 9896 1 1
36556 8676 1 1
102151 12795 1 1
11484 50595 1 1
50570 2208 1 1
11546 7313 1 1
27503 102707 1 1
106246 48375 1 1
98021 12864 1 1
9242 8797 1 1
10878 5214 1 1
16121 4747 1 1
7857 13306 1 1
20780 12991 1 1
5742 65982 1 1
1865 55826 1 1
23348 13522 1 1
56460 20614 1 1
85619 10897 1 1
32252 9743 1 1
47801 81878 1 1
97901 5036 1 1
20088 5015 1 1
6402 6073 1 1
5254 4822 1 1
9702 13030 1 1
11962 15064 1 1
9220 16711 1 1
68281 17796 1 1
36440 102398 1 1
14158 3650 1 1
12771 91735 1 1
9743 8186 1 1
41432 3515 1 1
33336 16743 1 1
12442 5036 1 1
105496 45840 1 1
16620 8950 1 1
7721 20847 1 1
50143 17004 1 1
13522 20614 1 1
3139 10250 1 1
10670 2834 1 1
9971 29117 1 1
103214 14904 1 1
20614 10095 1 1
3433 12052 1 1
5015 81878 1 1
43853 10059 1 1
6798 20088 1 1
12258 98021 1 1
9971 41111 1 1
4553 6645 1 1
25201 6966 1 1
102504 6073 1 1
9293 1572 1 1
98567 3515 1 1
6645 7962 1 1
13989 11228 1 1
5254 13140 1 1
59555 20780 1 1
14692 5977 1 1
9936 44757 1 1
33103 8098 1 1
11754 11715 1 1
97031 11546 1 1
4497 3092 1 1
43853 27503 1 1
55396 59376 1 1
14904 9868 1 1
6645 22756 1 1
22159 105102 1 1
9936 9012 1 1
25348 9380 1 1
14216 101899 1 1
12679 8292 1 1
17796 11982 1 1
94026 8901 1 1
68102 41128 1 1
7383 14710 1 1
55426 6002 1 1
36127 4553 1 1
30730 101979 1 1
41128 6383 1 1
7544 28510 1 1
25536 53837 1 1
12679 10351 1 1
10841 12679 1 1
3877 99855 1 1
23276 97155 1 1
25431 12442 1 1
56109 7747 1 1
6702 30730 1 1
94117 27384 1 1
25348 4497 1 1
9517 16743 1 1
6966 10804 1 1
11798 7747 1 1
10841 55573 1 1
8825 13522 1 1
43942 17796 1 1
56326 30730 1 1
8098 9936 1 1
9380 4423 1 1
47801 9971 1 1
11546 10508 1 1
106388 8950 1 1
11819 1715 1 1
59376 32119 1 1
2768 5701 1 1
3275 2745 1 1
13499 104481 1 1
91694 20614 1 1
4497 9724 1 1
11686 3358 1 1
20780 34944 1 1
7491 16808 1 1
38442 17796 1 1
19394 11546 1 1
41232 14158 1 1
7038 4747 1 1
14158 8797 1 1
10036 6487 1 1
41301 7491 1 1
103614 25536 1 1
105850 6304 1 1
6860 3305 1 1
103841 16928 1 1
41061 30730 1 1
4553 6915 1 1
15519 11447 1 1
25148 101342 1 1
8186 6304 1 1
11715 8392 1 1
8901 1572 1 1
97155 8901 1 1
3515 95073 1 1
8098 104533 1 1
6487 24783 1 1
2414 8115 1 1
12704 1715 1 1
98704 12704 1 1
23276 11868 1 1
20614 12442 1 1
14805 7925 1 1
12317 103487 1 1
50252 101221 1 1
2768 9810 1 1
10878 5036 1 1
99395 11754 1 1
9786 12258 1 1
12424 2414 1 1
9936 3410 1 1
7491 34088 1 1
104481 10095 1 1
14766 6860 1 1
8825 13499 1 1
25536 41301 1 1
8863 12917 1 1
69206 6645 1 1
22159 21094 1 1
5036 44757 1 1
5015 32800 1 1
11415 12258 1 1
9810 7906 1 1
10351 45840 1 1
7491 16874 1 1
23276 103792 1 1
34944 11546 1 1
7383 91694 1 1
3390 7747 1 1
3611 21094 1 1
20342 95407 1 1
4497 3515 1 1
27503 17004 1 1
7134 6383 1 1
20780 6073 1 1
25348 100400 1 1
10059 49892 1 1
44757 8216 1 1
11735 34088 1 1
12460 100439 1 1
41398 12864 1 1
7491 93579 1 1
11415 71654 1 1
2208 17004 1 1
98006 14842 1 1
19394 20402 1 1
100534 11484 1 1
103841 11715 1 1
96700 15156 1 1
7038 100534 1 1
50252 20614 1 1
49892 47004 1 1
6487 76035 1 1
103448 34088 1 1
14235 7113 1 1
19394 2708 1 1
14726 14726 1 1
6206 10915 1 1
101221 32252 1 1
48375 5423 1 1
4497 56109 1 1
16140 14135 1 1
6966 6002 1 1
13989 101899 1 1
95205 16121 1 1
7721 17004 1 1
22774 17004 1 1
41128 5148 1 1
13195 101221 1 1
13499 32252 1 1
41398 11546 1 1
10203 12052 1 1
96613 16874 1 1
9702 32173 1 1
8592 12406 1 1
25536 106498 1 1
104035 10479 1 1
6860 7994 1 1
25536 65982 1 1
9971 13499 1 1
7038 26370 1 1
8115 103027 1 1
13499 17796 1 1
8186 106296 1 1
10059 16711 1 1
6966 98945 1 1
34088 16985 1 1
97736 3305 1 1
6619 7925 1 1
7383 8901 1 1
5148 11686 1 1
6860 101221 1 1
50252 3611 1 1
23211 99517 1 1
104533 6073 1 1
7821 11754 1 1
13195 25536 1 1
2768 7821 1 1
40750 3587 1 1
50595 17796 1 1
29117 48375 1 1
9743 36024 1 1
62152 49892 1 1
43853 6487 1 1
97155 7994 1 1
5192 8115 1 1
12565 28510 1 1
45753 102200 1 1
55573 7491 1 1
15064 3305 1 1
8754 6576 1 1
8098 14235 1 1
10915 7906 1 1
32301 11546 1 1
6487 37868 1 1
59376 106246 1 1
45658 24783 1 1
97031 7544 1 1
13522 99320 1 1
5036 12679 1 1
9914 6487 1 1
102733 2414 1 1
6966 13989 1 1
12565 25536 1 1
103722 20614 1 1
23348 8216 1 1
10549 50595 1 1
59376 13522 1 1
6645 10479 1 1
12704 9830 1 1
50252 9743 1 1
13989 5036 1 1
5036 104052 1 1
102707 6576 1 1
9743 32800 1 1
3217 7994 1 1
8169 5640 1 1
7038 8186 1 1
25431 56326 1 1
5507 38442 1 1
19091 24149 1 1
6966 8551 1 1
11546 14618 1 1
41432 11686 1 1
7038 105538 1 1
29117 101994 1 1
94592 6073 1 1
106296 49892 1 1
25536 103722 1 1
11394 10549 1 1
49892 13337 1 1
48375 3275 1 1
5792 8797 1 1
9830 39688 1 1
3390 9380 1 1
12539 87387 1 1
7857 67831 1 1
43853 7444 1 1
5742 6941 1 1
12771 102707 1 1
7038 99320 1 1
3877 11941 1 1
59376 8064 1 1
8186 25536 1 1
25148 7465 1 1
13522 7994 1 1
34088 8115 1 1
35645 8901 1 1
45658 5886 1 1
23276 25837 1 1
97168 25536 1 1
102623 10059 1 1
5254 9380 1 1
7216 25348 1 1
8863 3690 1 1
14216 41128 1 1
7491 95192 1 1
16140 7747 1 1
100893 14842 1 1
41301 25201 1 1
103792 6383 1 1
33103 10250 1 1
5886 3433 1 1
8115 9125 1 1
12991 6073 1 1
4879 9971 1 1
9702 91591 1 1
6002 44229 1 1
11415 7994 1 1
32252 8186 1 1
103841 12795 1 1
49892 6073 1 1
6645 9653 1 1
12258 7994 1 1
5254 49892 1 1
11798 14235 1 1
59555 4497 1 1
97011 8186 1 1
100439 36024 1 1
44229 8551 1 1
8064 48375 1 1
97031 15250 1 1
6966 9971 1 1
41204 20614 1 1
9293 11415 1 1
14904 12368 1 1
103792 6304 1 1
44682 25431 1 1
12116 11306 1 1
3877 2834 1 1
93579 16743 1 1
10095 19394 1 1
9868 6487 1 1
56326 17258 1 1
2989 24149 1 1
13195 11686 1 1
10452 59376 1 1
2208 7038 1 1
10915 13240 1 1
6487 5617 1 1
5015 45429 1 1
47801 6073 1 1
6002 41432 1 1
11754 11622 1 1
9868 19437 1 1
34944 34944 1 1
3690 12960 1 1
97920 17004 1 1
1865 14766 1 1
81878 14601 1 1
5640 87387 1 1
8825 10095 1 1
41232 13989 1 1
2208 8901 1 1
32301 21094 1 1
8653 16874 1 1
24149 16874 1 1
23348 16140 1 1
17796 12679 1 1
6645 15552 1 1
12991 14158 1 1
5848 16928 1 1
5036 17004 1 1
10915 61202 1 1
103614 3515 1 1
12771 103614 1 1
11484 9653 1 1
5214 10897 1 1
8981 8797 1 1
6860 27503 1 1
2414 104481 1 1
10095 25536 1 1
6487 10710 1 1
10841 16808 1 1
9830 13195 1 1
79625 4879 1 1
95891 9242 1 1
2834 73931 1 1
12317 6353 1 1
2989 15064 1 1
14618 3515 1 1
19155 9786 1 1
3139 13522 1 1
8676 8323 1 1
7465 15650 1 1
44757 103282 1 1
96507 49892 1 1
9702 41095 1 1
26815 6353 1 1
13567 23276 1 1
13499 6073 1 1
10059 11546 1 1
16140 5254 1 1
21094 45237 1 1
12679 6798 1 1
12460 8592 1 1
106296 9702 1 1
10351 5792 1 1
3650 55573 1 1
56045 5640 1 1
25348 45753 1 1
19394 12864 1 1
19437 105266 1 1
47801 11715 1 1
1464 9312 1 1
96848 21094 1 1
2414 11868 1 1
104533 23348 1 1
105716 5148 1 1
19437 12864 1 1
8098 50570 1 1
36440 6966 1 1
3275 10452 1 1
5507 15650 1 1
103525 8115 1 1
7721 98224 1 1
11546 20402 1 1
12539 10692 1 1
50421 48375 1 1
8323 59376 1 1
95891 6073 1 1
3611 9868 1 1
6487 8436 1 1
23276 5640 1 1
30730 19155 1 1
55573 56109 1 1
55573 24149 1 1
41332 17796 1 1
1464 50421 1 1
11151 32119 1 1
43942 23276 1 1
20780 4423 1 1
6798 2745 1 1
55573 13030 1 1
1715 6915 1 1
96700 1865 1 1
91694 13195 1 1
3275 97920 1 1
8846 7747 1 1
7038 20088 1 1
3390 5886 1 1
77406 12565 1 1
100893 11394 1 1
7544 106296 1 1
12917 45840 1 1
5036 9830 1 1
3092 10452 1 1
11686 100643 1 1
99216 16874 1 1
20535 23276 1 1
5662 7962 1 1
91591 6073 1 1
9012 19437 1 1
10250 5720 1 1
33103 24783 1 1
9702 59376 1 1
9810 6073 1 1
26370 45840 1 1
5886 9380 1 1
20614 100439 1 1
41599 7134 1 1
98704 10897 1 1
10391 7925 1 1
11546 56326 1 1
91562 55573 1 1
6966 16711 1 1
11546 41613 1 1
9868 10095 1 1
105687 45753 1 1
5913 9424 1 1
9896 7994 1 1
14692 2834 1 1
27503 17040 1 1
25431 68281 1 1
56566 16711 1 1
96613 21094 1 1
11754 6402 1 1
95891 11715 1 1
6941 21094 1 1
10670 14178 1 1
23129 17796 1 1
9830 6595 1 1
73931 16928 1 1
32252 14135 1 1
7038 99640 1 1
20780 8950 1 1
95219 48375 1 1
20847 45840 1 1
106296 12565 1 1
7383 5886 1 1
5742 99216 1 1
14178 56566 1 1
27337 43683 1 1
48375 9786 1 1
14216 28288 1 1
25837 6383 1 1
106388 20614 1 1
12460 16874 1 1
14842 12991 1 1
12460 16808 1 1
11686 50252 1 1
11622 45429 1 1
3690 13381 1 1
49892 32173 1 1
11715 74021 1 1
95219 3587 1 1
20614 97031 1 1
33103 14158 1 1
12368 6645 1 1
69432 25348 1 1
100534 5214 1 1
56045 45840 1 1
7038 101899 1 1
91591 55573 1 1
45658 7994 1 1
13499 8720 1 1
5423 5036 1 1
49892 14216 1 1
14824 2414 1 1
27503 48375 1 1
103200 59376 1 1
49892 95219 1 1
5148 8797 1 1
3690 6798 1 1
96627 11754 1 1
103282 10897 1 1
98584 20614 1 1
98584 34088 1 1
11228 17004 1 1
5886 9896 1 1
28510 101342 1 1
14710 3358 1 1
6941 102398 1 1
44682 12539 1 1
9380 3611 1 1
98224 3275 1 1
4747 6073 1 1
5036 10059 1 1
6966 8186 1 1
20614 91562 1 1
95073 32800 1 1
2708 9536 1 1
12258 4497 1 1
12795 101221 1 1
6402 13499 1 1
8186 9786 1 1
20755 8098 1 1
24149 59376 1 1
12704 12565 1 1
9242 45658 1 1
34088 11546 1 1
55396 12565 1 1
20614 15250 1 1
54643 5742 1 1
5148 8901 1 1
20614 103614 1 1
96507 9702 1 1
17796 8846 1 1
6645 6619 1 1
4497 14904 1 1
59376 11902 1 1
14904 15932 1 1
99395 16928 1 1
10915 93881 1 1
23398 8115 1 1
45658 8901 1 1
11151 6353 1 1
2768 3611 1 1
20088 24763 1 1
20780 41111 1 1
14904 54154 1 1
14842 20847 1 1
5792 9936 1 1
14904 103282 1 1
91747 5640 1 1
6002 105716 1 1
10670 5640 1 1
105649 25536 1 1
5977 16140 1 1
99121 8676 1 1
55573 6437 1 1
12565 8392 1 1
9971 7994 1 1
14904 11546 1 1
5640 74021 1 1
91546 14158 1 1
10250 3275 1 1
24149 2414 1 1
104035 9830 1 1
106365 13195 1 1
10731 7113 1 1
20847 5148 1 1
14805 10897 1 1
12317 6073 1 1
13499 96646 1 1
5640 96871 1 1
11546 15650 1 1
10549 5662 1 1
6595 8115 1 1
13499 5148 1 1
6002 9914 1 1
19091 12565 1 1
45840 91694 1 1
25536 94117 1 1
3275 103448 1 1
11715 12442 1 1
104533 14842 1 1
6383 7721 1 1
97155 2414 1 1
8115 5507 1 1
13337 12864 1 1
33103 8981 1 1
25348 103525 1 1
45237 6576 1 1
5036 3611 1 1
2768 4497 1 1
106296 11546 1 1
4497 11686 1 1
32119 5036 1 1
3611 15250 1 1
13156 30730 1 1
2208 44682 1 1
34944 4423 1 1
3275 56566 1 1
8981 9242 1 1
20755 2768 1 1
10479 6576 1 1
44757 97845 1 1
3515 3560 1 1
50421 14904 1 1
19091 8115 1 1
5254 6553 1 1
6002 8115 1 1
45237 13499 1 1
102466 8592 1 1
12679 41075 1 1
12348 20402 1 1
9702 32252 1 1
102435 1267 1 1
19155 6645 1 1
10822 11686 1 1
59376 2208 1 1
100166 1464 1 1
96848 6073 1 1
5742 39688 1 1
4531 68102 1 1
12815 8186 1 1
4747 56326 1 1
12771 6353 1 1
71654 9936 1 1
22682 3690 1 1
1865 8098 1 1
28510 20614 1 1
14216 9653 1 1
14135 5254 1 1
10452 8950 1 1
32173 6383 1 1
41613 6487 1 1
20847 15650 1 1
102707 7313 1 1
14692 3433 1 1
27503 16874 1 1
32301 8676 1 1
10897 44229 1 1
6595 9971 1 1
47801 6966 1 1
105687 48375 1 1
49892 87408 1 1
23398 6645 1 1
45840 2834 1 1
57389 11982 1 1
41432 7491 1 1
74021 1267 1 1
100510 6645 1 1
6487 8392 1 1
105102 44229 1 1
11686 43853 1 1
105336 27384 1 1
50252 4497 1 1
4879 7747 1 1
11686 13522 1 1
3587 11868 1 1
30730 68939 1 1
10122 16711 1 1
13156 20431 1 1
12348 45840 1 1
10411 41432 1 1
69206 6966 1 1
8098 98610 1 1
5148 8115 1 1
9312 3515 1 1
7113 6941 1 1
11546 62152 1 1
6860 32301 1 1
6645 7081 1 1
50252 13195 1 1
5742 16874 1 1
8846 27384 1 1
7857 41528 1 1
37868 14766 1 1
47801 12052 1 1
25148 24149 1 1
5254 9971 1 1
20780 12960 1 1
7383 9242 1 1
12795 28510 1 1
103792 9576 1 1
97736 2768 1 1
5423 6966 1 1
9380 20780 1 1
12565 16620 1 1
5254 97845 1 1
29596 20133 1 1
6645 97619 1 1
2768 8981 1 1
25583 5720 1 1
9830 53837 1 1
23276 14766 1 1
3690 3390 1 1
10897 96646 1 1
9012 41301 1 1
71438 7994 1 1
8981 7925 1 1
85619 8551 1 1
5015 24149 1 1
24783 3390 1 1
12864 49892 1 1
2834 41369 1 1
45753 2768 1 1
14842 9380 1 1
45658 14842 1 1
41218 3690 1 1
12565 4497 1 1
98071 15250 1 1
8676 103525 1 1
21094 6645 1 1
16121 16711 1 1
56109 14158 1 1
12317 105850 1 1
33148 12565 1 1
6860 98006 1 1
2672 13522 1 1
11887 43942 1 1
5381 91694 1 1
7038 12348 1 1
91546 4879 1 1
11735 11715 1 1
10841 30730 1 1
12795 8699 1 1
4553 6383 1 1
81878 96871 1 1
29117 59376 1 1
56566 21094 1 1
9830 54154 1 1
14904 5584 1 1
13499 5036 1 1
5640 10095 1 1
7962 5036 1 1
7491 1572 1 1
11622 17004 1 1
20780 25837 1 1
6002 96789 1 1
3587 4474 1 1
13195 4497 1 1
5254 10841 1 1
14842 33103 1 1
9312 17796 1 1
102707 10479 1 1
13989 99444 1 1
2768 10841 1 1
5742 11394 1 1
41369 25536 1 1
102466 6073 1 1
59376 97120 1 1
25348 6073 1 1
15650 7491 1 1
10452 9702 1 1
5254 20780 1 1
20847 50595 1 1
56109 20780 1 1
3092 9536 1 1
57096 20780 1 1
11798 5886 1 1
9424 16928 1 1
17796 94592 1 1
2834 8098 1 1
7702 16743 1 1
9242 48375 1 1
105850 16874 1 1
10670 7994 1 1
5036 13567 1 1
5640 14135 1 1
99320 10095 1 1
25348 7038 1 1
8115 5423 1 1
20614 6860 1 1
23276 4822 1 1
4497 41128 1 1
6915 12704 1 1
11394 6304 1 1
17796 41398 1 1
10059 7544 1 1
3305 9380 1 1
10878 4497 1 1
4747 11484 1 1
10878 11228 1 1
25201 8392 1 1
12864 10692 1 1
25348 16928 1 1
11415 16743 1 1
11686 105336 1 1
5662 41628 1 1
41332 16928 1 1
1572 6463 1 1
1865 102330 1 1
15650 6304 1 1
94026 5886 1 1
6941 12815 1 1
105039 8115 1 1
11546 71654 1 1
8825 5036 1 1
11715 29117 1 1
10250 8901 1 1
5036 41613 1 1
5640 1865 1 1
12565 16874 1 1
9830 43853 1 1
15650 11394 1 1
55396 9830 1 1
6966 6645 1 1
32173 19394 1 1
8115 16928 1 1
41301 11546 1 1
3515 105102 1 1
29117 45753 1 1
81878 6860 1 1
99562 5662 1 1
9702 3611 1 1
13567 13499 1 1
19394 6645 1 1
6645 103027 1 1
23348 6073 1 1
48375 13499 1 1
41398 25536 1 1
6860 3515 1 1
9914 10095 1 1
1715 25431 1 1
8634 2768 1 1
55573 41332 1 1
45429 3740 1 1
5640 10351 1 1
105649 48375 1 1
45840 12317 1 1
20614 6073 1 1
12864 10549 1 1
6553 8863 1 1
32301 20614 1 1
12565 8436 1 1
11306 12317 1 1
7721 14710 1 1
41061 5254 1 1
37290 17796 1 1
7038 65150 1 1
103346 25348 1 1
12565 15250 1 1
11887 12460 1 1
56109 2834 1 1
13140 7925 1 1
7134 97155 1 1
9896 20847 1 1
5977 11754 1 1
3092 104481 1 1
5148 25348 1 1
23348 25536 1 1
3560 16121 1 1
92032 1865 1 1
103639 11686 1 1
6383 8720 1 1
34944 48375 1 1
11715 15376 1 1
6966 103487 1 1
20780 20755 1 1
38636 8186 1 1
11546 5617 1 1
11715 8169 1 1
36556 12052 1 1
6002 12052 1 1
11715 1865 1 1
62152 6487 1 1
12795 104052 1 1
12348 16928 1 1
4201 7594 1 1
25148 20614 1 1
74021 41128 1 1
5254 8797 1 1
59376 32301 1 1
23348 9868 1 1
11228 9380 1 1
10036 91591 1 1
5792 20780 1 1
5381 9576 1 1
45429 8216 1 1
11484 44682 1 1
11546 12096 1 1
103200 17796 1 1
11546 55013 1 1
5507 11735 1 1
4423 8950 1 1
9936 8950 1 1
95588 12317 1 1
20847 4201 1 1
41095 8186 1 1
102272 29117 1 1
12795 43853 1 1
32173 18051 1 1
10250 14842 1 1
23276 6402 1 1
3358 14766 1 1
102623 48375 1 1
45658 8981 1 1
6941 6595 1 1
56045 7994 1 1
9576 10411 1 1
4879 25583 1 1
41061 7994 1 1
5640 41111 1 1
3275 18051 1 1
26815 26815 1 1
7266 44229 1 1
5036 11902 1 1
14766 4879 1 1
48375 8323 1 1
41095 48375 1 1
50595 11887 1 1
3515 16874 1 1
15064 3877 1 1
20402 45753 1 1
100643 59376 1 1
7313 20614 1 1
8186 5423 1 1
8921 7383 1 1
25431 2868 1 1
3587 100945 1 1
12771 6966 1 1
48375 97901 1 1
59376 65982 1 1
99395 28510 1 1
29117 14618 1 1
1715 15552 1 1
6487 6437 1 1
36440 103614 1 1
103525 5507 1 1
9702 44757 1 1
13522 14135 1 1
97736 6002 1 1
56566 23348 1 1
7038 5036 1 1
12258 15650 1 1
103792 12565 1 1
99121 6073 1 1
2414 9060 1 1
22774 50143 1 1
6966 41369 1 1
30730 9125 1 1
49892 9830 1 1
9868 13030 1 1
15156 41350 1 1
36024 8699 1 1
94117 17004 1 1
5886 14235 1 1
105336 4423 1 1
1865 99640 1 1
8825 4747 1 1
9810 11715 1 1
97120 17004 1 1
34944 3611 1 1
25431 12864 1 1
103639 8186 1 1
10122 59376 1 1
8186 8115 1 1
59376 97031 1 1
6487 7594 1 1
7313 56326 1 1
3305 105496 1 1
16121 24149 1 1
95811 12460 1 1
14216 6595 1 1
10411 97920 1 1
14692 1865 1 1
12348 16711 1 1
8115 29117 1 1
24149 102151 1 1
41369 10250 1 1
25583 14158 1 1
7491 99562 1 1
10915 45840 1 1
2768 55396 1 1
12679 8950 1 1
106246 6487 1 1
94592 34944 1 1
101899 5036 1 1
11819 41128 1 1
99292 8098 1 1
104459 6002 1 1
101568 1865 1 1
9914 17796 1 1
91462 1464 1 1
6383 41599 1 1
50421 55573 1 1
103282 8551 1 1
56045 7747 1 1
41398 48375 1 1
11686 41398 1 1
73931 4879 1 1
10670 7925 1 1
7038 41332 1 1
8323 16690 1 1
91562 12565 1 1
15795 19437 1 1
7491 103792 1 1
97011 55573 1 1
6383 7747 1 1
32800 19155 1 1
67519 11686 1 1
32173 5036 1 1
5886 2834 1 1
3433 17004 1 1
8186 15064 1 1
48375 12704 1 1
55573 81878 1 1
106388 10351 1 1
14216 99320 1 1
11546 76035 1 1
13499 6353 1 1
105336 6798 1 1
17209 24149 1 1
1865 7994 1 1
96627 12679 1 1
12052 2414 1 1
3305 41398 1 1
98945 4497 1 1
8676 6595 1 1
32119 20614 1 1
6941 14842 1 1
44757 19091 1 1
20614 2208 1 1
48375 8436 1 1
9743 32173 1 1
16140 7925 1 1
9674 2834 1 1
85619 7994 1 1
3092 7747 1 1
49892 41613 1 1
2414 74021 1 1
14692 8797 1 1
9380 56109 1 1
11715 13989 1 1
9242 99292 1 1
11306 10897 1 1
9810 11754 1 1
2834 65150 1 1
20780 3650 1 1
96613 11484 1 1
65150 12052 1 1
4747 7016 1 1
50252 6619 1 1
15064 55573 1 1
7113 96613 1 1
97845 25536 1 1
99562 5742 1 1
49892 8436 1 1
11546 4423 1 1
3433 11754 1 1
6619 38636 1 1
25583 3650 1 1
8825 7747 1 1
12565 11902 1 1
25348 3217 1 1
10897 10897 1 1
95205 5507 1 1
5015 25837 1 1
16140 8950 1 1
5640 8797 1 1
1688 11686 1 1
95891 5977 1 1
106388 8115 1 1
6645 102272 1 1
9971 30730 1 1
2768 25837 1 1
7038 73931 1 1
93579 26815 1 1
45658 6073 1 1
14710 2414 1 1
99640 23276 1 1
6553 4497 1 1
5977 5381 1 1
36440 12565 1 1
106431 2414 1 1
98653 20614 1 1
97120 9830 1 1
101899 12539 1 1
45237 3515 1 1
105102 12795 1 1
13499 9060 1 1
2768 2208 1 1
1464 103841 1 1
49892 8216 1 1
55573 11228 1 1
97920 6073 1 1
5036 6304 1 1
45237 7491 1 1
4497 27384 1 1
8921 14235 1 1
23276 3740 1 1
12565 11484 1 1
8754 34088 1 1
25536 16874 1 1
97155 5640 1 1
8653 16743 1 1
45753 16711 1 1
9724 14178 1 1
49892 41095 1 1
25583 11798 1 1
5640 7994 1 1
10897 6860 1 1
12565 12565 1 1
8676 5015 1 1
96613 6073 1 1
96158 10411 1 1
23398 29117 1 1
14135 8797 1 1
35852 57096 1 1
2708 20847 1 1
41628 10915 1 1
5148 93657 1 1
98006 9830 1 1
103614 55573 1 1
106388 55573 1 1
10897 100037 1 1
6002 36440 1 1
5886 100534 1 1
11151 103214 1 1
3515 3611 1 1
54643 8186 1 1
45840 7465 1 1
3305 7925 1 1
3433 7113 1 1
2414 10479 1 1
27503 34088 1 1
12679 98021 1 1
20431 12679 1 1
95073 32173 1 1
12960 14178 1 1
5886 103027 1 1
11754 6073 1 1
2208 8797 1 1
2672 4497 1 1
7113 22774 1 1
106350 7544 1 1
41332 9702 1 1
25348 7821 1 1
7544 32252 1 1
14692 11546 1 1
19091 7491 1 1
9868 26370 1 1
106365 6487 1 1
6487 4497 1 1
8863 7134 1 1
8533 25536 1 1
28288 25536 1 1
24783 91546 1 1
56566 8098 1 1
50570 9830 1 1
101342 11546 1 1
68939 13499 1 1
17796 12424 1 1
26370 2768 1 1
3877 3305 1 1
9576 12864 1 1
30730 5792 1 1
4747 23398 1 1
41175 5662 1 1
59376 73931 1 1
10059 55396 1 1
4531 5254 1 1
3139 11868 1 1
6915 34088 1 1
10933 5036 1 1
105496 27384 1 1
97155 14135 1 1
6576 41301 1 1
7038 57953 1 1
103448 14216 1 1
5886 25348 1 1
44682 9012 1 1
45753 16928 1 1
15250 8699 1 1
10479 8186 1 1
103525 29117 1 1
55826 12704 1 1
12991 2834 1 1
36440 9830 1 1
20342 96789 1 1
59376 34944 1 1
9830 91735 1 1
9724 71654 1 1
6798 8863 1 1
54154 105102 1 1
2834 8950 1 1
12317 8720 1 1
34944 49892 1 1
105336 3433 1 1
12679 50570 1 1
25536 11735 1 1
6915 19394 1 1
9810 9380 1 1
11868 12960 1 1
8098 100510 1 1
8981 104533 1 1
23398 16121 1 1
8115 104533 1 1
19394 6487 1 1
97120 5507 1 1
14135 8950 1 1
13499 57096 1 1
99593 7925 1 1
41111 11941 1 1
4497 101342 1 1
11887 12052 1 1
95407 5507 1 1
97920 12795 1 1
56326 59376 1 1
96507 5036 1 1
50252 12152 1 1
102272 7266 1 1
5886 7721 1 1
10841 91694 1 1
4879 14842 1 1
33103 4497 1 1
45429 16711 1 1
7038 7465 1 1
7016 12834 1 1
28288 6915 1 1
6002 5423 1 1
18051 3305 1 1
3217 6645 1 1
101899 81878 1 1
59376 10549 1 1
10036 57096 1 1
4497 93683 1 1
12096 11686 1 1
19155 106388 1 1
11546 20780 1 1
41111 17004 1 1
7925 7134 1 1
103525 7994 1 1
25536 7544 1 1
7544 34944 1 1
77343 25837 1 1
71654 10897 1 1
11228 11686 1 1
14216 97155 1 1
3515 25148 1 1
96262 5036 1 1
12960 23348 1 1
11715 97979 1 1
41301 21094 1 1
6645 1865 1 1
96262 5640 1 1
22774 34944 1 1
10804 16874 1 1
5462 12052 1 1
10479 6353 1 1
3515 32119 1 1
102504 5507 1 1
9830 8216 1 1
48375 106296 1 1
12565 17004 1 1
5423 8720 1 1
7038 24783 1 1
71813 32800 1 1
5148 97155 1 1
91546 14216 1 1
41415 16874 1 1
13522 6353 1 1
9702 105102 1 1
104035 4747 1 1
19155 11228 1 1
100510 8676 1 1
30730 45237 1 1
17258 7721 1 1
9576 7444 1 1
6487 9380 1 1
60225 8292 1 1
5886 6073 1 1
3515 71654 1 1
6645 65982 1 1
55573 5036 1 1
41332 25148 1 1
5254 2708 1 1
23276 45237 1 1
55013 1865 1 1
20780 97120 1 1
49892 20653 1 1
3275 24783 1 1
12864 5036 1 1
10897 5792 1 1
25348 8436 1 1
97120 48375 1 1
95073 6073 1 1
14178 95891 1 1
12565 10036 1 1
2834 18051 1 1
8186 8653 1 1
41128 12991 1 1
11306 7313 1 1
48375 100439 1 1
7134 11715 1 1
6116 5886 1 1
14805 14216 1 1
14824 6941 1 1
20847 68281 1 1
9830 3515 1 1
48375 12317 1 1
6860 25536 1 1
10670 7747 1 1
36024 49892 1 1
105956 6645 1 1
4423 45840 1 1
11484 25201 1 1
9830 100534 1 1
9702 13337 1 1
44757 11484 1 1
3877 11715 1 1
9220 9868 1 1
41061 10095 1 1
30730 11306 1 1
103141 11715 1 1
30730 102272 1 1
12565 8720 1 1
24763 10452 1 1
3305 5792 1 1
91562 5036 1 1
9576 9576 1 1
95891 8098 1 1
8098 10841 1 1
5254 10391 1 1
103346 41128 1 1
3305 11754 1 1
1267 102623 1 1
24149 12424 1 1
71654 105102 1 1
6487 5848 1 1
76035 25348 1 1
12539 5742 1 1
98210 3433 1 1
10411 12864 1 1
3740 13522 1 1
4822 7925 1 1
6798 30730 1 1
13522 104375 1 1
9293 102272 1 1
104052 12565 1 1
8115 11546 1 1
11686 19394 1 1
20780 3433 1 1
59376 32173 1 1
7266 41369 1 1
48375 54643 1 1
41315 4497 1 1
16121 101994 1 1
6860 9868 1 1
98894 8115 1 1
43853 32173 1 1
20431 20431 1 1
49892 102623 1 1
14842 68281 1 1
14135 99444 1 1
10915 6156 1 1
8981 23348 1 1
12258 91562 1 1
96158 3611 1 1
11686 96646 1 1
45429 6487 1 1
25536 8720 1 1
3275 105496 1 1
103282 3587 1 1
5720 7994 1 1
65150 12539 1 1
23276 2414 1 1
85619 15552 1 1
41061 4879 1 1
7038 4822 1 1
55573 15250 1 1
14710 14216 1 1
2768 7383 1 1
49892 6915 1 1
8901 6156 1 1
55573 3433 1 1
4879 98945 1 1
71654 68281 1 1
12917 2834 1 1
13989 25148 1 1
10915 8901 1 1
95073 20614 1 1
2768 8216 1 1
95073 81878 1 1
6383 6353 1 1
14842 3139 1 1
6002 28510 1 1
7721 10841 1 1
8098 100243 1 1
41128 4747 1 1
28288 16711 1 1
7544 106365 1 1
103346 12565 1 1
7038 96871 1 1
81878 93657 1 1
59555 8981 1 1
95891 7994 1 1
97155 13499 1 1
11151 11982 1 1
32252 7994 1 1
34944 9743 1 1
13140 30730 1 1
101979 14842 1 1
45840 13989 1 1
4747 21094 1 1
25536 41204 1 1
55573 10452 1 1
11941 5977 1 1
106350 9702 1 1
105716 7925 1 1
14842 13499 1 1
43853 25536 1 1
3611 5792 1 1
11546 5423 1 1
3807 17796 1 1
8825 3305 1 1
15519 15519 1 1
94117 55573 1 1
20614 13030 1 1
19437 2708 1 1
6966 103448 1 1
12539 102200 1 1
25348 99395 1 1
97031 2414 1 1
25536 19437 1 1
14805 3305 1 1
25536 9830 1 1
7962 16874 1 1
94592 12565 1 1
11941 99292 1 1
5848 8797 1 1
9936 25201 1 1
17796 105716 1 1
65150 16928 1 1
5036 8169 1 1
3515 41301 1 1
7313 11484 1 1
1688 13522 1 1
11228 20614 1 1
3515 18051 1 1
6383 42344 1 1
10391 7038 1 1
5254 7594 1 1
7544 27503 1 1
2208 8846 1 1
5507 57953 1 1
12539 77406 1 1
1740 49892 1 1
7544 103012 1 1
17796 93657 1 1
29596 3358 1 1
12565 9868 1 1
2834 94592 1 1
5640 10250 1 1
10479 103214 1 1
29117 95588 1 1
48375 4497 1 1
25348 32252 1 1
3139 14805 1 1
2834 5640 1 1
6228 5662 1 1
8186 55396 1 1
25148 36440 1 1
97155 81878 1 1
11622 24783 1 1
10351 17004 1 1
9810 5977 1 1
14692 25348 1 1
6941 6073 1 1
30730 73931 1 1
23276 2708 1 1
2768 9868 1 1
9830 34088 1 1
9786 6645 1 1
16121 103282 1 1
59376 34088 1 1
5036 10710 1 1
17796 14657 1 1
57096 2672 1 1
30730 7134 1 1
6941 14710 1 1
1572 16985 1 1
15250 19394 1 1
8863 7994 1 1
100790 24783 1 1
6553 91694 1 1
103200 8676 1 1
8921 101979 1 1
25536 11715 1 1
5254 105716 1 1
13499 9896 1 1
7266 6073 1 1
10841 15650 1 1
8981 2414 1 1
34088 97168 1 1
101221 9702 1 1
95588 6966 1 1
32301 6002 1 1
103722 36024 1 1
3305 32252 1 1
14235 25583 1 1
21094 13195 1 1
7925 11306 1 1
6402 6860 1 1
9896 8921 1 1
14135 103792 1 1
11715 68102 1 1
20614 5848 1 1
5148 103525 1 1
41095 6487 1 1
5848 14135 1 1
5423 56326 1 1
5381 106388 1 1
10122 11754 1 1
5640 37868 1 1
103525 16928 1 1
38636 55573 1 1
8098 50595 1 1
12771 17359 1 1
8825 4497 1 1
14178 3877 1 1
2834 6383 1 1
20780 41128 1 1
2768 10250 1 1
102707 23276 1 1
20614 5423 1 1
48375 8392 1 1
104375 3139 1 1
41061 11754 1 1
5848 5148 1 1
14904 9312 1 1
9971 7266 1 1
98945 7038 1 1
9786 20614 1 1
6383 65150 1 1
5148 9380 1 1
10250 9702 1 1
15552 6353 1 1
14842 56045 1 1
14726 2834 1 1
9012 28288 1 1
17796 79625 1 1
3305 11622 1 1
4497 9971 1 1
103448 14842 1 1
9012 9060 1 1
2768 8323 1 1
8169 16928 1 1
13989 11754 1 1
100534 6073 1 1
48375 12258 1 1
49892 8392 1 1
20847 7994 1 1
25348 7994 1 1
15650 5423 1 1
12771 41095 1 1
14904 95073 1 1
5640 20780 1 1
9380 25536 1 1
96848 45840 1 1
10841 20780 1 1
55573 45658 1 1
12565 13337 1 1
30730 9060 1 1
33103 45840 1 1
41030 3690 1 1
91694 5792 1 1
100400 8676 1 1
6860 15650 1 1
8064 7906 1 1
32800 50421 1 1
3092 8981 1 1
45753 101056 1 1
6966 6304 1 1
7444 7544 1 1
12771 12771 1 1
45429 3611 1 1
13989 9914 1 1
10915 17004 1 1
6553 106388 1 1
32301 25536 1 1
7347 8797 1 1
12052 13435 1 1
101757 24149 1 1
91694 22774 1 1
7721 7544 1 1
24149 103841 1 1
55396 13030 1 1
1464 12771 1 1
13030 12679 1 1
45237 9293 1 1
20847 23276 1 1
12052 11686 1 1
6576 11484 1 1
5584 17796 1 1
98610 6645 1 1
98894 12565 1 1
12795 8392 1 1
28510 8699 1 1
9517 7857 1 1
9702 14618 1 1
77343 2208 1 1
10633 14235 1 1
10250 6073 1 1
105850 27503 1 1
47004 15156 1 1
11715 12424 1 1
98894 3515 1 1
14158 9810 1 1
17209 3515 1 1
48375 13030 1 1
32252 14842 1 1
45237 27503 1 1
104052 5640 1 1
12864 55396 1 1
8115 5254 1 1
2834 27384 1 1
45237 1464 1 1
14135 97736 1 1
24149 98567 1 1
14805 5254 1 1
7544 16711 1 1
12795 8216 1 1
95407 6073 1 1
19155 3275 1 1
9810 9242 1 1
25536 10122 1 1
12152 7491 1 1
41204 1572 1 1
5640 11715 1 1
41599 7925 1 1
12679 9936 1 1
9380 4497 1 1
5381 6383 1 1
6487 97053 1 1
6915 12539 1 1
20755 8921 1 1
10250 103525 1 1
12116 9060 1 1
41111 55573 1 1
96700 3515 1 1
6487 50421 1 1
8863 13195 1 1
3390 20847 1 1
13499 41369 1 1
97901 25536 1 1
37868 47801 1 1
55573 2768 1 1
6174 10915 1 1
25078 48375 1 1
3139 17004 1 1
43853 15250 1 1
7544 7906 1 1
11322 7491 1 1
11484 6304 1 1
103639 6073 1 1
13337 55573 1 1
10059 34088 1 1
8186 62152 1 1
21094 25536 1 1
10897 11868 1 1
27337 101319 1 1
15250 101171 1 1
12795 104035 1 1
8115 15795 1 1
10250 6402 1 1
20402 6798 1 1
2768 50421 1 1
50570 27503 1 1
5036 41332 1 1
32800 97168 1 1
29117 91562 1 1
97736 8797 1 1
7491 7491 1 1
20755 24783 1 1
11546 16620 1 1
20780 93657 1 1
5036 101221 1 1
6487 19437 1 1
41398 10411 1 1
2414 25348 1 1
11306 44757 1 1
3650 2834 1 1
11546 10479 1 1
7925 12917 1 1
20847 77343 1 1
8592 3217 1 1
11686 12348 1 1
3690 11546 1 1
23348 22756 1 1
10374 7747 1 1
47801 59376 1 1
9868 36024 1 1
11754 8720 1 1
3515 9060 1 1
2208 105496 1 1
3560 32800 1 1
10479 8720 1 1
91562 6002 1 1
95891 7038 1 1
24763 10095 1 1
8186 6487 1 1
103614 9702 1 1
25583 7383 1 1
8186 7702 1 1
32252 49892 1 1
8186 7962 1 1
49892 7313 1 1
13522 32173 1 1
11754 8098 1 1
7491 10549 1 1
34088 81878 1 1
7857 9536 1 1
103792 20342 1 1
3305 97120 1 1
3877 14842 1 1
3515 98021 1 1
101899 7266 1 1
8901 6383 1 1
10692 5036 1 1
9380 6002 1 1
37868 73931 1 1
103346 9971 1 1
15156 96789 1 1
5848 4553 1 1
103346 16928 1 1
59376 98894 1 1
79625 9971 1 1
41128 7038 1 1
5148 10841 1 1
11686 98653 1 1
79625 6073 1 1
25201 105850 1 1
8186 101056 1 1
96789 12864 1 1
50595 25536 1 1
20614 56326 1 1
41128 3092 1 1
3515 16711 1 1
5015 2208 1 1
34088 106388 1 1
3410 9576 1 1
101979 3305 1 1
96507 6487 1 1
4879 104481 1 1
2745 25148 1 1
8186 18309 1 1
14842 92243 1 1
12565 10710 1 1
6553 8436 1 1
98006 7747 1 1
49892 29117 1 1
11546 41095 1 1
12460 99562 1 1
7906 3690 1 1
3515 103214 1 1
25431 102707 1 1
5254 95073 1 1
17796 7925 1 1
14135 12917 1 1
7821 6073 1 1
15552 102707 1 1
6645 98567 1 1
6645 55396 1 1
59376 6966 1 1
95073 12565 1 1
44682 16743 1 1
9830 6002 1 1
11484 17796 1 1
50595 24149 1 1
14657 16928 1 1
43853 6860 1 1
7347 2208 1 1
32119 55573 1 1
17796 23398 1 1
11715 6595 1 1
95073 55573 1 1
10529 25536 1 1
14904 9125 1 1
8592 44229 1 1
1267 97901 1 1
10804 6487 1 1
6002 7594 1 1
9971 77406 1 1
103841 7491 1 1
3305 9242 1 1
77406 12795 1 1
49892 96789 1 1
6966 6073 1 1
20780 91546 1 1
2834 32252 1 1
15064 7544 1 1
12317 16928 1 1
4497 7594 1 1
4423 5792 1 1
12704 11868 1 1
12565 34944 1 1
3217 6073 1 1
8921 14178 1 1
9536 11686 1 1
30730 10250 1 1
5640 41061 1 1
5036 41128 1 1
3390 13499 1 1
12704 6353 1 1
50570 2672 1 1
71438 45753 1 1
14710 23276 1 1
4605 7038 1 1
50143 34944 1 1
34088 43942 1 1
11484 16874 1 1
10529 55573 1 1
102272 2414 1 1
12834 57096 1 1
3217 7747 1 1
12460 11394 1 1
10411 41350 1 1
9702 7465 1 1
68102 5148 1 1
7444 8699 1 1
17258 96551 1 1
102707 7925 1 1
50595 2672 1 1
14216 10250 1 1
4423 3092 1 1
10878 55573 1 1
12704 6304 1 1
11622 9971 1 1
102466 6645 1 1
9936 24149 1 1
8863 27384 1 1
10841 7038 1 1
7038 94117 1 1
1572 5886 1 1
4879 14710 1 1
1688 6487 1 1
50595 6304 1 1
12348 59376 1 1
6437 37868 1 1
1865 11322 1 1
3305 13499 1 1
18918 3690 1 1
29117 77406 1 1
2768 3305 1 1
2989 10479 1 1
55573 7134 1 1
14842 50595 1 1
57096 6798 1 1
20780 73931 1 1
7038 104481 1 1
5036 27384 1 1
3092 100945 1 1
20342 65150 1 1
5507 2414 1 1
26370 4497 1 1
6383 9896 1 1
6576 103792 1 1
92243 7747 1 1
6645 16711 1 1
9953 11798 1 1
55573 11686 1 1
8186 50252 1 1
12795 28288 1 1
3515 68281 1 1
10915 50143 1 1
56326 29117 1 1
95588 11754 1 1
2768 12960 1 1
7134 48375 1 1
12424 5640 1 1
87408 1267 1 1
9786 24149 1 1
105877 3515 1 1
5640 97979 1 1
10897 12795 1 1
101994 32800 1 1
36440 41332 1 1
12539 85619 1 1
9125 6002 1 1
102733 6073 1 1
43853 24149 1 1
7038 48375 1 1
105850 30730 1 1
97155 20780 1 1
32173 55396 1 1
7491 9060 1 1
11394 11415 1 1
96627 6002 1 1
14601 25348 1 1
20431 2208 1 1
8846 9810 1 1
97920 36440 1 1
98006 8115 1 1
32800 4747 1 1
9380 8797 1 1
25536 11306 1 1
6437 9702 1 1
8846 3275 1 1
7465 44682 1 1
12960 7994 1 1
102466 7747 1 1
101899 2414 1 1
25536 20614 1 1
14824 14158 1 1
25348 8825 1 1
32800 101221 1 1
10391 3587 1 1
93881 8901 1 1
7016 25348 1 1
102330 12704 1 1
15250 48375 1 1
20614 101342 1 1
23276 9312 1 1
10250 10351 1 1
6487 81878 1 1
9936 10479 1 1
5192 1715 1 1
73931 13989 1 1
9971 104052 1 1
41128 12348 1 1
10897 8720 1 1
10915 42344 1 1
10529 11546 1 1
7295 3433 1 1
16620 7721 1 1
41061 10250 1 1
8186 13989 1 1
4497 24149 1 1
12258 6966 1 1
91591 11686 1 1
97120 3275 1 1
45429 101221 1 1
106365 9868 1 1
81878 19091 1 1
19155 5036 1 1
11686 62152 1 1
22756 10059 1 1
41315 7994 1 1
7544 10095 1 1
13195 59376 1 1
3390 4497 1 1
41095 11754 1 1
5792 105336 1 1
32173 4879 1 1
11415 9012 1 1
7038 55396 1 1
5720 5886 1 1
17209 29117 1 1
38636 12565 1 1
5015 12052 1 1
20614 106498 1 1
101899 4879 1 1
15552 10897 1 1
12864 28288 1 1
14824 37868 1 1
12052 10250 1 1
13522 99444 1 1
6487 41204 1 1
4497 6002 1 1
10670 34944 1 1
6383 14135 1 1
98894 7491 1 1
12116 45237 1 1
68281 6304 1 1
3515 97845 1 1
15156 44229 1 1
95811 5662 1 1
53837 105102 1 1
12116 103792 1 1
5886 3877 1 1
11546 102330 1 1
9743 13030 1 1
7721 4553 1 1
6487 7134 1 1
99320 6383 1 1
5640 38442 1 1
3305 3650 1 1
105956 14904 1 1
4497 8981 1 1
7266 104481 1 1
34088 96627 1 1
14178 8797 1 1
7925 8699 1 1
1464 103792 1 1
7383 7994 1 1
25536 105731 1 1
94592 20614 1 1
9936 7465 1 1
25148 6645 1 1
27503 16844 1 1
14766 13499 1 1
6487 6576 1 1
104375 6487 1 1
9971 20780 1 1
8064 7925 1 1
34944 6619 1 1
5148 8950 1 1
10633 14216 1 1
14637 8392 1 1
101979 15064 1 1
6383 99593 1 1
65982 8186 1 1
32301 2708 1 1
4822 13499 1 1
5148 20780 1 1
91562 12679 1 1
44014 17796 1 1
95811 12539 1 1
6645 7295 1 1
11686 106365 1 1
44757 8720 1 1
41128 3275 1 1
1688 5036 1 1
32800 9868 1 1
23398 24149 1 1
19091 3515 1 1
98945 14158 1 1
48375 101221 1 1
13567 14135 1 1
27503 9702 1 1
14178 11622 1 1
10250 7747 1 1
57389 6353 1 1
25348 8950 1 1
12960 41432 1 1
56326 7491 1 1
81878 96262 1 1
11754 3139 1 1
5662 6096 1 1
103487 11546 1 1
3650 5977 1 1
9576 105336 1 1
3433 41432 1 1
33103 5640 1 1
11484 39688 1 1
36556 6966 1 1
4497 35852 1 1
8098 98006 1 1
74021 5036 1 1
10897 9060 1 1
3275 7994 1 1
14904 102707 1 1
10508 17004 1 1
9830 6941 1 1
6576 20402 1 1
56045 5977 1 1
96507 25536 1 1
101979 6073 1 1
25583 12704 1 1
11394 6645 1 1
10059 101221 1 1
4531 102623 1 1
10897 5617 1 1
2834 96848 1 1
49892 105649 1 1
29117 8720 1 1
5886 3650 1 1
8921 11819 1 1
98021 48375 1 1
10822 49892 1 1
106388 10670 1 1
2834 101979 1 1
6487 2768 1 1
10095 100534 1 1
30730 1267 1 1
85619 3410 1 1
8901 6247 1 1
12960 14710 1 1
8186 76035 1 1
105102 7266 1 1
14710 6383 1 1
22756 2708 1 1
25348 57953 1 1
93657 10095 1 1
28288 49892 1 1
3690 10508 1 1
57096 3877 1 1
55573 14216 1 1
105850 9293 1 1
36024 19394 1 1
59376 101342 1 1
12539 16928 1 1
100790 9830 1 1
11715 12258 1 1
12406 6487 1 1
55573 96262 1 1
104481 23276 1 1
5423 9060 1 1
49892 106246 1 1
12704 8533 1 1
41332 4879 1 1
2768 1572 1 1
10351 7994 1 1
32252 10452 1 1
27503 16985 1 1
3305 9810 1 1
8186 9060 1 1
11151 105877 1 1
25536 9012 1 1
11546 6304 1 1
41369 14216 1 1
8533 6487 1 1
15064 41315 1 1
97845 12771 1 1
29117 11306 1 1
68408 1865 1 1
9702 7016 1 1
10095 43853 1 1
5617 16743 1 1
25583 6860 1 1
100804 11754 1 1
12565 47004 1 1
12960 5886 1 1
17796 5036 1 1
10250 7994 1 1
24149 104052 1 1
9702 12679 1 1
2745 9380 1 1
10633 6073 1 1
3358 20065 1 1
4605 23503 1 1
8186 10508 1 1
103141 4879 1 1
8186 101342 1 1
104052 55573 1 1
12679 49892 1 1
16140 15064 1 1
23276 7882 1 1
20614 91591 1 1
76035 11686 1 1
12368 5507 1 1
12368 7038 1 1
15552 6966 1 1
41128 8846 1 1
14601 8392 1 1
91546 14235 1 1
5977 7747 1 1
99216 16928 1 1
6383 10915 1 1
103448 8901 1 1
7491 16711 1 1
8901 3217 1 1
3690 14692 1 1
14135 27384 1 1
103200 2414 1 1
10670 17004 1 1
9125 2414 1 1
30730 103448 1 1
7491 8720 1 1
25148 7544 1 1
41232 8115 1 1
95588 30730 1 1
9786 44757 1 1
3515 97031 1 1
12539 12539 1 1
104533 6860 1 1
5015 97736 1 1
33103 7994 1 1
20614 1688 1 1
98567 16874 1 1
14726 96569 1 1
8921 10351 1 1
10203 36024 1 1
3952 69783 1 1
41301 7313 1 1
15552 9936 1 1
103792 29117 1 1
106388 3433 1 1
13337 45429 1 1
12565 41332 1 1
27503 16711 1 1
41613 59376 1 1
101568 7544 1 1
7721 7594 1 1
7383 14805 1 1
24149 7491 1 1
45840 8950 1 1
2989 5507 1 1
12704 10479 1 1
11484 6383 1 1
32173 5254 1 1
97053 11686 1 1
10897 8950 1 1
8901 98945 1 1
9868 7313 1 1
5254 8098 1 1
10915 13499 1 1
103792 25201 1 1
101899 7994 1 1
5792 8901 1 1
8676 12052 1 1
29117 103487 1 1
8098 25837 1 1
13240 6383 1 1
45753 100790 1 1
105102 45237 1 1
45237 16874 1 1
49892 7016 1 1
17796 100534 1 1
9380 17004 1 1
101899 13522 1 1
4747 8592 1 1
13499 7994 1 1
12565 9914 1 1
53837 55573 1 1
10897 68281 1 1
9293 8720 1 1
41369 11754 1 1
4497 5381 1 1
6487 12864 1 1
2208 8863 1 1
50595 10897 1 1
35645 7747 1 1
6487 53837 1 1
20614 12679 1 1
9125 11546 1 1
8825 25536 1 1
5662 7702 1 1
91591 28510 1 1
50421 12771 1 1
7113 6860 1 1
23348 20755 1 1
8981 6073 1 1
6966 45429 1 1
59376 6002 1 1
12991 3305 1 1
59376 7491 1 1
50595 16743 1 1
91546 14178 1 1
105496 2834 1 1
14135 103525 1 1
101342 16711 1 1
8921 14766 1 1
9868 8169 1 1
106388 3139 1 1
105850 7491 1 1
94592 10411 1 1
5977 14158 1 1
12460 10549 1 1
41204 11546 1 1
103525 6966 1 1
3305 56045 1 1
6860 85619 1 1
92243 16711 1 1
98945 7994 1 1
3826 91694 1 1
2414 103792 1 1
56326 14135 1 1
7925 7994 1 1
44682 12679 1 1
4497 14805 1 1
97920 13030 1 1
5640 100534 1 1
55826 26815 1 1
9724 8981 1 1
8115 76035 1 1
7821 98610 1 1
96627 3515 1 1
14904 101994 1 1
25201 77406 1 1
24783 12960 1 1
6860 59376 1 1
6553 10933 1 1
44229 6576 1 1
5036 99320 1 1
97845 10479 1 1
6383 7882 1 1
12565 43853 1 1
20653 48375 1 1
55396 14216 1 1
2414 101568 1 1
45658 2834 1 1
5662 93881 1 1
7113 11887 1 1
8901 32252 1 1
12565 97168 1 1
101568 17796 1 1
8115 47801 1 1
25536 71438 1 1
11868 3877 1 1
5662 6247 1 1
32800 3515 1 1
48375 59376 1 1
105716 6304 1 1
1751 10351 1 1
97011 2414 1 1
40469 5886 1 1
91694 12960 1 1
41315 23348 1 1
11546 36024 1 1
11868 30730 1 1
11715 102504 1 1
11715 3092 1 1
12317 7038 1 1
59376 6437 1 1
3560 11151 1 1
14904 11686 1 1
56326 2414 1 1
5640 7266 1 1
105850 6383 1 1
12960 8901 1 1
101171 20342 1 1
11546 9060 1 1
8186 99395 1 1
11754 98894 1 1
45840 3650 1 1
9971 7491 1 1
6553 34944 1 1
25148 99395 1 1
57389 3807 1 1
10250 14805 1 1
1267 103027 1 1
4497 55396 1 1
3092 40750 1 1
16290 7882 1 1
93657 16928 1 1
32800 10203 1 1
48375 5015 1 1
11151 3807 1 1
49892 76035 1 1
5036 57096 1 1
9493 12052 1 1
50252 19394 1 1
12442 59376 1 1
9896 9242 1 1
10411 103792 1 1
41315 17004 1 1
98945 14135 1 1
3650 99444 1 1
6860 22756 1 1
106455 11754 1 1
19155 13030 1 1
37868 96871 1 1
10351 7925 1 1
2414 7925 1 1
37868 11715 1 1
102504 20342 1 1
19394 13195 1 1
45658 14158 1 1
36440 6487 1 1
11622 6073 1 1
25536 5507 1 1
9380 7747 1 1
77406 5662 1 1
5036 13472 1 1
12565 96789 1 1
55573 21094 1 1
13499 13140 1 1
11735 17796 1 1
44229 7925 1 1
101221 15250 1 1
106388 17796 1 1
7544 59376 1 1
97120 5036 1 1
2768 23348 1 1
4553 16690 1 1
32173 7994 1 1
14692 8921 1 1
5742 12406 1 1
11686 101342 1 1
15250 19437 1 1
7721 7994 1 1
105850 25536 1 1
23348 14158 1 1
7721 32173 1 1
14904 12960 1 1
5036 104481 1 1
7134 20614 1 1
25536 1647 1 1
10479 103487 1 1
15064 12991 1 1
12460 65982 1 1
93657 13499 1 1
12565 18309 1 1
11415 44757 1 1
23503 3358 1 1
11484 9293 1 1
101056 12539 1 1
10095 73931 1 1
6002 9868 1 1
11546 43942 1 1
2369 1740 1 1
6915 9060 1 1
17796 9060 1 1
6487 105687 1 1
101899 14135 1 1
6576 43942 1 1
16140 14842 1 1
41332 16711 1 1
8115 10710 1 1
5423 105850 1 1
5254 1267 1 1
25536 44682 1 1
16140 17004 1 1
48375 7721 1 1
104533 71654 1 1
104052 25201 1 1
6645 19091 1 1
103792 16928 1 1
11715 8720 1 1
15250 8216 1 1
10250 4497 1 1
73931 7747 1 1
12116 11484 1 1
59376 96569 1 1
7465 8186 1 1
10841 11546 1 1
9702 21094 1 1
24149 101221 1 1
48375 12960 1 1
10479 1267 1 1
25148 7925 1 1
8098 9810 1 1
104375 30730 1 1
39688 71654 1 1
2745 20780 1 1
41369 81878 1 1
32252 8216 1 1
98224 3092 1 1
36440 91591 1 1
5701 16620 1 1
3139 92243 1 1
95219 12565 1 1
10250 11622 1 1
57096 2834 1 1
20431 8950 1 1
45429 97901 1 1
25201 6353 1 1
99320 7747 1 1
11941 92243 1 1
8186 45237 1 1
48375 97168 1 1
106388 27384 1 1
9702 7313 1 1
11546 8720 1 1
11754 41332 1 1
30730 6402 1 1
105850 8186 1 1
7925 20780 1 1
6619 32800 1 1
105102 11546 1 1
9012 1715 1 1
5792 77343 1 1
3587 8720 1 1
11715 38442 1 1
50570 12258 1 1
43853 59376 1 1
11546 7747 1 1
13337 13030 1 1
13499 97845 1 1
8901 6116 1 1
2834 5792 1 1
39688 6645 1 1
11941 12960 1 1
91694 29117 1 1
11546 12565 1 1
12864 6915 1 1
12704 16743 1 1
97031 6487 1 1
6941 7347 1 1
68102 10841 1 1
12539 99216 1 1
14805 7038 1 1
3275 15064 1 1
68281 25201 1 1
68102 9971 1 1
17796 97979 1 1
105538 17796 1 1
4497 98653 1 1
33103 6073 1 1
9517 10915 1 1
11686 17796 1 1
14618 8186 1 1
5036 16690 1 1
10549 41301 1 1
97120 6073 1 1
106388 12834 1 1
100439 6487 1 1
33103 7747 1 1
99292 8901 1 1
73931 12539 1 1
41061 16928 1 1
18292 8186 1 1
11686 7465 1 1
7702 6966 1 1
25536 9743 1 1
99395 16711 1 1
55573 23348 1 1
6487 25148 1 1
10250 8098 1 1
55573 41398 1 1
10452 10670 1 1
10374 7994 1 1
11415 17796 1 1
7544 9536 1 1
59376 97155 1 1
11394 7491 1 1
48375 53837 1 1
6002 19155 1 1
12679 2768 1 1
13499 14710 1 1
6383 68939 1 1
2414 43942 1 1
56566 7747 1 1
8186 16157 1 1
11941 98006 1 1
6645 98704 1 1
25837 4553 1 1
11546 36440 1 1
12704 11902 1 1
6487 71654 1 1
2414 8592 1 1
3092 9380 1 1
4497 5848 1 1
45237 10479 1 1
2834 100790 1 1
5148 16140 1 1
9242 3390 1 1
14692 23276 1 1
23276 18918 1 1
32301 16711 1 1
20780 3092 1 1
50143 10731 1 1
8676 102504 1 1
9702 17004 1 1
32800 28288 1 1
13337 5036 1 1
11887 16743 1 1
5507 6353 1 1
10529 12565 1 1
101979 6383 1 1
3390 10250 1 1
43853 15064 1 1
4497 55426 1 1
75552 12565 1 1
11415 8950 1 1
103639 16928 1 1
106388 2208 1 1
3587 13240 1 1
6941 14805 1 1
2672 13499 1 1
9830 8921 1 1
2414 3217 1 1
103525 7747 1 1
7925 7747 1 1
106212 12565 1 1
3515 3515 1 1
5254 102707 1 1
12406 11546 1 1
14904 5036 1 1
98584 49892 1 1
105496 10915 1 1
13337 36024 1 1
19091 12864 1 1
7113 3275 1 1
14158 6073 1 1
11754 7747 1 1
15552 105850 1 1
99292 24783 1 1
9743 105102 1 1
91591 6487 1 1
95073 37868 1 1
20780 7747 1 1
25348 10529 1 1
27503 16808 1 1
15064 39026 1 1
3807 10479 1 1
3139 3690 1 1
32301 11228 1 1
9702 34944 1 1
37868 6402 1 1
5148 6860 1 1
23276 97845 1 1
9702 96158 1 1
7906 6487 1 1
42344 30730 1 1
20614 36440 1 1
103792 12771 1 1
6487 15552 1 1
14904 9702 1 1
102623 27503 1 1
9896 13522 1 1
41157 7747 1 1
6383 8825 1 1
3390 8950 1 1
6487 12116 1 1
11622 14158 1 1
1267 6073 1 1
3611 24149 1 1
105025 2414 1 1
12704 2208 1 1
43683 16928 1 1
106212 11546 1 1
14158 20780 1 1
25148 5742 1 1
9868 20614 1 1
10670 6073 1 1
7925 103792 1 1
7544 99395 1 1
3690 68281 1 1
5423 103792 1 1
14216 23348 1 1
10878 8797 1 1
6487 6645 1 1
41128 47801 1 1
23276 32252 1 1
76035 5036 1 1
14904 9060 1 1
11546 16711 1 1
57096 5792 1 1
8186 16711 1 1
4747 13989 1 1
106388 2834 1 1
30730 17796 1 1
7038 81878 1 1
9312 16874 1 1
20847 8797 1 1
45840 56566 1 1
13522 9380 1 1
20402 20431 1 1
5886 39688 1 1
11228 10122 1 1
11415 16874 1 1
50252 8216 1 1
5662 100893 1 1
77406 16928 1 1
32173 8216 1 1
16620 3275 1 1
11715 14216 1 1
11686 97168 1 1
15650 8950 1 1
43853 36440 1 1
25583 7721 1 1
11941 7383 1 1
6860 14692 1 1
97053 48375 1 1
98584 9702 1 1
101342 7038 1 1
22756 9702 1 1
12704 7994 1 1
4553 2208 1 1
11546 12539 1 1
41128 7383 1 1
5977 8981 1 1
11941 12991 1 1
12864 8216 1 1
3275 20780 1 1
2414 96158 1 1
5036 2208 1 1
45658 7747 1 1
55396 50252 1 1
100400 7994 1 1
55573 32800 1 1
20780 9242 1 1
100400 8098 1 1
38636 8216 1 1
5254 13156 1 1
1715 12539 1 1
28288 13030 1 1
11686 32119 1 1
49892 65982 1 1
93657 30730 1 1
41315 11715 1 1
9868 13195 1 1
56326 6487 1 1
17796 97920 1 1
4553 4497 1 1
71438 20614 1 1
36556 15519 1 1
6487 12795 1 1
4553 32252 1 1
10250 65150 1 1
45429 4553 1 1
37868 8392 1 1
11686 7594 1 1
12565 96569 1 1
20431 26209 1 1
13030 8216 1 1
49892 94117 1 1
65150 17796 1 1
11151 5584 1 1
10549 9868 1 1
12460 6304 1 1
102707 2414 1 1
103214 5507 1 1
41432 17004 1 1
33103 13499 1 1
11228 7594 1 1
1464 1464 1 1
32173 7038 1 1
23348 16711 1 1
48375 13195 1 1
19437 12317 1 1
8186 9312 1 1
94117 12917 1 1
48375 48375 1 1
105102 16874 1 1
104481 4553 1 1
5381 36556 1 1
37290 14904 1 1
16620 5848 1 1
13522 12565 1 1
12052 11754 1 1
12704 10841 1 1
18601 9012 1 1
101979 7994 1 1
14135 7882 1 1
11868 6860 1 1
16121 12368 1 1
25348 96871 1 1
11686 4423 1 1
34088 41398 1 1
23348 98006 1 1
7491 99216 1 1
13499 14805 1 1
3139 5886 1 1
14657 6966 1 1
23211 12960 1 1
85619 8098 1 1
92046 6645 1 1
50595 10479 1 1
3092 6383 1 1
85619 6304 1 1
10878 5886 1 1
3305 8950 1 1
6487 105731 1 1
12116 12704 1 1
105102 12565 1 1
3877 7747 1 1
23276 7594 1 1
3611 8533 1 1
41128 56045 1 1
41398 20614 1 1
91747 7038 1 1
5640 7016 1 1
14178 9810 1 1
3092 9724 1 1
5015 8950 1 1
50595 8950 1 1
10670 11941 1 1
23276 99320 1 1
8846 6798 1 1
6383 2414 1 1
55573 67519 1 1
12795 16121 1 1
100243 7747 1 1
59376 41128 1 1
14135 41061 1 1
10841 6383 1 1
105716 16928 1 1
3690 2768 1 1
5254 68939 1 1
33148 8216 1 1
3515 8720 1 1
10250 95073 1 1
87387 1572 1 1
5977 8797 1 1
3433 6073 1 1
11228 9702 1 1
59376 3515 1 1
11715 8797 1 1
8115 57953 1 1
9953 6073 1 1
106388 9268 1 1
7544 9830 1 1
1464 17359 1 1
5886 4747 1 1
9743 36440 1 1
9012 15650 1 1
45658 17004 1 1
9786 25536 1 1
2768 2834 1 1
11754 3650 1 1
9868 6645 1 1
11715 7747 1 1
11415 20847 1 1
103448 14135 1 1
98021 36024 1 1
9312 6304 1 1
5848 50421 1 1
36440 28288 1 1
25348 20133 1 1
32252 6002 1 1
9868 9012 1 1
10122 25148 1 1
23129 29117 1 1
10411 44229 1 1
8533 16743 1 1
106388 3877 1 1
7925 7882 1 1
1715 7994 1 1
3433 94592 1 1
6553 7925 1 1
41128 8169 1 1
5848 7994 1 1
100534 20342 1 1
12704 5507 1 1
10059 11686 1 1
9380 2834 1 1
13522 17004 1 1
9293 50570 1 1
71438 8186 1 1
91562 6966 1 1
55573 7594 1 1
8981 3139 1 1
13499 7747 1 1
17209 5507 1 1
9702 6860 1 1
11686 6383 1 1
14766 4497 1 1
6002 10095 1 1
9380 95891 1 1
105850 12116 1 1
50421 34944 1 1
11484 6595 1 1
12116 8720 1 1
11868 3358 1 1
9220 16928 1 1
16157 12960 1 1
5214 7594 1 1
2834 5148 1 1
14842 6860 1 1
41128 26370 1 1
12460 10122 1 1
27503 55573 1 1
2208 7747 1 1
37868 3515 1 1
76035 12565 1 1
103448 37868 1 1
9293 6353 1 1
10452 16157 1 1
30730 11686 1 1
40469 7747 1 1
55396 7491 1 1
2708 8950 1 1
12771 16121 1 1
5036 105687 1 1
81878 16711 1 1
13381 5254 1 1
5792 17004 1 1
6966 7038 1 1
12565 16743 1 1
68102 14135 1 1
5662 7313 1 1
3275 40750 1 1
38636 43853 1 1
6915 50595 1 1
2834 104533 1 1
5701 16690 1 1
9653 9830 1 1
10878 7994 1 1
3092 7925 1 1
102733 17796 1 1
47004 20614 1 1
14805 12960 1 1
6645 2414 1 1
3515 8216 1 1
95073 6645 1 1
105102 20614 1 1
103792 17796 1 1
1572 16928 1 1
97619 11546 1 1
20402 11686 1 1
41301 10479 1 1
13195 103722 1 1
19437 7821 1 1
45840 104533 1 1
14726 11843 1 1
11622 2768 1 1
9293 44229 1 1
7038 8950 1 1
9702 97120 1 1
5423 85619 1 1
11715 41332 1 1
9896 2768 1 1
1572 103841 1 1
5423 102707 1 1
15064 3139 1 1
14824 8797 1 1
6383 68160 1 1
8699 13499 1 1
10351 9971 1 1
11686 106388 1 1
10508 28510 1 1
36440 6353 1 1
7313 16874 1 1
104481 8392 1 1
31106 5662 1 1
5423 9914 1 1
14601 16928 1 1
8551 41301 1 1
100510 7747 1 1
45840 3410 1 1
2414 105850 1 1
106212 49892 1 1
3650 56566 1 1
8863 9810 1 1
20431 25837 1 1
11715 102623 1 1
5015 14904 1 1
14216 11546 1 1
91546 5720 1 1
20780 4497 1 1
8901 7594 1 1
11394 12116 1 1
1715 16743 1 1
91694 4423 1 1
28510 11686 1 1
30730 7747 1 1
10841 34944 1 1
2834 7747 1 1
10250 13499 1 1
9094 20402 1 1
5423 11306 1 1
7962 16743 1 1
105039 6645 1 1
96262 7544 1 1
20780 8098 1 1
14710 2834 1 1
5015 10841 1 1
8186 11306 1 1
17796 12368 1 1
9810 25583 1 1
13499 8098 1 1
99292 5886 1 1
98021 19437 1 1
20847 8098 1 1
8186 77406 1 1
12258 55573 1 1
15064 22756 1 1
102466 8115 1 1
13435 37868 1 1
2989 57389 1 1
15156 56326 1 1
94592 7491 1 1
8901 5848 1 1
16121 21094 1 1
48375 5617 1 1
12052 8323 1 1
7016 20614 1 1
20065 23503 1 1
1267 8436 1 1
6645 41232 1 1
3410 7016 1 1
23129 16121 1 1
102272 6304 1 1
6915 97845 1 1
7721 3690 1 1
20755 17004 1 1
5036 97031 1 1
9971 103639 1 1
49892 48375 1 1
15064 5015 1 1
12864 97120 1 1
14842 1865 1 1
3305 96848 1 1
45658 10250 1 1
10452 7594 1 1
5361 16928 1 1
4497 8950 1 1
55826 16743 1 1
50252 6002 1 1
41128 10670 1 1
4879 25837 1 1
2208 14842 1 1
12539 10804 1 1
10479 91735 1 1
5640 29117 1 1
5640 12406 1 1
12116 6353 1 1
10897 3515 1 1
12152 34944 1 1
29117 15650 1 1
49892 96262 1 1
14158 100790 1 1
14766 8797 1 1
6383 7994 1 1
11868 7383 1 1
103141 41128 1 1
99444 6966 1 1
7491 45753 1 1
30730 101568 1 1
10549 49892 1 1
23503 25348 1 1
4747 1464 1 1
5640 12258 1 1
103282 6576 1 1
6941 7747 1 1
10878 6383 1 1
11754 9971 1 1
11546 25583 1 1
8115 6304 1 1
14618 12565 1 1
19394 81878 1 1
103346 11686 1 1
103722 12052 1 1
101319 7747 1 1
104342 25536 1 1
11686 54643 1 1
10915 7747 1 1
3275 9724 1 1
8098 16874 1 1
8098 1715 1 1
104375 8901 1 1
24783 8797 1 1
20431 97736 1 1
91562 25536 1 1
4087 5701 1 1
20614 44757 1 1
20431 5792 1 1
11306 6304 1 1
45237 6915 1 1
10841 45840 1 1
5036 81878 1 1
22756 6002 1 1
10351 14178 1 1
32252 50421 1 1
101342 48375 1 1
25536 2708 1 1
10250 37868 1 1
99640 14135 1 1
29117 68281 1 1
7925 25583 1 1
6860 13499 1 1
2414 41599 1 1
2369 8216 1 1
25348 95407 1 1
14904 101250 1 1
19437 23348 1 1
23276 6353 1 1
7134 6073 1 1
103027 6073 1 1
4497 65150 1 1
20614 101221 1 1
55573 8392 1 1
8863 8064 1 1
16121 10710 1 1
5214 16874 1 1
81878 104481 1 1
8186 5913 1 1
7038 3217 1 1
7925 20614 1 1
2834 9724 1 1
29596 23211 1 1
10452 48375 1 1
30730 10878 1 1
12679 7925 1 1
47004 48375 1 1
10479 9060 1 1
12565 9060 1 1
50595 9830 1 1
8098 8797 1 1
10670 98224 1 1
44757 12152 1 1
11754 56109 1 1
3515 101994 1 1
9380 101979 1 1
7925 57096 1 1
14216 8098 1 1
99855 7747 1 1
4497 8436 1 1
14235 104342 1 1
19437 36440 1 1
103841 16874 1 1
12679 10731 1 1
101963 12539 1 1
11546 11546 1 1
10897 92046 1 1
11484 14904 1 1
98006 3139 1 1
10549 10479 1 1
3305 92243 1 1
8901 6002 1 1
9380 6383 1 1
8533 11686 1 1
9914 7544 1 1
19155 44757 1 1
96551 3515 1 1
11686 10508 1 1
24149 49892 1 1
94592 9576 1 1
5036 25837 1 1
9012 50595 1 1
57096 6487 1 1
10508 6915 1 1
41599 12539 1 1
25348 25348 1 1
3305 7747 1 1
3650 7994 1 1
4497 24783 1 1
5886 6247 1 1
5662 9012 1 1
3433 105496 1 1
11735 6073 1 1
4423 27384 1 1
25536 17004 1 1
27503 103282 1 1
5640 2414 1 1
12052 14235 1 1
7444 13195 1 1
10508 34944 1 1
11546 101568 1 1
4497 99444 1 1
105336 3305 1 1
20780 10250 1 1
9971 16928 1 1
45753 100893 1 1
3877 17004 1 1
9724 8901 1 1
10351 5886 1 1
20847 16928 1 1
14216 5036 1 1
20614 103346 1 1
103214 17796 1 1
97901 27384 1 1
7544 100439 1 1
9868 8216 1 1
10411 101171 1 1
10897 7994 1 1
106388 36024 1 1
5036 104086 1 1
11151 11151 1 1
103722 3690 1 1
9786 6487 1 1
8825 16928 1 1
15552 8720 1 1
10633 3650 1 1
6402 3690 1 1
8921 8797 1 1
6645 93579 1 1
9971 7747 1 1
9868 8676 1 1
23348 55396 1 1
95073 45429 1 1
99395 6073 1 1
2414 100534 1 1
3410 106388 1 1
9724 16711 1 1
5977 16711 1 1
104533 16711 1 1
10351 7747 1 1
20614 8392 1 1
103012 6553 1 1
41061 14216 1 1
25348 8392 1 1
7465 10250 1 1
22159 2414 1 1
7544 7491 1 1
15376 6073 1 1
34088 23348 1 1
105716 11546 1 1
98610 5742 1 1
8098 6073 1 1
5423 6353 1 1
10095 16711 1 1
30730 27384 1 1
11546 95588 1 1
32800 6353 1 1
6860 17004 1 1
13499 102707 1 1
44229 23276 1 1
5036 8846 1 1
91562 14904 1 1
99320 4747 1 1
6487 6304 1 1
3611 8950 1 1
12679 12864 1 1
4497 32173 1 1
13499 7882 1 1
9953 8797 1 1
7491 16844 1 1
23348 11754 1 1
41128 13522 1 1
3515 9868 1 1
9702 4497 1 1
11715 14158 1 1
41128 10250 1 1
9242 41315 1 1
30730 7994 1 1
101221 49892 1 1
4747 7491 1 1
10692 11394 1 1
50421 16711 1 1
3275 8981 1 1
56326 5148 1 1
1865 10250 1 1
11715 16928 1 1
11798 12052 1 1
41369 7747 1 1
6383 5886 1 1
11306 2414 1 1
17209 6645 1 1
41315 41128 1 1
34944 6860 1 1
11415 11887 1 1
10897 16743 1 1
23276 10652 1 1
48375 10529 1 1
103614 16743 1 1
13222 4497 1 1
20780 6402 1 1
11546 97168 1 1
1715 11887 1 1
15552 9060 1 1
5792 11415 1 1
50570 3410 1 1
12795 49892 1 1
33103 17004 1 1
5848 25348 1 1
8551 68281 1 1
102707 16874 1 1
8981 98006 1 1
5617 12704 1 1
37868 41128 1 1
104481 11754 1 1
32800 103722 1 1
102151 3515 1 1
103012 4497 1 1
7925 5886 1 1
3433 99855 1 1
9702 41398 1 1
8186 8720 1 1
9936 3515 1 1
12679 2208 1 1
7857 25078 1 1
10250 10095 1 1
5886 100400 1 1
99395 6002 1 1
10549 9312 1 1
8901 95891 1 1
91694 17796 1 1
32119 6645 1 1
100243 7994 1 1
20780 11686 1 1
9380 7994 1 1
6966 105102 1 1
101342 6073 1 1
8098 98567 1 1
14216 41599 1 1
14235 7994 1 1
30730 10633 1 1
98945 7747 1 1
19155 50252 1 1
3358 20133 1 1
7906 7747 1 1
7925 6073 1 1
105538 6073 1 1
55573 41095 1 1
2208 16928 1 1
55396 9702 1 1
9424 1715 1 1
14904 105877 1 1
12258 16711 1 1
44757 9060 1 1
10915 8797 1 1
10841 17004 1 1
8115 6915 1 1
2834 14766 1 1
2208 7994 1 1
48375 7594 1 1
98006 7994 1 1
36127 16690 1 1
14216 16928 1 1
12960 7747 1 1
50570 9380 1 1
105716 9012 1 1
10351 9242 1 1
43942 105102 1 1
8981 98567 1 1
11819 104342 1 1
12960 41128 1 1
5792 68281 1 1
6174 5662 1 1
21094 9060 1 1
5640 16928 1 1
7925 8950 1 1
93535 16928 1 1
2989 16121 1 1
12539 16874 1 1
91694 27384 1 1
12679 32800 1 1
9380 7113 1 1
6437 14904 1 1
37868 101899 1 1
14805 37868 1 1
87422 11546 1 1
8533 55573 1 1
102623 9830 1 1
5886 96613 1 1
8551 16743 1 1
10915 3650 1 1
12258 9830 1 1
12204 19437 1 1
26815 6645 1 1
106455 105102 1 1
25837 7994 1 1
91694 7925 1 1
14216 7747 1 1
15064 18051 1 1
102504 12052 1 1
9786 36024 1 1
8098 14158 1 1
29117 6073 1 1
36440 19155 1 1
14158 93657 1 1
18051 6073 1 1
5640 5640 1 1
106350 9868 1 1
37868 6353 1 1
11686 25536 1 1
5886 8797 1 1
17796 2989 1 1
13522 8950 1 1
9971 91591 1 1
6487 12317 1 1
11686 16711 1 1
9971 10250 1 1
9810 8901 1 1
49892 17004 1 1
3650 17004 1 1
11902 25536 1 1
5640 7747 1 1
3275 55573 1 1
3275 7295 1 1
105496 3092 1 1
9125 17796 1 1
11546 93579 1 1
14842 11941 1 1
12565 7594 1 1
6174 7747 1 1
11686 8392 1 1
4497 6073 1 1
26815 16743 1 1
91546 13499 1 1
34944 91694 1 1
45840 45840 1 1
100534 14216 1 1
101899 16928 1 1
41315 45840 1 1
13522 2414 1 1
10479 16743 1 1
16620 16620 1 1
24149 8216 1 1
11686 44757 1 1
13499 8216 1 1
23276 68102 1 1
18051 105102 1 1
106388 17004 1 1
3690 7747 1 1
2414 99640 1 1
5640 100643 1 1
104086 27384 1 1
32301 15250 1 1
103141 59376 1 1
9220 11715 1 1
22756 16711 1 1
28288 10036 1 1
8169 25348 1 1
71654 103027 1 1
5254 7994 1 1
3410 12704 1 1
6645 102504 1 1
6487 10095 1 1
102623 6073 1 1
48375 106365 1 1
59376 100848 1 1
101171 59376 1 1
10549 12704 1 1
8186 24149 1 1
2745 55573 1 1
20847 16140 1 1
10479 6941 1 1
50595 12539 1 1
5324 16690 1 1
3587 98210 1 1
8186 10549 1 1
3560 16874 1 1
3611 97031 1 1
9012 55396 1 1
7925 11686 1 1
56109 41128 1 1
6383 8115 1 1
41315 14178 1 1
6966 97155 1 1
30730 91546 1 1
35107 3952 1 1
100790 6073 1 1
49892 10036 1 1
8901 13522 1 1
3305 3305 1 1
9830 85619 1 1
11686 15250 1 1
12565 11228 1 1
9012 16874 1 1
2208 23276 1 1
23276 8950 1 1
25148 8098 1 1
20755 5640 1 1
3690 8797 1 1
7491 6353 1 1
14805 5720 1 1
6487 8064 1 1
106498 49892 1 1
38442 6073 1 1
26370 12460 1 1
9868 20402 1 1
96848 11754 1 1
9653 6073 1 1
37868 7747 1 1
95073 11546 1 1
9810 7994 1 1
6383 8216 1 1
10036 27384 1 1
7038 14618 1 1
25536 25536 1 1
1572 16808 1 1
11887 26815 1 1
93535 10915 1 1
32173 8797 1 1
34944 17004 1 1
20431 7594 1 1
7113 7113 1 1
103214 15064 1 1
99444 30730 1 1
23348 7721 1 1
5886 16874 1 1
41061 7747 1 1
5036 8392 1 1
19155 7925 1 1
32173 14842 1 1
68281 7994 1 1
85619 16874 1 1
5848 43853 1 1
10633 11546 1 1
13522 8720 1 1
45237 15552 1 1
94117 6553 1 1
96848 3139 1 1
5462 7113 1 1
33148 9868 1 1
6002 8216 1 1
5254 8720 1 1
56460 12960 1 1
5662 6206 1 1
3650 6073 1 1
11546 7994 1 1
4497 7882 1 1
9936 6304 1 1
100439 49892 1 1
101979 3690 1 1
5462 8676 1 1
10479 12368 1 1
11546 8392 1 1
97845 32800 1 1
4201 25837 1 1
20780 32252 1 1
16620 6487 1 1
5254 8950 1 1
39688 16874 1 1
23276 27384 1 1
60225 16743 1 1
3650 7747 1 1
2414 7747 1 1
15715 16874 1 1
8551 12864 1 1
59376 96871 1 1
68281 12116 1 1
41599 7994 1 1
15064 9743 1 1
9971 8392 1 1
7491 97845 1 1
95588 1865 1 1
12539 6304 1 1
5192 7994 1 1
25148 16874 1 1
5662 10692 1 1
49892 9868 1 1
4553 8950 1 1
2414 68102 1 1
5036 5640 1 1
91694 17004 1 1
12704 81878 1 1
55573 7016 1 1
3390 55573 1 1
12917 8436 1 1
5742 16743 1 1
25583 16928 1 1
3690 13499 1 1
12317 16711 1 1
50570 6304 1 1
8115 9724 1 1
9786 5662 1 1
7038 5214 1 1
1267 6353 1 1
19394 16711 1 1
17796 8392 1 1
25837 7747 1 1
102707 6304 1 1
7134 7906 1 1
1464 6353 1 1
10897 6353 1 1
103012 27384 1 1
105850 23276 1 1
12052 6073 1 1
5254 9312 1 1
44682 16874 1 1
2834 8797 1 1
3139 41128 1 1
104481 7747 1 1
11754 6353 1 1
15650 14842 1 1
8098 30730 1 1
44229 2414 1 1
5848 5015 1 1
12442 16928 1 1
2745 8950 1 1
48375 6073 1 1
23348 100439 1 1
25348 105932 1 1
20515 23276 1 1
55826 11546 1 1
59376 17004 1 1
44757 16711 1 1
45237 12317 1 1
4879 16928 1 1
36024 7544 1 1
10915 5254 1 1
13195 106350 1 1
6860 50595 1 1
41369 16928 1 1
10036 7882 1 1
41398 6073 1 1
105039 6073 1 1
7721 8950 1 1
25583 8797 1 1
6966 8392 1 1
7544 32173 1 1
9830 6353 1 1
94117 9702 1 1
30730 6073 1 1
12565 8216 1 1
20402 16743 1 1
25536 96871 1 1
59376 8436 1 1
25201 9060 1 1
10633 1865 1 1
7925 8216 1 1
15156 15156 1 1
7038 32252 1 1
105687 7491 1 1
6002 16808 1 1
97053 11546 1 1
3587 6353 1 1
4747 16874 1 1
35852 106388 1 1
8169 16711 1 1
50570 16743 1 1
100400 7747 1 1
4747 9830 1 1
7544 8436 1 1
25348 11868 1 1
49892 7882 1 1
10351 7906 1 1
25536 16711 1 1
25837 8797 1 1
5662 6156 1 1
2414 2414 1 1
96848 16711 1 1
85619 16743 1 1
9380 16928 1 1
50421 3515 1 1
2768 49892 1 1
10670 91694 1 1
105716 5423 1 1
45429 16874 1 1
8863 6073 1 1
9936 7994 1 1
12864 15552 1 1
59376 75552 1 1
20847 17004 1 1
13522 7747 1 1
5792 7747 1 1
7038 6353 1 1
2834 7594 1 1
59376 59376 1 1
7347 6073 1 1
9971 8797 1 1
44757 16928 1 1
15650 16743 1 1
5036 8950 1 1
3587 41301 1 1
103614 12704 1 1
8098 5792 1 1
7113 8950 1 1
101994 11151 1 1
29117 104481 1 1
97155 7747 1 1
11754 11754 1 1
10411 10411 1 1
10351 6073 1 1
8901 17004 1 1
53837 11686 1 1
12704 16874 1 1
10841 7747 1 1
14805 8797 1 1
20780 3305 1 1
14842 16928 1 1
10095 6073 1 1
17796 96871 1 1
7821 16928 1 1
25148 8216 1 1
7134 16928 1 1
2768 2768 1 1
65150 7994 1 1
9810 17004 1 1
1865 6353 1 1
9653 16874 1 1
11715 96871 1 1
94592 17004 1 1
3305 6073 1 1
8169 6073 1 1
50143 8950 1 1
3139 2834 1 1
8186 9702 1 1
25536 6353 1 1
20780 17004 1 1
104533 7994 1 1
6383 9060 1 1
3611 7594 1 1
6073 7747 1 1
6073 7994 1 1
6073 8392 1 1
6073 8797 1 1
6073 16874 1 1
6073 16928 1 1
6073 96871 1 1
6134 7747 1 1
6156 7747 1 1
6247 7747 1 1
6304 6353 1 1
6304 8720 1 1
6304 9060 1 1
6304 16743 1 1
6304 16874 1 1
6353 16743 1 1
6353 16874 1 1
7594 7747 1 1
7594 7994 1 1
7594 8797 1 1
7594 16928 1 1
7747 8797 1 1
7747 8950 1 1
7747 16928 1 1
7994 8797 1 1
7994 8950 1 1
7994 16928 1 1
8216 16711 1 1
8216 17004 1 1
8392 16874 1 1
8392 16928 1 1
8436 27384 1 1
8720 16743 1 1
8720 16874 1 1
8797 8950 1 1
8797 17004 1 1
8950 16808 1 1
8950 16928 1 1
8950 17004 1 1
9060 16743 1 1
9060 16874 1 1
16808 16928 1 1
16874 16874 1 1
16928 16928 1 1
16928 96871 1 1
17004 17004 1 1
17004 27384 1 1
1688 4087 1 0
100439 14657 1 0
91735 26370 1 0
20515 16690 1 0
105956 105649 1 0
6156 16844 1 0
94117 13381 1 0
41528 4908 1 0
7661 41432 1 0
16620 103614 1 0
99121 98584 1 0
3611 3740 1 0
20402 100510 1 0
99444 3740 1 0
24149 8754 1 0
96646 1830 1 0
5462 7747 1 0
41301 7994 1 0
104086 11887 1 0
1267 3275 1 0
11447 2672 1 0
96646 10411 1 0
25837 11484 1 0
27503 18309 1 0
68218 24149 1 0
37868 98567 1 0
87408 101006 1 0
12224 33148 1 0
11172 8436 1 0
15156 9868 1 0
36556 104086 1 0
98021 5110 1 0
6798 10230 1 0
12116 8169 1 0
57239 97663 1 0
15064 33148 1 0
14766 26850 1 0
101056 14216 1 0
93321 93535 1 0
14766 17258 1 0
91591 11735 1 0
3690 9743 1 0
97155 9125 1 0
13156 5148 1 0
102504 105447 1 0
20780 17209 1 0
98796 99666 1 0
41496 29596 1 0
3952 105716 1 0
1267 7747 1 0
105731 20342 1 0
71654 104326 1 0
38636 41128 1 0
93579 34088 1 0
9868 5720 1 0
14657 8720 1 0
12442 12317 1 0
31494 7821 1 0
6304 101194 1 0
9576 8392 1 0
95811 3139 1 0
3759 98796 1 0
73023 69206 1 0
105687 16985 1 0
6437 11843 1 0
10122 41350 1 0
95811 2868 1 0
35645 59425 1 0
9914 5507 1 0
7465 45879 1 0
6463 56326 1 0
100804 6002 1 0
23211 1715 1 0
44757 96871 1 0
44757 3092 1 0
10710 5381 1 0
48958 96551 1 0
100790 95205 1 0
10897 14216 1 0
9312 15064 1 0
10351 12116 1 0
100338 41111 1 0
5977 8436 1 0
13361 9293 1 0
15064 6156 1 0
5913 10479 1 0
101979 94855 1 0
33148 45429 1 0
97979 75552 1 0
91462 6282 1 0
95407 96700 1 0
25583 12258 1 0
20460 101250 1 0
16690 13361 1 0
100534 45753 1 0
5742 102151 1 0
8592 8266 1 0
3807 97155 1 0
102330 2768 1 0
105716 101994 1 0
97736 6282 1 0
2868 5036 1 0
32301 41599 1 0
41075 99855 1 0
10749 6206 1 0
14178 11735 1 0
6353 41628 1 0
9724 11415 1 0
6463 101994 1 0
101963 102330 1 0
5913 91562 1 0
14637 8352 1 0
27466 99432 1 0
95407 14766 1 0
22774 20431 1 0
98610 86585 1 0
10452 102200 1 0
7882 20431 1 0
41628 7134 1 0
87408 97477 1 0
7882 11415 1 0
104342 24763 1 0
57239 98006 1 0
20579 29117 1 0
41599 6049 1 0
41528 6619 1 0
96871 62152 1 0
99517 102707 1 0
41128 19437 1 0
7994 4747 1 0
91916 19437 1 0
99640 69396 1 0
67519 93765 1 0
97011 2745 1 0
104937 45237 1 0
97031 5214 1 0
72781 56460 1 0
13435 68661 1 0
5361 45658 1 0
11484 103141 1 0
97155 13140 1 0
100338 44757 1 0
5507 8514 1 0
73931 91462 1 0
56326 33455 1 0
69432 12960 1 0
5462 5720 1 0
96569 95205 1 0
96848 7491 1 0
68939 12539 1 0
13435 2868 1 0
58181 55573 1 0
5462 105039 1 0
6002 62527 1 0
8825 41398 1 0
41332 20755 1 0
55426 61217 1 0
28288 8514 1 0
97155 104459 1 0
97619 104459 1 0
9576 105731 1 0
62849 12815 1 0
4964 13306 1 0
9830 10296 1 0
9517 8015 1 0
81878 18309 1 0
100243 16140 1 0
6073 7882 1 0
104086 93321 1 0
10230 20460 1 0
103346 10749 1 0
100790 25348 1 0
5324 8981 1 0
99562 12317 1 0
103487 7702 1 0
9971 9674 1 0
16985 5720 1 0
7994 40914 1 0
3560 9674 1 0
13306 6576 1 0
9517 16928 1 0
45552 96871 1 0
103487 14842 1 0
7882 8323 1 0
103346 41157 1 0
10452 41496 1 0
104863 45879 1 0
10804 26850 1 0
11394 101171 1 0
100400 95420 1 0
24696 25201 1 0
104326 100773 1 0
8169 17359 1 0
13284 41218 1 0
50252 10250 1 0
14158 5361 1 0
80292 3358 1 0
25078 95891 1 0
9830 2208 1 0
104342 12152 1 0
23211 4879 1 0
20535 92243 1 0
35107 12539 1 0
100643 14618 1 0
14135 103214 1 0
105336 8754 1 0
34088 8015 1 0
5015 11447 1 0
11306 38636 1 0
100400 27384 1 0
14601 15519 1 0
26370 14657 1 0
12134 3650 1 0
91657 103525 1 0
41315 10652 1 0
22682 7313 1 0
4988 59848 1 0
91562 7444 1 0
41075 20847 1 0
20535 12052 1 0
97031 41204 1 0
8115 12424 1 0
47004 5192 1 0
5324 100338 1 0
8797 68281 1 0
34944 8863 1 0
17040 1041 1 0
85619 99666 1 0
45429 17796 1 0
15064 103200 1 0
62152 106365 1 0
7295 54287 1 0
15650 97477 1 0
10411 99855 1 0
73931 3952 1 0
5148 68160 1 0
24763 17258 1 0
41061 3759 1 0
105573 17258 1 0
8015 16290 1 0
20088 93321 1 0
102623 96646 1 0
8634 16140 1 0
1688 15156 1 0
7747 8634 1 0
6839 99593 1 0
74021 32252 1 0
8921 6839 1 0
8825 1830 1 0
105039 16928 1 0
98021 68939 1 0
6758 9724 1 0
46067 3390 1 0
2708 69783 1 0
102623 13435 1 0
7347 50595 1 0
10841 41496 1 0
6992 2414 1 0
41175 14824 1 0
98210 99444 1 0
7491 94026 1 0
41432 3560 1 0
33148 102247 1 0
8186 5324 1 0
3740 41075 1 0
15064 91562 1 0
56431 96848 1 0
61202 106431 1 0
5381 100643 1 0
77343 26209 1 0
23503 9125 1 0
100111 96700 1 0
20614 12460 1 0
3826 1538 1 0
9936 13361 1 0
100750 10230 1 0
5462 41613 1 0
14885 87422 1 0
67831 6049 1 0
105956 11622 1 0
10452 23503 1 0
5423 14805 1 0
19155 7857 1 0
4474 80292 1 0
100945 97011 1 0
104086 1865 1 0
9653 15064 1 0
96507 31494 1 0
99593 8436 1 0
45552 19437 1 0
36556 5110 1 0
25348 103187 1 0
11447 91546 1 0
100338 55573 1 0
3390 93765 1 0
36556 8186 1 0
106350 35852 1 0
100750 24783 1 0
100111 15813 1 0
10374 104481 1 0
94527 6096 1 0
10710 26370 1 0
10822 98653 1 0
16844 73931 1 0
17040 41204 1 0
4423 20579 1 0
41613 16157 1 0
3921 9971 1 0
34088 2868 1 0
41528 9220 1 0
18292 41095 1 0
91562 10529 1 0
7702 11754 1 0
9312 2369 1 0
1041 40750 1 0
12815 9094 1 0
12317 8676 1 0
20535 10878 1 0
15552 8797 1 0
105266 6645 1 0
98071 20535 1 0
12134 101342 1 0
104326 12565 1 0
7925 100773 1 0
6116 4423 1 0
6228 79625 1 0
13284 95192 1 0
12368 11228 1 0
106431 94855 1 0
61217 45429 1 0
98894 105649 1 0
27503 65982 1 0
41369 95205 1 0
95588 11868 1 0
12704 19091 1 0
102623 41075 1 0
103027 11715 1 0
50570 20515 1 0
6941 2989 1 0
41175 4822 1 0
6966 95192 1 0
4201 44014 1 0
26209 8292 1 0
43942 12152 1 0
100510 9914 1 0
6156 39026 1 0
14637 13030 1 0
98704 7994 1 0
25148 14135 1 0
26850 9312 1 0
9094 5701 1 0
9830 56460 1 0
8392 7016 1 0
8653 102200 1 0
10059 41509 1 0
68102 95811 1 0
32694 11546 1 0
7383 61202 1 0
6247 93535 1 0
1865 40571 1 0
13222 62152 1 0
35107 61217 1 0
18601 17258 1 0
11228 103722 1 0
37868 41496 1 0
7295 5423 1 0
100037 57096 1 0
7383 26370 1 0
6049 45840 1 0
9012 26850 1 0
103200 5617 1 0
11447 14216 1 0
14657 93299 1 0
41432 9674 1 0
11546 20695 1 0
5701 30730 1 0
11394 32694 1 0
103187 17077 1 0
6156 12815 1 0
87408 16985 1 0
9125 5701 1 0
57389 10479 1 0
105731 56431 1 0
12258 93881 1 0
103012 8169 1 0
96646 3515 1 0
4497 103639 1 0
13361 22159 1 0
95811 6463 1 0
97845 97736 1 0
91657 100400 1 0
91451 6463 1 0
8266 20614 1 0
45552 2834 1 0
96646 19820 1 0
98210 15015 1 0
103487 99216 1 0
105496 1688 1 0
18051 45658 1 0
20653 50421 1 0
7906 9220 1 0
91462 5462 1 0
8169 9220 1 0
4964 32800 1 0
14787 10841 1 0
6992 3759 1 0
5110 8098 1 0
96646 47004 1 0
62152 7925 1 0
54643 19820 1 0
103027 8863 1 0
10804 3921 1 0
32173 1688 1 0
33336 54287 1 0
26370 69432 1 0
103525 5720 1 0
1186 106388 1 0
91546 60225 1 0
3826 10059 1 0
47801 103749 1 0
35852 41398 1 0
20535 6512 1 0
22159 20614 1 0
4553 93926 1 0
3740 21094 1 0
76035 98653 1 0
4908 25583 1 0
7038 2369 1 0
55592 5148 1 0
33336 3611 1 0
106388 41496 1 0
5640 5381 1 0
105573 3358 1 0
2708 4087 1 0
97155 100945 1 0
96646 14692 1 0
106388 7594 1 0
27384 47801 1 0
67519 23211 1 0
5423 1942 1 0
14657 11798 1 0
70530 7347 1 0
103346 13156 1 0
57389 6134 1 0
8436 12052 1 0
106246 19155 1 0
6096 29596 1 0
38636 23129 1 0
62849 73931 1 0
13172 56566 1 0
10822 87472 1 0
94026 7347 1 0
6860 103487 1 0
41075 32800 1 0
33455 4531 1 0
100750 41095 1 0
5886 11484 1 0
37868 40750 1 0
41301 18309 1 0
98006 10479 1 0
25431 9242 1 0
12224 95205 1 0
22774 15376 1 0
8533 3740 1 0
60225 98704 1 0
8148 11415 1 0
10804 100037 1 0
5110 12348 1 0
11715 104920 1 0
55396 97155 1 0
50570 101785 1 0
9868 102733 1 0
10095 4582 1 0
5065 45753 1 0
41128 106388 1 0
17796 6096 1 0
7465 11982 1 0
28510 10549 1 0
1538 56566 1 0
8825 101994 1 0
2672 96871 1 0
97663 9558 1 0
10452 61217 1 0
7962 87408 1 0
6156 65150 1 0
9896 95073 1 0
9762 14601 1 0
31494 11355 1 0
98006 6576 1 0
8436 96700 1 0
93657 6915 1 0
102398 3275 1 0
16844 8634 1 0
97619 10633 1 0
23129 7721 1 0
5742 5701 1 0
40750 95766 1 0
101171 102200 1 0
100439 35852 1 0
10452 104459 1 0
17040 5720 1 0
91657 12258 1 0
27384 7594 1 0
14235 9094 1 0
4988 6487 1 0
13989 36127 1 0
6941 17077 1 0
104052 100510 1 0
104086 22756 1 0
33103 80292 1 0
99517 102398 1 0
10452 71654 1 0
49892 8921 1 0
91694 87422 1 0
1688 14726 1 0
20342 16290 1 0
69432 100848 1 0
24149 99395 1 0
36127 98021 1 0
94026 7383 1 0
33148 44757 1 0
13030 3092 1 0
11415 32252 1 0
50421 20431 1 0
68281 62152 1 0
105687 10692 1 0
8392 1751 1 0
100893 3410 1 0
103749 104481 1 0
102200 2208 1 0
6839 105850 1 0
91591 7134 1 0
20535 45237 1 0
2768 103214 1 0
9936 16985 1 0
104052 91916 1 0
101899 68102 1 0
104481 7962 1 0
6247 92046 1 0
12052 104086 1 0
12442 68102 1 0
8169 10633 1 0
13361 67519 1 0
100643 104342 1 0
102330 9242 1 0
16140 10822 1 0
18051 101342 1 0
3139 59425 1 0
41613 7134 1 0
16690 1186 1 0
97650 18309 1 0
7544 95891 1 0
13499 10710 1 0
65736 92032 1 0
99517 9653 1 0
15715 80292 1 0
16874 9536 1 0
16711 103346 1 0
104375 96848 1 0
1715 100945 1 0
5701 12152 1 0
12795 6174 1 0
16140 105716 1 0
11754 54154 1 0
9293 32173 1 0
6002 41496 1 0
34944 23276 1 0
50143 13306 1 0
9493 57096 1 0
36556 9936 1 0
8148 95205 1 0
17796 8098 1 0
9012 57953 1 0
105731 12704 1 0
19437 97650 1 0
12116 106431 1 0
54643 50252 1 0
13435 91546 1 0
8015 1942 1 0
6002 54154 1 0
56460 8148 1 0
7465 17436 1 0
9220 59376 1 0
19394 101250 1 0
6702 45552 1 0
7295 7216 1 0
41128 6437 1 0
99593 104086 1 0
16844 43853 1 0
105102 38636 1 0
18601 7465 1 0
7747 38636 1 0
12368 7444 1 0
25348 102435 1 0
95811 25148 1 0
17436 9242 1 0
11715 6437 1 0
36556 8169 1 0
95891 12460 1 0
41175 34944 1 0
5742 11228 1 0
9653 7016 1 0
3921 5065 1 0
105877 32301 1 0
15795 10452 1 0
87472 41157 1 0
8323 99395 1 0
50143 13522 1 0
95891 10203 1 0
4474 97663 1 0
7544 55592 1 0
10933 9220 1 0
74021 794 1 0
38442 24763 1 0
103722 68102 1 0
105932 3759 1 0
103141 25837 1 0
19155 13172 1 0
97920 14135 1 0
4087 59425 1 0
5361 102151 1 0
91462 96507 1 0
10296 97945 1 0
67831 12539 1 0
95192 24149 1 0
96848 10878 1 0
96569 7016 1 0
25837 11962 1 0
104481 103792 1 0
97477 97945 1 0
44682 93881 1 0
12317 20088 1 0
4582 58181 1 0
91546 5361 1 0
3826 14787 1 0
99444 10804 1 0
95891 20535 1 0
10822 14842 1 0
20847 10479 1 0
15650 91462 1 0
9536 6116 1 0
103214 9971 1 0
93321 9762 1 0
9576 8863 1 0
96700 104326 1 0
100037 98796 1 0
6860 12795 1 0
25201 12096 1 0
25431 92046 1 0
105850 8292 1 0
13030 101171 1 0
50252 93657 1 0
91451 18051 1 0
13172 8392 1 0
19155 45840 1 0
7747 23211 1 0
62527 106498 1 0
12565 99666 1 0
98894 91657 1 0
20579 9380 1 0
104863 7721 1 0
9576 7702 1 0
3650 43853 1 0
91694 41128 1 0
101785 10749 1 0
1647 3092 1 0
12317 100773 1 0
13156 18309 1 0
41528 45879 1 0
7994 17258 1 0
87422 101056 1 0
7081 7134 1 0
100037 105573 1 0
6941 14904 1 0
6156 18918 1 0
12917 3587 1 0
5423 5640 1 0
2745 50252 1 0
11322 69396 1 0
12258 100400 1 0
10391 68281 1 0
6049 14637 1 0
95205 100534 1 0
62046 55396 1 0
76035 3611 1 0
3877 41301 1 0
102247 3139 1 0
92032 24783 1 0
55592 1830 1 0
10508 6463 1 0
17209 8825 1 0
41369 9012 1 0
11394 11484 1 0
62849 95205 1 0
12960 60225 1 0
57239 10549 1 0
6941 97663 1 0
100037 11622 1 0
96627 99666 1 0
50595 1572 1 0
91657 21094 1 0
5254 57953 1 0
10731 25078 1 0
41528 9470 1 0
44014 4879 1 0
100848 24149 1 0
23276 6049 1 0
2745 8148 1 0
9868 69206 1 0
11902 10479 1 0
41128 14904 1 0
67519 18309 1 0
8436 8797 1 0
41628 10296 1 0
93535 1830 1 0
8064 104937 1 0
105025 104863 1 0
105649 13156 1 0
105716 14216 1 0
29596 1688 1 0
69783 12539 1 0
101221 8098 1 0
99395 10670 1 0
93881 13030 1 0
2989 97619 1 0
94117 2208 1 0
50595 9312 1 0
23276 12424 1 0
11982 103792 1 0
14787 62849 1 0
9558 91591 1 0
16985 72781 1 0
57096 94592 1 0
101056 68939 1 0
40788 8551 1 0
95420 20535 1 0
14135 69432 1 0
13472 11843 1 0
105102 96507 1 0
10652 15932 1 0
53837 91462 1 0
2708 5381 1 0
91462 16620 1 0
60225 8266 1 0
9971 98071 1 0
97477 9971 1 0
91546 68939 1 0
6228 97663 1 0
95192 40914 1 0
8754 96551 1 0
18292 12224 1 0
794 54154 1 0
12771 13172 1 0
17209 26209 1 0
26370 16985 1 0
85619 15932 1 0
23503 91294 1 0
33103 3139 1 0
59848 12991 1 0
6228 68408 1 0
1740 7313 1 0
98704 6702 1 0
97979 106365 1 0
23503 102733 1 0
101194 12864 1 0
96569 15813 1 0
41315 9012 1 0
105573 6116 1 0
23348 31106 1 0
104459 11941 1 0
73023 100643 1 0
106212 97979 1 0
105496 6134 1 0
55826 106388 1 0
106365 103722 1 0
72334 7081 1 0
62527 100439 1 0
11172 16620 1 0
3248 100750 1 0
45237 72334 1 0
38442 10841 1 0
61217 8216 1 0
9312 15650 1 0
100804 69432 1 0
6282 55426 1 0
14805 16874 1 0
100439 2208 1 0
10749 14842 1 0
12348 20065 1 0
101994 16290 1 0
14904 3217 1 0
105025 100510 1 0
24149 26850 1 0
72781 55592 1 0
56431 6228 1 0
5015 20431 1 0
13989 93683 1 0
100945 102151 1 0
14726 1830 1 0
9493 41128 1 0
41584 91546 1 0
41218 34944 1 0
4988 13522 1 0
37868 3650 1 0
91747 6992 1 0
4605 41509 1 0
76035 13435 1 0
40469 68160 1 0
59848 105102 1 0
32301 106350 1 0
22159 15650 1 0
45879 50143 1 0
105956 5462 1 0
105716 12679 1 0
8611 6247 1 0
5584 18051 1 0
29596 8611 1 0
45237 106350 1 0
43853 12116 1 0
12152 23129 1 0
20402 91694 1 0
41128 8148 1 0
96871 102151 1 0
72781 14787 1 0
104086 45237 1 0
97120 22159 1 0
97053 7721 1 0
98224 2208 1 0
36556 7544 1 0
12116 41613 1 0
93926 73023 1 0
10411 8015 1 0
2708 103027 1 0
50421 8720 1 0
6966 2768 1 0
103614 47801 1 0
794 102200 1 0
37290 101171 1 0
104481 12134 1 0
17209 102151 1 0
14726 12116 1 0
101319 34944 1 0
50570 18309 1 0
8592 26850 1 0
30730 100945 1 0
95407 54643 1 0
31106 39688 1 0
25078 9868 1 0
33336 8115 1 0
5462 62046 1 0
5254 11228 1 0
57096 102733 1 0
33336 16711 1 0
32800 34088 1 0
103525 105039 1 0
8592 40750 1 0
105932 98584 1 0
741 68408 1 0
1751 11819 1 0
13030 93683 1 0
91462 9536 1 0
10529 12815 1 0
105025 5324 1 0
1267 20535 1 0
14766 23398 1 0
11941 98894 1 0
9576 103448 1 0
4423 102272 1 0
40788 7661 1 0
98610 20780 1 0
23398 41232 1 0
2672 25148 1 0
41509 3560 1 0
8115 12442 1 0
41432 106431 1 0
43853 10710 1 0
7216 33103 1 0
98584 3740 1 0
92032 13240 1 0
4497 4423 1 0
100804 4964 1 0
41175 101194 1 0
6228 12204 1 0
96963 5110 1 0
100111 67831 1 0
15795 18601 1 0
68939 55573 1 0
102200 101963 1 0
105877 73023 1 0
102504 100439 1 0
18051 10391 1 0
71654 93299 1 0
105649 15552 1 0
33148 72334 1 0
100338 9762 1 0
71654 46067 1 0
97053 68160 1 0
7821 5423 1 0
3433 95219 1 0
6402 1267 1 0
102272 59376 1 0
12368 103200 1 0
3921 2989 1 0
11484 103487 1 0
104920 9810 1 0
11355 18309 1 0
91294 101171 1 0
96646 9653 1 0
9762 87408 1 0
45879 6116 1 0
98610 68102 1 0
23398 32301 1 0
95811 3305 1 0
105102 100848 1 0
77406 10296 1 0
20653 11754 1 0
98894 97155 1 0
12152 11686 1 0
29117 4497 1 0
97120 99292 1 0
101250 38636 1 0
20614 6383 1 0
8186 794 1 0
41432 41157 1 0
98006 9786 1 0
61202 17796 1 0
2708 97053 1 0
41232 3921 1 0
103214 15650 1 0
11546 56045 1 0
5214 14824 1 0
11546 4087 1 0
56566 10230 1 0
104863 105496 1 0
106388 17077 1 0
25201 9896 1 0
741 99121 1 0
96646 6915 1 0
9220 91546 1 0
38636 23503 1 0
101979 7906 1 0
5886 102398 1 0
96627 4822 1 0
33103 91916 1 0
100893 9293 1 0
105877 67519 1 0
32694 29596 1 0
13140 105956 1 0
104086 94527 1 0
95420 25148 1 0
14904 101006 1 0
87408 45429 1 0
10915 99320 1 0
12565 20579 1 0
99395 97901 1 0
9558 6860 1 0
12991 98224 1 0
103346 62152 1 0
12424 11868 1 0
45840 34088 1 0
50421 8015 1 0
21094 100166 1 0
98894 96551 1 0
45879 6353 1 0
106246 7266 1 0
7347 10915 1 0
7491 45552 1 0
10095 15156 1 0
13030 43942 1 0
41584 4201 1 0
81878 13123 1 0
58181 741 1 0
41315 103187 1 0
56326 16157 1 0
10036 103722 1 0
95891 12795 1 0
15519 12152 1 0
11622 14824 1 0
5913 12406 1 0
102733 14235 1 0
15715 9830 1 0
102151 96158 1 0
100338 91916 1 0
6174 5617 1 0
35852 95420 1 0
101963 100790 1 0
8634 14766 1 0
41218 19437 1 0
15795 20133 1 0
18601 8266 1 0
7383 3248 1 0
13361 94527 1 0
16844 10374 1 0
41075 103487 1 0
10710 41369 1 0
38442 16711 1 0
12834 9702 1 0
13123 3358 1 0
55013 2369 1 0
3390 5065 1 0
9674 7925 1 0
9493 19394 1 0
22682 2868 1 0
45879 1186 1 0
13381 100773 1 0
100037 25148 1 0
102466 7081 1 0
99292 11172 1 0
38442 91591 1 0
97053 8611 1 0
4087 102623 1 0
47801 12134 1 0
7295 95407 1 0
41599 100510 1 0
97979 11228 1 0
14618 10095 1 0
14135 11151 1 0
3139 100439 1 0
7962 101899 1 0
56460 3515 1 0
5720 104086 1 0
11843 10749 1 0
23503 99121 1 0
3410 28288 1 0
5617 59555 1 0
7134 9312 1 0
32119 41599 1 0
41584 10452 1 0
97663 12991 1 0
6247 16743 1 0
2369 17258 1 0
100338 12991 1 0
97650 1740 1 0
20133 36556 1 0
11962 10731 1 0
102623 61202 1 0
95811 20065 1 0
8676 9380 1 0
100111 95219 1 0
12991 93579 1 0
102330 6487 1 0
26815 106455 1 0
33103 57096 1 0
69432 102435 1 0
27466 7295 1 0
32119 95192 1 0
4988 99292 1 0
8015 102733 1 0
7134 75552 1 0
44229 14842 1 0
3560 72293 1 0
22756 99666 1 0
8981 106246 1 0
6156 8653 1 0
20431 59376 1 0
10391 81878 1 0
20614 6941 1 0
87422 103282 1 0
91462 13435 1 0
101979 105573 1 0
44682 41398 1 0
95420 6247 1 0
103487 61217 1 0
45840 45429 1 0
13240 99640 1 0
1267 9470 1 0
105573 65982 1 0
25536 106388 1 0
98567 3759 1 0
104920 94855 1 0
3877 11798 1 0
93321 15715 1 0
41232 11355 1 0
14158 100243 1 0
98796 99432 1 0
41128 67519 1 0
96262 5584 1 0
6992 11484 1 0
3248 96627 1 0
75552 80292 1 0
26209 100804 1 0
5148 15250 1 0
13337 40750 1 0
32252 13156 1 0
104481 10508 1 0
53837 43942 1 0
94527 9674 1 0
100945 14842 1 0
8754 104326 1 0
47801 5065 1 0
45535 10549 1 0
41369 7313 1 0
45552 8186 1 0
16985 41584 1 0
19437 103525 1 0
102272 28510 1 0
12317 58181 1 0
5381 14726 1 0
4879 20402 1 0
10897 55573 1 0
7906 4605 1 0
14805 3092 1 0
3217 41232 1 0
5848 42344 1 0
20342 5913 1 0
101056 8699 1 0
5110 7465 1 0
27466 15650 1 0
56431 6702 1 0
13030 35645 1 0
16711 45535 1 0
58181 7113 1 0
103639 41496 1 0
19394 7962 1 0
102151 26850 1 0
9810 65736 1 0
12406 68218 1 0
13222 3877 1 0
5015 5720 1 0
98653 99666 1 0
97168 102623 1 0
26370 1865 1 0
102398 8352 1 0
7347 3358 1 0
65736 100848 1 0
16290 12539 1 0
5148 104533 1 0
4531 13989 1 0
10670 13522 1 0
3248 45237 1 0
37290 6402 1 0
7594 47004 1 0
96551 10203 1 0
11228 1830 1 0
54154 2834 1 0
14766 93299 1 0
26850 45552 1 0
79625 5720 1 0
80292 25348 1 0
103614 1186 1 0
97845 35645 1 0
44014 10822 1 0
6049 12917 1 0
8352 6156 1 0
103012 46266 1 0
78573 2208 1 0
74021 7702 1 0
97053 12991 1 0
71438 7721 1 0
3248 3390 1 0
13989 14904 1 0
9125 104342 1 0
102151 3690 1 0
101194 41369 1 0
59555 97168 1 0
77406 58181 1 0
37290 96963 1 0
9868 94026 1 0
47801 6758 1 0
3826 6463 1 0
18309 98210 1 0
62046 7216 1 0
13284 9293 1 0
105731 12795 1 0
54287 11819 1 0
30730 50570 1 0
47801 103792 1 0
101994 20133 1 0
94855 6353 1 0
33455 106455 1 0
41175 33148 1 0
97979 12864 1 0
40571 6228 1 0
41111 2989 1 0
20515 94527 1 0
37290 11322 1 0
77406 7134 1 0
7962 3410 1 0
12204 41332 1 0
6512 41030 1 0
19722 6304 1 0
4497 105573 1 0
19722 104533 1 0
11622 11735 1 0
1572 7994 1 0
81878 9674 1 0
97920 100439 1 0
103448 6487 1 0
33148 41628 1 0
103722 10933 1 0
41613 14178 1 0
31106 11982 1 0
57239 6798 1 0
91546 104035 1 0
91562 25148 1 0
11546 62046 1 0
5110 5913 1 0
104459 86585 1 0
13381 14235 1 0
14710 17796 1 0
97736 8064 1 0
9424 56566 1 0
97979 6116 1 0
794 44014 1 0
16844 6702 1 0
106350 6915 1 0
13361 12771 1 0
96789 12406 1 0
20535 4531 1 0
7962 56109 1 0
11715 41613 1 0
7383 1865 1 0
99121 33103 1 0
41232 101757 1 0
11151 7295 1 0
65736 14885 1 0
8392 11819 1 0
47801 32694 1 0
97920 8634 1 0
10804 25148 1 0
98071 4087 1 0
99855 9558 1 0
5423 11941 1 0
106498 5720 1 0
6002 20431 1 0
12460 5662 1 0
10508 101221 1 0
81878 103282 1 0
62849 5381 1 0
100439 13435 1 0
103346 7747 1 0
72781 41509 1 0
6156 3650 1 0
10529 8797 1 0
44229 12704 1 0
102151 99593 1 0
77406 98021 1 0
6860 56045 1 0
99121 8825 1 0
12052 16140 1 0
19437 9470 1 0
77343 13381 1 0
93926 37868 1 0
35852 7821 1 0
41628 9517 1 0
101221 14787 1 0
106431 41030 1 0
8921 97979 1 0
27337 105496 1 0
100945 6915 1 0
91294 97736 1 0
41628 65736 1 0
100400 6282 1 0
34088 14710 1 0
22159 12565 1 0
105731 15064 1 0
7313 103214 1 0
15650 9060 1 0
9674 93881 1 0
10036 9380 1 0
101319 18292 1 0
45753 100643 1 0
13195 23276 1 0
14216 102398 1 0
50595 18292 1 0
10731 18918 1 0
19155 6073 1 0
41111 96613 1 0
62046 91735 1 0
13989 3358 1 0
16121 99517 1 0
86585 99395 1 0
694 12258 1 0
13499 11798 1 0
5065 93765 1 0
12991 71438 1 0
1464 42344 1 0
86585 6645 1 0
6049 11962 1 0
27503 99517 1 0
71813 104035 1 0
68408 10250 1 0
102272 61202 1 0
10692 6096 1 0
41218 8352 1 0
36127 98894 1 0
33455 6002 1 0
5381 5214 1 0
20780 6134 1 0
105956 13222 1 0
99640 102733 1 0
15519 6228 1 0
100750 48958 1 0
6758 41528 1 0
11686 105877 1 0
6002 7857 1 0
104086 6992 1 0
7747 11982 1 0
103792 103841 1 0
3275 94117 1 0
104863 11172 1 0
41509 73023 1 0
73931 2868 1 0
95407 104086 1 0
99444 91916 1 0
60225 97920 1 0
3410 9762 1 0
57953 19722 1 0
7594 101994 1 0
105932 13522 1 0
105336 45237 1 0
100534 50421 1 0
4822 103214 1 0
9558 20535 1 0
12096 15552 1 0
5192 101319 1 0
3759 6487 1 0
93881 41509 1 0
106431 99640 1 0
8266 14637 1 0
5381 9653 1 0
6228 18918 1 0
1186 10374 1 0
15250 15932 1 0
10633 10822 1 0
45429 13240 1 0
104920 6247 1 0
103792 72781 1 0
38442 32800 1 0
91546 94855 1 0
91451 43942 1 0
105538 42344 1 0
44682 7821 1 0
96871 96789 1 0
12317 7016 1 0
95407 56566 1 0
11735 75552 1 0
96569 32301 1 0
13240 27337 1 0
53837 8266 1 0
54643 11151 1 0
98584 11355 1 0
5036 98210 1 0
100510 1186 1 0
3358 10878 1 0
87422 40571 1 0
11228 50570 1 0
10374 10692 1 0
7857 102435 1 0
23129 6576 1 0
35645 100945 1 0
103214 41315 1 0
8846 7925 1 0
9810 7038 1 0
39688 8266 1 0
10296 95588 1 0
14726 22159 1 0
3952 102466 1 0
33103 10296 1 0
42344 3611 1 0
5701 13567 1 0
6512 41095 1 0
13337 101056 1 0
6247 12152 1 0
3759 9702 1 0
12406 40571 1 0
105266 13172 1 0
102466 41030 1 0
30730 8148 1 0
68661 102733 1 0
11172 6134 1 0
10822 68281 1 0
1041 11322 1 0
22774 56326 1 0
33148 5065 1 0
4449 91694 1 0
6595 8216 1 0
33148 14710 1 0
9094 20431 1 0
11622 97650 1 0
99320 11715 1 0
5792 10822 1 0
103749 8676 1 0
20695 13522 1 0
75552 100037 1 0
43853 24783 1 0
13030 45535 1 0
23276 100400 1 0
10059 41584 1 0
5148 9517 1 0
19722 23129 1 0
19437 13306 1 0
101221 50595 1 0
7113 9517 1 0
6860 34088 1 0
12224 101250 1 0
4553 11868 1 0
13030 81878 1 0
69432 5015 1 0
95073 94592 1 0
3560 41599 1 0
11484 20515 1 0
12116 93579 1 0
41075 98021 1 0
1740 8115 1 0
100750 12815 1 0
65150 100338 1 0
16121 20431 1 0
4423 45237 1 0
73931 50252 1 0
5110 6798 1 0
5110 97155 1 0
3305 93579 1 0
62527 6228 1 0
11798 12679 1 0
1751 20579 1 0
794 20342 1 0
101785 41111 1 0
20614 20755 1 0
15650 12096 1 0
7347 12795 1 0
9094 41218 1 0
92032 14216 1 0
23211 13222 1 0
11715 18918 1 0
103749 24783 1 0
71654 25536 1 0
20133 3139 1 0
3807 15156 1 0
74021 55013 1 0
17040 11843 1 0
20535 45552 1 0
91462 20535 1 0
8653 56566 1 0
98945 79625 1 0
99640 93765 1 0
7038 36024 1 0
7821 7702 1 0
15650 67831 1 0
6512 16985 1 0
56460 11902 1 0
15813 1865 1 0
15813 2834 1 0
98584 8846 1 0
106498 25148 1 0
36024 9576 1 0
5015 9242 1 0
3390 5036 1 0
104533 9424 1 0
47801 2745 1 0
14805 68281 1 0
54154 65736 1 0
10529 97155 1 0
41398 25837 1 0
10508 5720 1 0
96507 19091 1 0
104326 12152 1 0
10915 36127 1 0
50252 102466 1 0
98945 13435 1 0
65150 10296 1 0
9380 41584 1 0
5913 32119 1 0
12917 16711 1 0
11798 48375 1 0
57239 22682 1 0
101979 17796 1 0
8186 15715 1 0
13284 2868 1 0
102707 47004 1 0
8981 8533 1 0
72781 2768 1 0
7313 41613 1 0
20065 13472 1 0
5192 12565 1 0
14235 67831 1 0
22682 101319 1 0
97979 9743 1 0
7491 68102 1 0
16620 78573 1 0
67831 14158 1 0
101006 97155 1 0
13522 62046 1 0
11735 57096 1 0
7465 57389 1 0
87387 91747 1 0
45879 9293 1 0
19394 15715 1 0
9653 41157 1 0
101899 13140 1 0
10508 102151 1 0
105687 41350 1 0
101342 41613 1 0
101194 9702 1 0
6116 11962 1 0
56045 41175 1 0
72334 105447 1 0
8846 104920 1 0
6992 100510 1 0
4531 101006 1 0
97053 41599 1 0
96262 105932 1 0
94527 7994 1 0
77343 8352 1 0
56045 29117 1 0
9830 38636 1 0
14618 8634 1 0
54287 24783 1 0
11686 102330 1 0
105496 18309 1 0
10549 100243 1 0
13337 8169 1 0
105649 99593 1 0
5423 97901 1 0
101899 96646 1 0
86585 101785 1 0
8981 98021 1 0
13499 20653 1 0
12204 5148 1 0
71438 100510 1 0
104863 14158 1 0
16844 5507 1 0
96627 8169 1 0
77406 9268 1 0
101757 9674 1 0
7383 98584 1 0
45552 25536 1 0
55826 68218 1 0
106431 22774 1 0
15715 5617 1 0
33336 87408 1 0
3921 13361 1 0
19091 56109 1 0
79625 15552 1 0
3690 48958 1 0
35107 47801 1 0
91591 45552 1 0
1538 14805 1 0
94026 97155 1 0
1538 105850 1 0
11735 25431 1 0
20847 99216 1 0
73931 9220 1 0
16157 10529 1 0
8921 106365 1 0
40750 93579 1 0
13284 28288 1 0
18292 3433 1 0
56431 15519 1 0
72781 44682 1 0
6595 1464 1 0
9830 103448 1 0
24149 93579 1 0
16844 12539 1 0
97477 11228 1 0
105573 11754 1 0
9493 9293 1 0
2672 1865 1 0
93881 9762 1 0
9810 9762 1 0
12834 97168 1 0
41218 25583 1 0
101757 8653 1 0
9810 16140 1 0
7994 8653 1 0
20515 9380 1 0
101979 46067 1 0
11962 11686 1 0
81878 12539 1 0
9517 15156 1 0
68281 96646 1 0
76035 7465 1 0
6304 56566 1 0
97920 28510 1 0
6941 100790 1 0
99292 93535 1 0
36024 30730 1 0
7465 103639 1 0
79625 11355 1 0
33103 8323 1 0
22756 13381 1 0
13172 91747 1 0
104481 100804 1 0
9293 2745 1 0
38636 5720 1 0
45658 33455 1 0
7702 33455 1 0
101785 103614 1 0
105447 8863 1 0
98006 45658 1 0
27384 8611 1 0
9493 16690 1 0
106350 3690 1 0
104481 104375 1 0
94855 12052 1 0
794 7925 1 0
2369 47801 1 0
103639 67519 1 0
16985 32301 1 0
3560 3305 1 0
97979 97901 1 0
96158 12834 1 0
20431 68102 1 0
13499 61202 1 0
1865 10652 1 0
14766 95420 1 0
9724 96646 1 0
104937 29117 1 0
1830 2745 1 0
48958 96569 1 0
29117 28510 1 0
96848 68281 1 0
26370 6839 1 0
65736 6437 1 0
65736 94855 1 0
103141 8634 1 0
12704 34944 1 0
13030 92032 1 0
43942 100166 1 0
6758 3650 1 0
102466 7882 1 0
10841 103187 1 0
9896 59425 1 0
98584 11394 1 0
79625 97168 1 0
9094 18292 1 0
104326 23129 1 0
71813 4747 1 0
3515 14657 1 0
1267 71654 1 0
10692 99320 1 0
104481 14824 1 0
11447 7016 1 0
87387 11868 1 0
98945 57389 1 0
100643 23276 1 0
97477 95073 1 0
105716 105266 1 0
96627 27503 1 0
105956 104052 1 0
4605 15064 1 0
13222 97168 1 0
41432 10897 1 0
53837 20460 1 0
3275 70530 1 0
12368 14692 1 0
97945 21094 1 0
93299 6206 1 0
12406 91462 1 0
56045 2414 1 0
4964 3390 1 0
106431 40788 1 0
98210 28510 1 0
10933 5148 1 0
2834 6839 1 0
41496 8216 1 0
40469 106455 1 0
9762 98945 1 0
58181 1186 1 0
8148 104920 1 0
8634 91735 1 0
99855 45753 1 0
14766 9724 1 0
10822 794 1 0
57389 106212 1 0
97477 5701 1 0
3650 14135 1 0
99121 9702 1 0
41584 5192 1 0
33148 92032 1 0
104375 56566 1 0
105573 99395 1 0
59425 18601 1 0
105025 11868 1 0
10933 20402 1 0
3921 41398 1 0
29117 100893 1 0
41432 21094 1 0
3877 8676 1 0
94592 98210 1 0
97031 11715 1 0
12460 69396 1 0
87387 17258 1 0
8323 44014 1 0
105623 70530 1 0
20431 105932 1 0
16620 17796 1 0
40914 2768 1 0
41432 8901 1 0
12116 72293 1 0
6134 24696 1 0
97011 101250 1 0
68281 8352 1 0
5065 100750 1 0
41332 12258 1 0
105447 1647 1 0
105731 41369 1 0
20653 31494 1 0
41095 8699 1 0
100773 105266 1 0
101979 6915 1 0
105496 1041 1 0
11686 103792 1 0
13472 96848 1 0
15015 6282 1 0
62152 14726 1 0
1751 101979 1 0
3410 7544 1 0
11887 99320 1 0
102623 95073 1 0
97031 17004 1 0
32800 10915 1 0
9936 95891 1 0
41584 20653 1 0
105956 20460 1 0
14824 41095 1 0
59555 6702 1 0
101056 5214 1 0
92243 36127 1 0
19394 62046 1 0
16140 79625 1 0
104937 6437 1 0
96700 43683 1 0
16844 94592 1 0
47801 55013 1 0
71654 103614 1 0
20780 68939 1 0
12795 65982 1 0
45658 13123 1 0
104086 12460 1 0
100111 14805 1 0
5507 55396 1 0
55826 95205 1 0
101319 46266 1 0
8754 57239 1 0
105932 5148 1 0
4087 26209 1 0
14618 6282 1 0
32694 16157 1 0
96262 41061 1 0
16690 25148 1 0
65736 95766 1 0
23348 7857 1 0
9536 2834 1 0
7962 13567 1 0
95766 30730 1 0
81878 7747 1 0
17436 6966 1 0
7491 8292 1 0
9786 95420 1 0
12116 104481 1 0
100338 741 1 0
3092 8392 1 0
41315 106388 1 0
16140 12795 1 0
33455 91451 1 0
91657 5742 1 0
12771 43683 1 0
93321 8551 1 0
16157 13435 1 0
99292 11735 1 0
41332 99395 1 0
10749 1751 1 0
13989 31106 1 0
6049 5913 1 0
6156 7038 1 0
55592 12565 1 0
10095 12096 1 0
6839 9896 1 0
95407 1942 1 0
104326 44014 1 0
3952 40788 1 0
7721 26370 1 0
69432 99292 1 0
14135 102398 1 0
9242 10804 1 0
7216 26815 1 0
6402 99292 1 0
98567 100893 1 0
1715 18309 1 0
41315 95588 1 0
13123 11962 1 0
3139 8323 1 0
98704 2672 1 0
7994 105932 1 0
59376 10878 1 0
32800 11394 1 0
98704 73023 1 0
3515 102330 1 0
67831 10036 1 0
4201 6758 1 0
9762 12406 1 0
100848 4423 1 0
100111 14787 1 0
20535 102398 1 0
100848 6116 1 0
12460 50570 1 0
93881 9810 1 0
10374 9914 1 0
105538 9517 1 0
69432 69206 1 0
102435 11151 1 0
8266 4531 1 0
98006 94527 1 0
16290 13381 1 0
97901 19155 1 0
8950 106296 1 0
44757 37290 1 0
7081 3217 1 0
101319 32119 1 0
40571 16140 1 0
1186 3877 1 0
95420 74021 1 0
16140 16743 1 0
14787 22682 1 0
103614 12539 1 0
44229 24149 1 0
105496 4449 1 0
72334 41218 1 0
10731 105877 1 0
8634 22682 1 0
8148 6073 1 0
15552 100804 1 0
12258 91747 1 0
6304 99395 1 0
103200 3759 1 0
9493 5036 1 0
62849 14618 1 0
20653 10508 1 0
4497 92046 1 0
77406 104052 1 0
93881 104375 1 0
41111 100166 1 0
91735 7962 1 0
31106 105102 1 0
5254 20065 1 0
32252 9936 1 0
27337 81878 1 0
3650 41398 1 0
95219 95407 1 0
104459 45840 1 0
10374 45535 1 0
9914 2672 1 0
12152 62046 1 0
10710 23398 1 0
105266 57389 1 0
10059 87408 1 0
18051 29596 1 0
16928 12960 1 0
9953 13284 1 0
71813 12424 1 0
104937 22774 1 0
50570 6645 1 0
5110 12224 1 0
91916 7081 1 0
91591 41030 1 0
98894 13030 1 0
1751 16690 1 0
8653 95219 1 0
10633 20402 1 0
41432 18918 1 0
16743 11151 1 0
24696 13222 1 0
102151 9743 1 0
45552 11415 1 0
14885 105336 1 0
2414 95420 1 0
20847 61202 1 0
13195 103141 1 0
102733 105623 1 0
9971 104035 1 0
99216 95420 1 0
97650 106212 1 0
68102 105266 1 0
54287 41232 1 0
13140 12258 1 0
8148 2768 1 0
41398 95205 1 0
98071 8981 1 0
69396 15156 1 0
11484 101221 1 0
100804 5192 1 0
13140 104375 1 0
61217 8921 1 0
96569 9786 1 0
73931 3560 1 0
41584 6966 1 0
59555 16808 1 0
20535 91294 1 0
15795 77343 1 0
1865 40788 1 0
10731 14135 1 0
5886 12134 1 0
33103 12834 1 0
8653 10549 1 0
7925 104052 1 0
12565 105447 1 0
2745 9125 1 0
9724 97736 1 0
10915 5036 1 0
95192 97120 1 0
5507 105447 1 0
14787 103722 1 0
15519 7962 1 0
16140 102733 1 0
67519 20088 1 0
10897 97031 1 0
99432 101994 1 0
18918 3560 1 0
71654 26815 1 0
105731 11868 1 0
6228 100243 1 0
78573 50421 1 0
47004 100338 1 0
9576 57239 1 0
77343 57953 1 0
13381 96963 1 0
6156 39688 1 0
9312 4531 1 0
7702 7594 1 0
92032 103027 1 0
38442 13156 1 0
6553 40914 1 0
13030 3759 1 0
41398 7702 1 0
96613 12152 1 0
12917 17077 1 0
48958 91735 1 0
103639 19722 1 0
26370 14601 1 0
17359 95588 1 0
20695 68408 1 0
5214 6619 1 0
97168 41350 1 0
44682 41315 1 0
6915 96627 1 0
9268 104937 1 0
14637 96700 1 0
98224 3305 1 0
14710 91462 1 0
15015 7962 1 0
105850 105731 1 0
9674 12052 1 0
9293 91694 1 0
95420 12152 1 0
4822 53837 1 0
1865 3217 1 0
3587 97477 1 0
7016 6383 1 0
8148 6134 1 0
8720 6619 1 0
70530 3740 1 0
6247 9762 1 0
92046 13306 1 0
44757 95891 1 0
93683 97901 1 0
794 16874 1 0
35852 8611 1 0
62152 35107 1 0
29596 13140 1 0
24696 14766 1 0
36127 11962 1 0
105447 1041 1 0
15795 1572 1 0
20755 80292 1 0
99640 14805 1 0
87422 9517 1 0
106296 85619 1 0
5423 6206 1 0
101963 93579 1 0
58181 13222 1 0
97120 20088 1 0
98071 40750 1 0
9470 93765 1 0
7295 93926 1 0
97979 13172 1 0
10095 12424 1 0
10897 10710 1 0
16711 5720 1 0
9914 4201 1 0
67519 5584 1 0
7465 12224 1 0
94855 46067 1 0
99855 16140 1 0
100111 102707 1 0
29596 105102 1 0
7994 694 1 0
16711 91562 1 0
56431 14618 1 0
27337 99216 1 0
5214 55573 1 0
40914 13567 1 0
6839 56431 1 0
103012 741 1 0
87422 3921 1 0
36127 20695 1 0
100400 99216 1 0
7721 32694 1 0
1267 16743 1 0
5214 35852 1 0
101994 98071 1 0
92046 14710 1 0
8064 106296 1 0
9896 105039 1 0
93881 6096 1 0
69206 99216 1 0
96848 105716 1 0
20460 41398 1 0
49892 45552 1 0
100534 91694 1 0
79625 86585 1 0
8634 28510 1 0
4474 2834 1 0
100750 92243 1 0
7906 96871 1 0
13522 7702 1 0
8699 41061 1 0
12348 15715 1 0
5640 61202 1 0
36440 23348 1 0
20515 9674 1 0
8186 1751 1 0
103346 106246 1 0
10710 98894 1 0
9868 2989 1 0
15715 1041 1 0
11228 8551 1 0
2745 8551 1 0
17796 5462 1 0
9896 10508 1 0
55573 103214 1 0
11686 71654 1 0
104086 2708 1 0
99517 10059 1 0
17040 14601 1 0
25431 8064 1 0
6702 16874 1 0
97168 100534 1 0
37868 96613 1 0
7266 10804 1 0
7491 36024 1 0
98894 7038 1 0
104481 6228 1 0
5701 36024 1 0
10897 38636 1 0
103749 14842 1 0
59376 10203 1 0
61217 10915 1 0
56326 41350 1 0
10508 4747 1 0
96789 3877 1 0
91451 11546 1 0
56109 7925 1 0
10122 6096 1 0
105573 103187 1 0
10710 20460 1 0
4582 7702 1 0
20614 10633 1 0
23129 4497 1 0
44014 19722 1 0
96963 12795 1 0
106212 105877 1 0
4822 59848 1 0
16690 40750 1 0
41496 106455 1 0
98945 11686 1 0
20653 27337 1 0
8323 97663 1 0
95811 10296 1 0
8611 6206 1 0
41528 2989 1 0
27503 96551 1 0
101899 10411 1 0
5110 105496 1 0
3826 100111 1 0
11754 7134 1 0
96871 7702 1 0
98210 9493 1 0
105956 7821 1 0
1688 6915 1 0
87408 5148 1 0
1715 20088 1 0
15932 93579 1 0
50595 103141 1 0
95766 68408 1 0
24783 28510 1 0
7383 6553 1 0
6002 20515 1 0
100243 15813 1 0
13472 40750 1 0
93299 2989 1 0
27503 13567 1 0
1715 2989 1 0
98071 100510 1 0
95073 2768 1 0
102707 8115 1 0
25078 11172 1 0
5214 104326 1 0
33148 41128 1 0
41398 2708 1 0
8064 77406 1 0
8533 3690 1 0
101006 7347 1 0
13306 25837 1 0
14657 5381 1 0
1942 14657 1 0
11902 12960 1 0
95811 9268 1 0
91657 56431 1 0
1041 36440 1 0
69432 12815 1 0
41628 100037 1 0
101221 102398 1 0
93683 10296 1 0
106246 68939 1 0
1464 101979 1 0
4822 105573 1 0
15552 10411 1 0
6206 44229 1 0
100790 13361 1 0
104035 5192 1 0
12406 13989 1 0
97168 18601 1 0
73023 104533 1 0
103639 13435 1 0
5848 10529 1 0
29596 8592 1 0
91747 4497 1 0
10122 77343 1 0
96613 8323 1 0
95811 99593 1 0
41030 10296 1 0
10374 99640 1 0
6402 15932 1 0
100510 106498 1 0
106296 12960 1 0
99640 49892 1 0
34088 91462 1 0
2672 8825 1 0
93657 19155 1 0
11306 9702 1 0
11686 35645 1 0
14824 94117 1 0
4553 96613 1 0
56326 26850 1 0
100338 5584 1 0
105266 105102 1 0
99640 24696 1 0
57389 44014 1 0
11172 55573 1 0
10452 1464 1 0
8676 1740 1 0
12368 1186 1 0
10915 12258 1 0
22682 67519 1 0
8653 41628 1 0
91462 10692 1 0
100166 12795 1 0
101194 10479 1 0
76035 3515 1 0
5423 104937 1 0
98610 10411 1 0
11306 8392 1 0
1830 97031 1 0
95811 8436 1 0
1751 44229 1 0
33103 6463 1 0
50252 10203 1 0
75552 7702 1 0
12442 11622 1 0
49892 105932 1 0
50595 98945 1 0
18601 65150 1 0
98945 27466 1 0
19155 14710 1 0
97619 10804 1 0
15932 101979 1 0
8846 96848 1 0
4988 76035 1 0
45753 14787 1 0
98224 3515 1 0
10230 100510 1 0
7661 41613 1 0
19722 11306 1 0
9810 56431 1 0
55592 19722 1 0
68102 8699 1 0
98894 1715 1 0
32800 97901 1 0
101899 4988 1 0
4497 62046 1 0
3092 96963 1 0
12152 50421 1 0
16874 10841 1 0
20535 96871 1 0
35645 16290 1 0
53837 40469 1 0
6134 41350 1 0
19091 11902 1 0
40750 44229 1 0
105025 7465 1 0
69432 59425 1 0
15064 16874 1 0
6073 96569 1 0
2768 9724 1 0
94855 6576 1 0
46266 97053 1 0
22774 94117 1 0
7962 37290 1 0
6463 18601 1 0
14726 103614 1 0
106455 10897 1 0
41175 26815 1 0
99444 4582 1 0
4582 33148 1 0
11982 9702 1 0
6512 5148 1 0
6702 14904 1 0
12795 33455 1 0
91694 87408 1 0
10822 101250 1 0
93579 57239 1 0
8634 11228 1 0
12204 5324 1 0
3358 6576 1 0
6487 45237 1 0
25148 97168 1 0
105687 20755 1 0
31106 13172 1 0
56566 105850 1 0
69783 44682 1 0
16808 20653 1 0
6839 97945 1 0
15932 104481 1 0
105956 14842 1 0
32800 13240 1 0
14637 9242 1 0
68160 69783 1 0
9896 69783 1 0
38442 8216 1 0
102504 6402 1 0
4822 12917 1 0
25148 10878 1 0
60225 103525 1 0
41496 5361 1 0
13435 71813 1 0
94855 23276 1 0
20460 56045 1 0
12960 99517 1 0
9576 39026 1 0
15715 13195 1 0
96569 103448 1 0
12258 41599 1 0
14657 41398 1 0
65150 97945 1 0
100893 11819 1 0
104035 13361 1 0
7721 1186 1 0
17796 7962 1 0
9810 5662 1 0
106498 43683 1 0
102272 10822 1 0
10915 3433 1 0
98796 58181 1 0
105266 77406 1 0
3410 4474 1 0
103639 99562 1 0
6860 9380 1 0
99216 12679 1 0
9312 41128 1 0
54154 12771 1 0
11228 8292 1 0
100243 12096 1 0
36440 61202 1 0
12348 103792 1 0
104086 14710 1 0
101319 3877 1 0
99292 18601 1 0
2672 102247 1 0
23211 20755 1 0
95192 7857 1 0
100243 7081 1 0
94026 37868 1 0
25837 4531 1 0
56045 41398 1 0
101250 7721 1 0
6353 10351 1 0
1942 96158 1 0
14726 1647 1 0
2208 11151 1 0
96963 6247 1 0
106455 46067 1 0
74021 65736 1 0
80292 11172 1 0
106350 73023 1 0
104937 95205 1 0
103187 8720 1 0
10203 24696 1 0
49892 9312 1 0
10374 14235 1 0
5324 20695 1 0
5036 9558 1 0
8533 45840 1 0
97979 10749 1 0
8115 13156 1 0
9724 69206 1 0
96158 12460 1 0
35645 3650 1 0
7661 3139 1 0
3139 55826 1 0
12704 3587 1 0
105649 13240 1 0
12204 10878 1 0
3650 19820 1 0
19820 13381 1 0
94026 12224 1 0
72334 97650 1 0
11415 101319 1 0
68102 11754 1 0
67519 36440 1 0
9060 9971 1 0
15715 91591 1 0
7857 104481 1 0
102733 91735 1 0
9743 2868 1 0
60225 102247 1 0
7821 47801 1 0
32800 9914 1 0
8323 105687 1 0
9868 91747 1 0
9220 55426 1 0
93535 77343 1 0
103346 45658 1 0
78573 7925 1 0
102330 103346 1 0
9953 26209 1 0
59848 28510 1 0
96963 99562 1 0
95766 102398 1 0
12917 12815 1 0
100243 6798 1 0
9293 2369 1 0
14692 41398 1 0
105716 24763 1 0
93765 20847 1 0
12406 96158 1 0
44682 80292 1 0
41528 8634 1 0
25583 6304 1 0
25148 41613 1 0
9536 98021 1 0
25837 41599 1 0
91546 91294 1 0
3410 3515 1 0
13989 9558 1 0
105025 7544 1 0
31494 61202 1 0
40914 34088 1 0
13123 30730 1 0
55013 9536 1 0
1186 9094 1 0
11394 3807 1 0
12834 12442 1 0
103841 12317 1 0
62152 94592 1 0
10633 68218 1 0
73931 99666 1 0
56566 5977 1 0
6402 12096 1 0
41415 5381 1 0
10391 12368 1 0
50252 36440 1 0
106455 101342 1 0
99444 44757 1 0
45840 41398 1 0
65736 5507 1 0
6619 54643 1 0
6304 6702 1 0
99855 10633 1 0
97901 104863 1 0
100848 22159 1 0
8392 8611 1 0
17077 17258 1 0
9936 10529 1 0
102398 55013 1 0
8115 3092 1 0
20653 11394 1 0
5742 59425 1 0
7594 36127 1 0
16844 101056 1 0
20614 12134 1 0
13240 5214 1 0
56431 10652 1 0
45658 34944 1 0
4201 45840 1 0
4553 12096 1 0
8064 103141 1 0
10841 17796 1 0
96507 105687 1 0
5214 99395 1 0
95407 11484 1 0
16928 1688 1 0
12204 105102 1 0
97845 68939 1 0
7295 14824 1 0
4087 7882 1 0
101056 97736 1 0
23129 24696 1 0
56326 8653 1 0
1186 97736 1 0
99121 24763 1 0
7444 14637 1 0
12096 2868 1 0
22756 3410 1 0
41061 7906 1 0
99444 9971 1 0
45658 14657 1 0
5214 12960 1 0
16690 1267 1 0
65982 57953 1 0
45840 9936 1 0
7857 99395 1 0
15064 8699 1 0
11941 12679 1 0
57096 92243 1 0
32800 3092 1 0
78573 33455 1 0
95219 10933 1 0
794 10411 1 0
10059 8551 1 0
77343 5192 1 0
69396 16290 1 0
94527 23276 1 0
14726 15795 1 0
6966 91546 1 0
20579 80292 1 0
14235 40571 1 0
79625 9868 1 0
46266 31106 1 0
57239 3305 1 0
95073 60225 1 0
7594 98894 1 0
15650 7038 1 0
20755 8653 1 0
20755 76035 1 0
99517 10095 1 0
106455 12795 1 0
25078 54643 1 0
32800 105538 1 0
6206 41528 1 0
104326 17004 1 0
103841 68661 1 0
9724 106212 1 0
4747 25536 1 0
11546 56109 1 0
17077 5701 1 0
11306 102272 1 0
77343 106498 1 0
72781 1830 1 0
6304 20780 1 0
8514 11754 1 0
105956 97650 1 0
68218 74021 1 0
8514 48375 1 0
41157 62849 1 0
9971 44757 1 0
9380 10878 1 0
6174 15932 1 0
16690 92032 1 0
14710 8392 1 0
11151 57096 1 0
101171 10878 1 0
5913 99666 1 0
6156 10391 1 0
67831 105447 1 0
60225 7994 1 0
10731 26815 1 0
4087 9094 1 0
3807 27466 1 0
10452 11819 1 0
94527 103214 1 0
10374 41369 1 0
97979 20133 1 0
41175 3740 1 0
57096 3217 1 0
6002 7721 1 0
8216 10479 1 0
35852 45840 1 0
10878 102247 1 0
96871 6402 1 0
57096 12424 1 0
11798 14216 1 0
46067 7491 1 0
104481 9268 1 0
16874 100790 1 0
97979 10059 1 0
12134 2208 1 0
103749 104920 1 0
8551 99562 1 0
93321 103841 1 0
103346 71438 1 0
13306 12991 1 0
100643 103792 1 0
7216 103214 1 0
40571 93765 1 0
73931 41175 1 0
1942 100893 1 0
40788 13567 1 0
33148 6437 1 0
104533 19155 1 0
9830 7821 1 0
10841 11394 1 0
15715 5701 1 0
5640 11819 1 0
39026 41232 1 0
9674 96789 1 0
98584 5361 1 0
13284 12052 1 0
77406 4822 1 0
100773 71654 1 0
7821 2369 1 0
98567 3587 1 0
91462 27503 1 0
95891 101963 1 0
1538 17359 1 0
8352 3759 1 0
11754 105538 1 0
13156 67831 1 0
14601 69396 1 0
25583 14178 1 0
5886 5507 1 0
104459 14178 1 0
12960 9517 1 0
9094 18051 1 0
97477 9653 1 0
16985 105956 1 0
91694 13381 1 0
41175 15376 1 0
10633 9724 1 0
8436 11151 1 0
3433 8216 1 0
101221 13306 1 0
7857 18309 1 0
106455 92032 1 0
13030 98584 1 0
27384 12442 1 0
99395 44757 1 0
87422 10933 1 0
9936 15795 1 0
104326 6116 1 0
5036 11941 1 0
59425 10841 1 0
103027 97155 1 0
11941 44229 1 0
3690 98210 1 0
91591 101194 1 0
9242 36556 1 0
30730 72781 1 0
41584 8292 1 0
9743 7081 1 0
10933 7721 1 0
14235 4531 1 0
7721 101342 1 0
33103 1942 1 0
5640 102707 1 0
2768 57239 1 0
47801 11941 1 0
694 97155 1 0
100773 6304 1 0
12424 13030 1 0
59376 10351 1 0
12991 69206 1 0
93299 41599 1 0
6992 8115 1 0
56326 61217 1 0
9896 102707 1 0
96158 41599 1 0
38442 12348 1 0
13499 6282 1 0
26370 14235 1 0
105649 13030 1 0
5254 71654 1 0
5065 11394 1 0
47004 95891 1 0
22756 103012 1 0
41157 55426 1 0
16928 101194 1 0
101757 3690 1 0
20402 106498 1 0
20780 9012 1 0
2745 8352 1 0
5214 10529 1 0
12317 5848 1 0
97945 13567 1 0
32800 6839 1 0
21094 5742 1 0
41218 6915 1 0
41369 13306 1 0
9914 3650 1 0
11798 71813 1 0
6116 41157 1 0
10633 41432 1 0
25536 24763 1 0
95073 27466 1 0
8699 98894 1 0
4423 3217 1 0
15715 2208 1 0
3217 4449 1 0
9914 41061 1 0
9424 100750 1 0
92046 14158 1 0
13499 13172 1 0
8064 19394 1 0
9896 10479 1 0
9953 106246 1 0
18292 97155 1 0
99444 12795 1 0
15015 93299 1 0
97031 1647 1 0
13030 100848 1 0
44682 11715 1 0
5701 8921 1 0
41232 101194 1 0
39688 7216 1 0
6073 105877 1 0
105039 42344 1 0
93321 100773 1 0
104481 104459 1 0
9268 62046 1 0
65982 21094 1 0
20755 6619 1 0
11962 55826 1 0
8015 93579 1 0
97663 9268 1 0
3275 16985 1 0
5065 20780 1 0
100166 10059 1 0
13140 103792 1 0
3952 13172 1 0
6758 96963 1 0
44757 98584 1 0
10652 17258 1 0
7661 24149 1 0
8352 17004 1 0
14710 9743 1 0
100111 102200 1 0
10529 92243 1 0
9517 41332 1 0
14618 77343 1 0
78573 97736 1 0
97168 12679 1 0
15795 100166 1 0
11394 97011 1 0
10374 10351 1 0
103346 41496 1 0
77406 45879 1 0
41111 105877 1 0
100510 105731 1 0
106350 6992 1 0
20431 34088 1 0
6941 20535 1 0
9830 6576 1 0
65736 3740 1 0
12204 45552 1 0
94527 74021 1 0
105496 11172 1 0
4474 24696 1 0
43942 14601 1 0
99517 8266 1 0
69432 50570 1 0
14824 69432 1 0
56326 105025 1 0
2369 12539 1 0
5848 9220 1 0
54287 75552 1 0
104937 95588 1 0
11415 7313 1 0
41128 76035 1 0
23211 3952 1 0
67519 7594 1 0
45535 22159 1 0
100804 13472 1 0
11447 13499 1 0
8797 25078 1 0
7465 99666 1 0
9220 20653 1 0
7444 6134 1 0
97663 20780 1 0
5381 8825 1 0
105573 94026 1 0
41332 69396 1 0
9743 15156 1 0
93657 40914 1 0
13306 45429 1 0
41075 94592 1 0
73023 1464 1 0
92032 10351 1 0
105649 6619 1 0
9914 104533 1 0
3560 98653 1 0
14904 13140 1 0
18292 62046 1 0
105956 106350 1 0
11868 15932 1 0
15064 9558 1 0
36556 106388 1 0
2369 11962 1 0
20460 4822 1 0
101319 8323 1 0
741 101899 1 0
12815 105731 1 0
103200 12406 1 0
68281 9743 1 0
101963 94527 1 0
11447 11355 1 0
5584 12317 1 0
5148 2768 1 0
97053 9953 1 0
8846 4908 1 0
36556 20088 1 0
38636 17004 1 0
85619 73931 1 0
61202 97053 1 0
101785 1538 1 0
3390 56045 1 0
694 104326 1 0
12116 26370 1 0
32119 14657 1 0
12704 41232 1 0
105102 24696 1 0
56326 48958 1 0
97663 101221 1 0
10731 13222 1 0
6839 49892 1 0
98071 105716 1 0
7016 32301 1 0
13284 102435 1 0
3740 10296 1 0
97155 45237 1 0
17004 103792 1 0
41315 12565 1 0
10692 7216 1 0
13284 25837 1 0
9953 41128 1 0
55573 100804 1 0
93579 1186 1 0
102398 72781 1 0
41204 41175 1 0
97901 26850 1 0
76035 41509 1 0
12424 7134 1 0
12539 24696 1 0
8514 71813 1 0
70530 4822 1 0
41157 23503 1 0
94592 97901 1 0
12539 8611 1 0
100400 39688 1 0
25431 106498 1 0
59425 8676 1 0
91747 72781 1 0
9558 44229 1 0
8699 22774 1 0
5192 36127 1 0
26209 106498 1 0
8825 41332 1 0
5848 60225 1 0
10822 68102 1 0
2208 56045 1 0
48958 15813 1 0
3759 45429 1 0
11546 26370 1 0
15064 41613 1 0
9953 28288 1 0
10897 3921 1 0
8392 48958 1 0
1715 3305 1 0
5977 8015 1 0
71654 45658 1 0
102272 35107 1 0
41528 36440 1 0
98006 20133 1 0
37290 105932 1 0
41218 41628 1 0
3921 103346 1 0
17209 8169 1 0
10374 96848 1 0
2768 19820 1 0
102504 104342 1 0
16808 54154 1 0
13499 105573 1 0
5148 98210 1 0
28288 77406 1 0
9125 3390 1 0
10452 55592 1 0
101785 6619 1 0
7038 12917 1 0
24696 16690 1 0
105538 13361 1 0
25148 25583 1 0
9868 78573 1 0
10749 41613 1 0
50570 100534 1 0
96569 17258 1 0
42344 6096 1 0
11394 17040 1 0
61217 104937 1 0
11887 11151 1 0
95407 16121 1 0
41061 6156 1 0
12834 43683 1 0
32301 41232 1 0
13472 65982 1 0
8292 7857 1 0
4531 9914 1 0
14657 68661 1 0
9868 103614 1 0
3877 5848 1 0
19394 93321 1 0
91562 99517 1 0
20695 104035 1 0
91657 12815 1 0
1041 100439 1 0
19820 6002 1 0
20535 8653 1 0
73023 9786 1 0
103792 12704 1 0
38442 11394 1 0
7925 102151 1 0
12539 22682 1 0
105496 93881 1 0
69396 6383 1 0
97663 68408 1 0
100111 12116 1 0
14657 8797 1 0
8825 98071 1 0
17040 8292 1 0
103214 10351 1 0
105447 14692 1 0
16140 18601 1 0
99121 32173 1 0
102623 96613 1 0
10710 100037 1 0
55826 15519 1 0
100243 36440 1 0
13499 1942 1 0
25431 40788 1 0
8551 68102 1 0
8266 7594 1 0
35852 9971 1 0
68160 41613 1 0
102504 96158 1 0
17436 102504 1 0
8921 3759 1 0
6156 9830 1 0
11962 47801 1 0
105266 5848 1 0
32301 6174 1 0
36024 12565 1 0
99666 4822 1 0
97901 4449 1 0
9810 14726 1 0
9536 99432 1 0
69432 12460 1 0
9424 97155 1 0
11868 12679 1 0
5361 41095 1 0
101006 104937 1 0
4531 14904 1 0
95588 8699 1 0
32173 8950 1 0
101250 4879 1 0
6576 105623 1 0
102466 10095 1 0
23348 10710 1 0
7295 5361 1 0
3587 101342 1 0
36127 22159 1 0
35852 98945 1 0
101319 72781 1 0
4879 41599 1 0
105716 105956 1 0
106498 61217 1 0
103614 95420 1 0
32694 13123 1 0
27337 20847 1 0
3611 97663 1 0
98071 93299 1 0
92243 50595 1 0
68102 15715 1 0
99593 3515 1 0
6860 19437 1 0
17077 101757 1 0
5254 12991 1 0
45237 11962 1 0
96848 10296 1 0
1830 2834 1 0
101171 8863 1 0
32252 73023 1 0
25431 8169 1 0
22682 7821 1 0
98796 9810 1 0
41496 2768 1 0
45658 11151 1 0
1688 40914 1 0
103722 96158 1 0
32694 9953 1 0
100338 41030 1 0
94117 9125 1 0
9242 12317 1 0
56460 27466 1 0
31106 15932 1 0
10508 11447 1 0
86585 11415 1 0
40469 1942 1 0
102623 12834 1 0
17077 25431 1 0
91462 102504 1 0
6966 94527 1 0
8266 100893 1 0
16121 694 1 0
6553 93321 1 0
15376 20515 1 0
44757 61217 1 0
11819 41584 1 0
59848 86585 1 0
9674 44014 1 0
99432 99640 1 0
105716 56566 1 0
104035 44014 1 0
15156 5584 1 0
102398 6915 1 0
12917 6116 1 0
86585 7702 1 0
12317 32173 1 0
25583 40788 1 0
7465 69396 1 0
58181 9536 1 0
41061 41350 1 0
17004 104052 1 0
20065 91591 1 0
6134 40750 1 0
10652 8115 1 0
105649 12960 1 0
95219 100643 1 0
43683 39688 1 0
3139 12424 1 0
25837 81878 1 0
7216 16928 1 0
23348 10731 1 0
97650 6553 1 0
41613 23398 1 0
22682 41528 1 0
45753 73023 1 0
5742 56460 1 0
105025 15715 1 0
27466 96963 1 0
100338 103200 1 0
91747 8981 1 0
59555 9558 1 0
57953 68218 1 0
14158 39026 1 0
9786 26850 1 0
9762 61217 1 0
794 10933 1 0
8797 24763 1 0
2768 43942 1 0
20653 10933 1 0
97168 15552 1 0
102435 43942 1 0
4087 56109 1 0
95811 9971 1 0
98894 69396 1 0
43942 8825 1 0
106365 55826 1 0
101342 76035 1 0
40750 48958 1 0
23348 16874 1 0
3921 104326 1 0
27337 3275 1 0
20460 97477 1 0
7383 98653 1 0
5848 4423 1 0
3921 32694 1 0
91294 16620 1 0
6206 62152 1 0
24696 5792 1 0
13240 106212 1 0
12152 8653 1 0
10710 6156 1 0
9536 35645 1 0
100773 94026 1 0
101319 93765 1 0
3217 11322 1 0
10351 9674 1 0
16985 45658 1 0
67519 14824 1 0
97663 105538 1 0
97120 35852 1 0
12834 3092 1 0
37290 100510 1 0
17040 95420 1 0
27337 6702 1 0
7313 68408 1 0
13156 9762 1 0
100338 105716 1 0
45840 6992 1 0
9674 20342 1 0
19091 56045 1 0
1267 101171 1 0
95420 45879 1 0
11819 1572 1 0
20535 55396 1 0
9743 4423 1 0
101006 11941 1 0
8436 2989 1 0
9810 105932 1 0
99593 55573 1 0
99666 20847 1 0
11447 11754 1 0
99855 14135 1 0
26209 103027 1 0
102200 106498 1 0
7465 41398 1 0
17258 3092 1 0
102435 11715 1 0
27466 59376 1 0
14842 70530 1 0
91451 45237 1 0
27384 41128 1 0
20847 13472 1 0
18051 99640 1 0
103614 1830 1 0
12815 16121 1 0
8699 41398 1 0
69396 14692 1 0
10452 41075 1 0
33148 5792 1 0
12134 11228 1 0
13472 92243 1 0
13435 102504 1 0
100773 105687 1 0
87422 15376 1 0
75552 20402 1 0
9424 8676 1 0
13123 3807 1 0
13499 19437 1 0
101899 57389 1 0
9810 9060 1 0
25348 16620 1 0
41398 98210 1 0
6174 6282 1 0
4087 56566 1 0
15552 11887 1 0
105102 77343 1 0
8699 96627 1 0
19155 41369 1 0
70530 77343 1 0
69783 11843 1 0
11887 8533 1 0
17436 105573 1 0
16928 68160 1 0
3139 102200 1 0
3740 12991 1 0
41075 20460 1 0
94527 57096 1 0
12116 14885 1 0
99640 11941 1 0
18601 105877 1 0
12960 50421 1 0
69783 4988 1 0
3433 4908 1 0
46266 4497 1 0
78573 4908 1 0
25837 8514 1 0
74021 101342 1 0
17077 1942 1 0
69206 13337 1 0
103487 23129 1 0
102733 11902 1 0
41075 25431 1 0
6645 12317 1 0
15932 11798 1 0
97920 65982 1 0
41075 48375 1 0
11843 96262 1 0
72293 20515 1 0
100643 68939 1 0
8797 91451 1 0
6860 9268 1 0
4582 10250 1 0
2745 100773 1 0
100510 741 1 0
13435 6941 1 0
102200 38442 1 0
13499 93321 1 0
14178 12424 1 0
6304 96158 1 0
16711 29596 1 0
99640 6174 1 0
99855 41350 1 0
100400 96262 1 0
9786 5640 1 0
5886 105266 1 0
26370 98894 1 0
4988 20579 1 0
7962 35107 1 0
25837 91562 1 0
38636 11754 1 0
50252 13156 1 0
98021 8266 1 0
99640 8551 1 0
1740 91747 1 0
100037 12116 1 0
9810 22682 1 0
78573 97663 1 0
41509 5065 1 0
39026 72334 1 0
41075 14618 1 0
4988 91546 1 0
9220 23129 1 0
55396 103214 1 0
97053 6839 1 0
105102 26209 1 0
20614 6282 1 0
105266 5254 1 0
12795 9060 1 0
100510 15519 1 0
76035 7113 1 0
93321 1267 1 0
13435 25431 1 0
8392 86585 1 0
27384 102733 1 0
97845 68102 1 0
106388 105649 1 0
10230 3690 1 0
95192 41232 1 0
15064 14158 1 0
8551 3410 1 0
104481 27466 1 0
20133 97845 1 0
19722 17436 1 0
30730 18292 1 0
13989 101194 1 0
10878 11484 1 0
41075 694 1 0
7857 102466 1 0
1740 8720 1 0
23398 40571 1 0
3807 8846 1 0
8352 16121 1 0
91294 9868 1 0
103448 7113 1 0
6156 104086 1 0
62849 102466 1 0
40788 6247 1 0
10878 4449 1 0
7134 22756 1 0
85619 13156 1 0
2414 55573 1 0
16928 15813 1 0
18601 11798 1 0
91451 3690 1 0
12317 10203 1 0
12917 55396 1 0
6595 18918 1 0
56566 101194 1 0
100338 100804 1 0
100750 70530 1 0
87387 105496 1 0
62046 98894 1 0
11819 23398 1 0
4908 8592 1 0
56566 10692 1 0
71813 10036 1 0
93765 12834 1 0
91694 73023 1 0
56045 42344 1 0
36440 97619 1 0
16620 9896 1 0
100848 8514 1 0
50595 31494 1 0
8634 6758 1 0
5977 13435 1 0
694 33455 1 0
46266 103027 1 0
34944 10230 1 0
18309 23348 1 0
101342 103792 1 0
98021 16620 1 0
2868 94592 1 0
8699 8352 1 0
103200 11306 1 0
8186 20579 1 0
29117 4474 1 0
6116 54287 1 0
50252 4474 1 0
102151 103614 1 0
104052 41175 1 0
93881 94855 1 0
79625 41061 1 0
40750 7821 1 0
7702 41128 1 0
10749 5148 1 0
55396 8699 1 0
32301 93579 1 0
6002 95205 1 0
5584 6860 1 0
69783 8148 1 0
8653 95588 1 0
20402 101250 1 0
11715 98653 1 0
6282 14885 1 0
95407 11447 1 0
100773 41175 1 0
105623 4582 1 0
95205 102151 1 0
93535 11715 1 0
99216 43683 1 0
99640 12134 1 0
62849 98653 1 0
57389 92046 1 0
33336 106246 1 0
8148 10296 1 0
93765 9380 1 0
4087 102398 1 0
93535 102504 1 0
99666 14904 1 0
55826 6839 1 0
81878 12442 1 0
57953 13240 1 0
25078 8098 1 0
105731 69432 1 0
12204 106431 1 0
2414 35645 1 0
103487 8950 1 0
1740 95766 1 0
16808 99517 1 0
99432 3390 1 0
12368 46067 1 0
27503 14692 1 0
44757 11754 1 0
45535 8699 1 0
4747 103200 1 0
16844 23348 1 0
98653 24696 1 0
61202 7882 1 0
9936 20614 1 0
95219 13435 1 0
98567 32252 1 0
16711 4449 1 0
11902 97619 1 0
12771 45753 1 0
11887 3690 1 0
12152 7113 1 0
8981 20133 1 0
21094 102504 1 0
105266 91747 1 0
69396 101899 1 0
10633 68408 1 0
12258 6228 1 0
5361 100338 1 0
3248 48375 1 0
17209 71438 1 0
5742 104481 1 0
8292 11715 1 0
102272 8699 1 0
21094 26370 1 0
41528 9830 1 0
1041 10230 1 0
8863 67519 1 0
6576 14601 1 0
93683 8950 1 0
7721 6619 1 0
6402 13030 1 0
69432 101319 1 0
22774 8921 1 0
104459 7702 1 0
100400 102733 1 0
17040 14710 1 0
106388 8846 1 0
16690 65150 1 0
13195 103639 1 0
10652 12204 1 0
23211 6512 1 0
5584 3139 1 0
15650 104533 1 0
103187 9653 1 0
101006 9971 1 0
9012 5110 1 0
6463 96700 1 0
99517 14216 1 0
96789 91591 1 0
12317 92243 1 0
106350 36127 1 0
45658 6463 1 0
12258 12348 1 0
23211 8015 1 0
8653 67519 1 0
3139 46067 1 0
20780 105102 1 0
8436 99640 1 0
7594 101757 1 0
4087 8653 1 0
14726 93657 1 0
13172 18309 1 0
87387 60225 1 0
6247 40750 1 0
6049 102623 1 0
44757 5886 1 0
8216 13284 1 0
8720 104086 1 0
9312 8676 1 0
5462 741 1 0
13381 27466 1 0
99593 38442 1 0
10822 98584 1 0
10897 73931 1 0
50595 57096 1 0
12442 8950 1 0
20460 94527 1 0
38442 95219 1 0
103141 62527 1 0
25201 7721 1 0
2868 100945 1 0
95766 10710 1 0
93657 96569 1 0
13499 100848 1 0
12116 7702 1 0
10897 91591 1 0
59848 99640 1 0
45429 98945 1 0
12096 13499 1 0
16140 3515 1 0
9762 93765 1 0
1942 12991 1 0
56326 17436 1 0
5913 61202 1 0
41128 4553 1 0
14787 104086 1 0
33455 10095 1 0
3410 27384 1 0
6915 61217 1 0
96262 12224 1 0
3275 9936 1 0
7821 13567 1 0
14216 41315 1 0
80292 9936 1 0
78573 97053 1 0
93321 95588 1 0
104086 9012 1 0
13156 104459 1 0
41398 9914 1 0
65150 100400 1 0
57953 15650 1 0
14766 7994 1 0
17040 101979 1 0
4988 59425 1 0
98210 10296 1 0
72293 101250 1 0
12224 10351 1 0
98653 35107 1 0
3826 20065 1 0
35852 11941 1 0
91462 10529 1 0
57096 6304 1 0
10878 3515 1 0
45552 8148 1 0
13337 20535 1 0
13361 12258 1 0
100848 14787 1 0
72293 9312 1 0
99121 11622 1 0
15932 7134 1 0
99444 100945 1 0
6002 17258 1 0
8323 19155 1 0
57239 5913 1 0
23398 10731 1 0
23348 95192 1 0
10391 33103 1 0
40750 17436 1 0
8098 8981 1 0
36127 8981 1 0
29117 17040 1 0
10122 2672 1 0
3358 99121 1 0
103141 4822 1 0
96613 6702 1 0
32301 92032 1 0
20065 6116 1 0
91694 65982 1 0
32301 12258 1 0
4582 41030 1 0
101006 36556 1 0
103841 49892 1 0
67831 14178 1 0
100037 97650 1 0
102200 29596 1 0
4747 5720 1 0
32800 69206 1 0
55592 3877 1 0
20460 1751 1 0
12406 7266 1 0
9674 94117 1 0
103214 41369 1 0
99216 68939 1 0
91546 103749 1 0
105102 105932 1 0
6282 41075 1 0
97053 41111 1 0
20088 93683 1 0
47801 99320 1 0
5848 6860 1 0
12424 41584 1 0
106431 41075 1 0
77406 5913 1 0
23211 106455 1 0
102151 12834 1 0
102398 10374 1 0
6619 91735 1 0
60225 4449 1 0
10508 43683 1 0
8551 16844 1 0
9293 104863 1 0
13435 61202 1 0
42344 2745 1 0
3826 10731 1 0
17040 44682 1 0
36556 68218 1 0
1572 13337 1 0
6282 46266 1 0
2768 11228 1 0
95407 91694 1 0
95891 43853 1 0
20695 17796 1 0
31106 97979 1 0
4747 19437 1 0
105956 102398 1 0
6758 102707 1 0
3807 34944 1 0
6096 12224 1 0
8797 96507 1 0
50252 32800 1 0
10230 8825 1 0
106212 95205 1 0
20535 10633 1 0
13123 13472 1 0
6228 14657 1 0
42344 3826 1 0
36127 32173 1 0
96627 47004 1 0
15715 16140 1 0
57389 104481 1 0
97053 19437 1 0
12565 1572 1 0
1942 22682 1 0
7038 100111 1 0
5701 103841 1 0
21094 4474 1 0
17359 41061 1 0
98653 19091 1 0
12539 13499 1 0
105102 55826 1 0
7702 68408 1 0
18918 46067 1 0
19155 105025 1 0
103187 11941 1 0
25583 104937 1 0
6839 12565 1 0
100804 20431 1 0
9914 40571 1 0
3358 94855 1 0
97845 40788 1 0
93881 3410 1 0
102623 100773 1 0
13361 3877 1 0
10933 95407 1 0
5462 20342 1 0
101250 5192 1 0
5381 59555 1 0
20579 12815 1 0
15715 11962 1 0
40914 93535 1 0
5214 101221 1 0
10549 14710 1 0
11962 79625 1 0
14135 28510 1 0
93657 7444 1 0
41332 100804 1 0
10933 91451 1 0
11546 20133 1 0
15064 35107 1 0
44682 5640 1 0
35852 97663 1 0
101963 99395 1 0
16140 100790 1 0
19394 93765 1 0
19394 12317 1 0
3358 106296 1 0
104481 101568 1 0
80292 106431 1 0
8436 91562 1 0
99640 25536 1 0
3248 98224 1 0
42344 1865 1 0
102504 12771 1 0
3921 13172 1 0
40914 91591 1 0
77343 45552 1 0
9810 41398 1 0
9674 98894 1 0
93299 33148 1 0
12917 5214 1 0
25348 101785 1 0
17359 15519 1 0
44014 101342 1 0
8015 55826 1 0
93579 3515 1 0
99432 1267 1 0
18309 100893 1 0
41128 10391 1 0
2989 6915 1 0
41315 101006 1 0
8514 44014 1 0
25536 13284 1 0
75552 69206 1 0
104342 38442 1 0
76035 8148 1 0
73931 102733 1 0
41218 106388 1 0
5148 41398 1 0
97120 18309 1 0
32252 101994 1 0
16711 2745 1 0
3248 41332 1 0
87387 106296 1 0
45879 102272 1 0
11941 10633 1 0
11902 11982 1 0
10374 33103 1 0
105538 67831 1 0
9576 14135 1 0
95891 106431 1 0
23503 6992 1 0
104937 65982 1 0
10095 15250 1 0
12539 6702 1 0
15519 10095 1 0
10915 99855 1 0
9786 56109 1 0
74021 8266 1 0
12317 19722 1 0
39688 5423 1 0
55396 13435 1 0
1572 72781 1 0
94026 103614 1 0
1740 94592 1 0
36024 9517 1 0
18051 9242 1 0
15650 5361 1 0
10529 13435 1 0
9424 103792 1 0
8169 5977 1 0
49892 31106 1 0
1538 103749 1 0
101568 102466 1 0
5848 11484 1 0
17004 68408 1 0
9012 58181 1 0
96158 4423 1 0
10933 14601 1 0
102398 7313 1 0
12096 6134 1 0
101056 8950 1 0
106212 12368 1 0
9786 33103 1 0
98584 7702 1 0
24763 102247 1 0
10549 95891 1 0
99517 57239 1 0
9060 15156 1 0
100243 101568 1 0
36127 20133 1 0
12368 12864 1 0
11172 5584 1 0
6941 101899 1 0
12991 4531 1 0
45552 7962 1 0
72334 38442 1 0
106455 6645 1 0
75552 20780 1 0
101006 15064 1 0
91546 103027 1 0
32694 11962 1 0
9424 6353 1 0
43683 10250 1 0
11447 5462 1 0
100243 105877 1 0
104920 9060 1 0
8720 13172 1 0
16140 45879 1 0
100804 6156 1 0
95766 75552 1 0
7465 5462 1 0
7906 5913 1 0
3410 104533 1 0
100166 14842 1 0
15015 59425 1 0
99320 36024 1 0
8292 103027 1 0
16874 104863 1 0
8216 16985 1 0
6174 6553 1 0
86585 12116 1 0
98021 6073 1 0
12052 3921 1 0
13240 96613 1 0
3139 103282 1 0
10479 54287 1 0
99320 13240 1 0
14235 87472 1 0
101785 4988 1 0
15064 14135 1 0
9674 32173 1 0
19091 41613 1 0
3217 6463 1 0
94117 14710 1 0
10804 7702 1 0
6116 1647 1 0
5192 55426 1 0
48958 15932 1 0
99517 14824 1 0
96871 10692 1 0
93926 12704 1 0
16844 103639 1 0
10710 40788 1 0
23503 76035 1 0
12442 44014 1 0
105850 17359 1 0
68661 46067 1 0
5640 10897 1 0
98584 96262 1 0
8115 96700 1 0
105623 11415 1 0
1715 74021 1 0
31106 9268 1 0
6134 20579 1 0
6402 26209 1 0
4605 97901 1 0
24149 101171 1 0
6002 61202 1 0
41528 8115 1 0
100400 12704 1 0
98210 97945 1 0
26850 104342 1 0
15250 6402 1 0
6402 6992 1 0
11622 6915 1 0
11228 12815 1 0
32119 98224 1 0
80292 9653 1 0
56566 3587 1 0
48375 4531 1 0
3611 11754 1 0
96262 43683 1 0
33148 99444 1 0
31494 20755 1 0
10670 7857 1 0
10731 67519 1 0
41432 46266 1 0
41613 16844 1 0
40914 20535 1 0
11902 16711 1 0
7594 99666 1 0
6487 93683 1 0
2414 8699 1 0
18601 68661 1 0
36127 12917 1 0
3410 13284 1 0
73931 95420 1 0
29596 41584 1 0
98945 99593 1 0
14692 92032 1 0
17359 9786 1 0
7216 41369 1 0
6487 5742 1 0
22756 103200 1 0
9830 17359 1 0
5148 99292 1 0
59376 8015 1 0
10804 92243 1 0
10374 5584 1 0
9868 102200 1 0
9576 6512 1 0
103027 5192 1 0
9971 5617 1 0
12258 103141 1 0
8352 20088 1 0
1267 32694 1 0
87387 3740 1 0
5720 96700 1 0
9242 7266 1 0
11484 11622 1 0
20614 14135 1 0
14235 99562 1 0
106296 3611 1 0
25431 105573 1 0
99121 10692 1 0
12152 97979 1 0
98610 8950 1 0
72334 50595 1 0
10841 41528 1 0
6282 20755 1 0
103200 10036 1 0
6839 61202 1 0
13306 15519 1 0
99855 96871 1 0
19820 104863 1 0
12565 8266 1 0
95205 20579 1 0
41496 93535 1 0
4879 100804 1 0
9762 7113 1 0
44014 1830 1 0
41218 6758 1 0
4531 99444 1 0
12348 34088 1 0
27337 101568 1 0
22774 102466 1 0
60225 45658 1 0
103214 50143 1 0
103027 95192 1 0
41111 4553 1 0
106350 33336 1 0
69432 25837 1 0
8797 56460 1 0
25148 25348 1 0
12834 14824 1 0
62849 101757 1 0
25536 46266 1 0
6402 103639 1 0
13337 45658 1 0
93299 98610 1 0
99432 6645 1 0
87422 41301 1 0
10529 7491 1 0
1538 11962 1 0
49892 102733 1 0
85619 62046 1 0
105731 1464 1 0
9724 6134 1 0
20695 99640 1 0
87472 19820 1 0
93535 58181 1 0
41432 44014 1 0
8653 32800 1 0
103012 72781 1 0
100643 3587 1 0
91562 25078 1 0
16711 95407 1 0
100400 7347 1 0
6353 24696 1 0
72293 91462 1 0
4201 8720 1 0
105850 100945 1 0
86585 54287 1 0
101006 10670 1 0
5381 13499 1 0
105687 44682 1 0
11962 13156 1 0
22774 15156 1 0
99395 12795 1 0
57096 99320 1 0
18051 694 1 0
103487 45879 1 0
105039 44757 1 0
3807 10804 1 0
102504 41175 1 0
8950 14216 1 0
19722 8514 1 0
10841 4449 1 0
103841 93926 1 0
99562 12679 1 0
97920 69783 1 0
9424 9470 1 0
93926 103722 1 0
8352 59425 1 0
1267 33455 1 0
99640 11819 1 0
11941 48958 1 0
97663 15376 1 0
97011 3759 1 0
55396 9743 1 0
98210 68218 1 0
91546 102151 1 0
694 8352 1 0
35107 8064 1 0
4449 93321 1 0
68160 94026 1 0
24783 20088 1 0
6073 96627 1 0
20342 27466 1 0
11715 17258 1 0
101963 101319 1 0
4201 45753 1 0
12348 8846 1 0
5742 2834 1 0
20431 17359 1 0
101994 7661 1 0
19722 85619 1 0
101221 41075 1 0
13435 5192 1 0
10933 12679 1 0
7347 794 1 0
7216 17796 1 0
41509 12917 1 0
102272 68408 1 0
100893 91747 1 0
92243 15519 1 0
103487 65736 1 0
95420 93579 1 0
105731 15715 1 0
10878 44229 1 0
41232 4553 1 0
3690 100773 1 0
17359 71813 1 0
9293 72781 1 0
22756 48958 1 0
69206 79625 1 0
16290 99444 1 0
6282 101171 1 0
15015 98006 1 0
7216 12565 1 0
32173 8634 1 0
14824 694 1 0
87422 12204 1 0
102733 8611 1 0
100534 9576 1 0
91562 3217 1 0
20653 6463 1 0
12991 11868 1 0
8863 42344 1 0
104052 8634 1 0
105496 10822 1 0
20133 14158 1 0
53837 11962 1 0
91735 45552 1 0
11394 100848 1 0
14158 45429 1 0
98704 48958 1 0
105877 17040 1 0
9868 97477 1 0
14216 105649 1 0
36127 7038 1 0
2414 101785 1 0
45658 1186 1 0
99640 101994 1 0
3139 48958 1 0
93926 16743 1 0
50595 16808 1 0
10452 100439 1 0
71654 100338 1 0
2208 101979 1 0
7721 14657 1 0
10479 87422 1 0
99666 105731 1 0
98224 20133 1 0
101319 3433 1 0
97011 93881 1 0
100893 45879 1 0
13337 97053 1 0
7491 87472 1 0
8064 8148 1 0
98704 6553 1 0
3759 11228 1 0
11172 9936 1 0
105649 6049 1 0
96569 101785 1 0
53837 9312 1 0
104920 67831 1 0
15376 100534 1 0
5381 19155 1 0
31106 95891 1 0
5913 5065 1 0
105716 60225 1 0
100643 101342 1 0
7038 11447 1 0
31494 94026 1 0
103282 9653 1 0
11484 54643 1 0
105716 14805 1 0
4553 57239 1 0
106455 32301 1 0
11484 8825 1 0
12368 104326 1 0
16928 9896 1 0
7962 15715 1 0
11902 91735 1 0
13337 11982 1 0
94117 95219 1 0
104326 91747 1 0
6282 105731 1 0
95073 8323 1 0
8352 4582 1 0
72293 1830 1 0
6353 9896 1 0
98071 97031 1 0
55573 106431 1 0
10250 44229 1 0
91735 10549 1 0
16157 45535 1 0
54287 8015 1 0
9012 25431 1 0
97168 9012 1 0
65736 105649 1 0
99855 4553 1 0
41584 12204 1 0
8634 105877 1 0
1715 96158 1 0
10878 25536 1 0
9424 18918 1 0
93579 4087 1 0
12917 69783 1 0
13472 19155 1 0
41599 105932 1 0
9868 20342 1 0
12960 68218 1 0
97120 106455 1 0
105336 11151 1 0
7661 6645 1 0
20402 7465 1 0
32119 96507 1 0
4908 71654 1 0
34088 99562 1 0
91735 54154 1 0
105956 5584 1 0
105573 7882 1 0
1715 13989 1 0
10122 102398 1 0
100643 5361 1 0
18601 102200 1 0
29596 9653 1 0
98210 13156 1 0
6156 104863 1 0
19394 36556 1 0
103722 91735 1 0
95192 7383 1 0
44757 8846 1 0
46266 8323 1 0
3390 102151 1 0
12834 55426 1 0
8699 96700 1 0
4879 9576 1 0
36024 101963 1 0
105447 17209 1 0
40914 73023 1 0
87387 48375 1 0
23398 10036 1 0
8292 97945 1 0
77406 9517 1 0
101006 103214 1 0
7113 8611 1 0
6228 105447 1 0
44014 12539 1 0
15156 14692 1 0
15650 9517 1 0
97979 10296 1 0
7925 11151 1 0
6992 4908 1 0
10529 9536 1 0
8551 38442 1 0
11868 10508 1 0
10508 9242 1 0
3358 13499 1 0
2672 43683 1 0
94527 9914 1 0
9914 99292 1 0
33455 12406 1 0
68408 10710 1 0
13030 73931 1 0
41509 60225 1 0
45753 18051 1 0
2672 22756 1 0
2708 78573 1 0
1647 3611 1 0
6839 104863 1 0
103841 17359 1 0
6096 5720 1 0
15715 3139 1 0
96507 9953 1 0
46067 103200 1 0
43942 36024 1 0
87422 56431 1 0
14885 92032 1 0
97663 12679 1 0
92243 11151 1 0
9470 97477 1 0
48958 12460 1 0
44014 79625 1 0
12960 2672 1 0
11172 75552 1 0
71438 95407 1 0
13567 8797 1 0
14710 105538 1 0
5361 41332 1 0
14766 10411 1 0
23129 102435 1 0
8950 8921 1 0
1267 72293 1 0
93881 5462 1 0
103200 100243 1 0
45429 12258 1 0
10391 95192 1 0
24696 106365 1 0
10652 25078 1 0
11941 62046 1 0
33455 7313 1 0
14235 17209 1 0
3921 81878 1 0
99517 13522 1 0
10822 17436 1 0
36024 10710 1 0
91462 20755 1 0
4423 8699 1 0
98796 26815 1 0
6915 80292 1 0
96262 5742 1 0
87422 103346 1 0
101056 53837 1 0
5848 14158 1 0
101785 100848 1 0
69432 98210 1 0
100790 56431 1 0
41095 96963 1 0
55396 97477 1 0
5617 40571 1 0
99216 57953 1 0
4531 1538 1 0
99320 12460 1 0
10933 100773 1 0
103487 13172 1 0
100338 105687 1 0
4474 8921 1 0
106365 96848 1 0
10841 5584 1 0
7594 99640 1 0
9558 95407 1 0
101785 105266 1 0
41030 11172 1 0
15650 1572 1 0
3826 8514 1 0
1186 4582 1 0
68661 1538 1 0
11941 101994 1 0
28288 4964 1 0
38442 101250 1 0
98610 14601 1 0
87408 25078 1 0
101963 95407 1 0
6915 9953 1 0
11355 14904 1 0
13140 94117 1 0
41061 105266 1 0
100037 93535 1 0
11322 59376 1 0
11322 14692 1 0
103614 97901 1 0
12096 11322 1 0
101319 1865 1 0
41218 85619 1 0
20535 38636 1 0
96700 32119 1 0
6992 6619 1 0
103722 5792 1 0
9953 8901 1 0
38636 23348 1 0
6282 94527 1 0
10731 8634 1 0
91462 7721 1 0
105932 694 1 0
7313 2834 1 0
14692 10095 1 0
17359 99562 1 0
4908 17040 1 0
101785 96871 1 0
105336 20535 1 0
9060 104459 1 0
25431 102398 1 0
11735 98796 1 0
46266 105956 1 0
11172 106431 1 0
41175 41301 1 0
3275 104937 1 0
5036 4582 1 0
102151 105932 1 0
23398 9786 1 0
45658 9312 1 0
95219 78573 1 0
8634 10059 1 0
41528 106498 1 0
15932 3650 1 0
7857 7994 1 0
47801 106498 1 0
6702 39026 1 0
75552 6096 1 0
9810 20653 1 0
1942 91451 1 0
95073 9971 1 0
44229 6966 1 0
7491 97901 1 0
13240 7465 1 0
7038 10452 1 0
96963 11546 1 0
8825 11962 1 0
7994 4201 1 0
7134 68939 1 0
72781 5913 1 0
41584 8533 1 0
1186 99444 1 0
5254 9786 1 0
105025 14766 1 0
103346 8950 1 0
100945 3217 1 0
97945 97053 1 0
5977 6992 1 0
102247 12204 1 0
18918 93535 1 0
12991 95588 1 0
8720 16808 1 0
10710 95420 1 0
794 32694 1 0
105687 68102 1 0
40750 7134 1 0
41075 8863 1 0
7906 105877 1 0
6915 9380 1 0
7016 19155 1 0
15250 9380 1 0
13472 91657 1 0
6860 19820 1 0
70530 6437 1 0
10822 5214 1 0
6619 105102 1 0
8015 3358 1 0
73023 24783 1 0
92046 104052 1 0
3759 104459 1 0
8676 32173 1 0
11322 103749 1 0
92243 44757 1 0
45237 20065 1 0
48958 72334 1 0
6402 41599 1 0
41301 59848 1 0
11902 103282 1 0
9125 8676 1 0
13989 41398 1 0
12406 105716 1 0
18051 65150 1 0
93926 25201 1 0
6206 15715 1 0
41095 95205 1 0
10897 3759 1 0
91294 50595 1 0
68661 12204 1 0
4605 59376 1 0
13435 6002 1 0
103749 1572 1 0
13222 34088 1 0
23503 12348 1 0
1647 105932 1 0
59425 16620 1 0
11172 91451 1 0
6116 39688 1 0
94592 93657 1 0
100166 12460 1 0
6002 45840 1 0
31106 93926 1 0
100243 10036 1 0
45658 105623 1 0
95073 102504 1 0
97053 62527 1 0
104342 5214 1 0
3139 69396 1 0
101250 36127 1 0
98653 101963 1 0
94026 5720 1 0
13567 25837 1 0
19394 9312 1 0
103214 91451 1 0
100400 11941 1 0
6645 3952 1 0
26850 105623 1 0
87472 6247 1 0
100773 14692 1 0
4908 31494 1 0
95219 12539 1 0
10878 16743 1 0
104326 100037 1 0
6228 93321 1 0
9936 11151 1 0
103141 13989 1 0
7994 17077 1 0
69396 103012 1 0
54154 6156 1 0
102435 91747 1 0
13989 69206 1 0
45753 14135 1 0
106212 20133 1 0
50143 95073 1 0
98021 10897 1 0
32173 96871 1 0
87422 15650 1 0
91451 77343 1 0
3433 16808 1 0
20065 41111 1 0
100804 10122 1 0
9762 71654 1 0
13140 16985 1 0
16711 105687 1 0
41528 6702 1 0
100400 13361 1 0
11622 96963 1 0
5148 6353 1 0
25078 104375 1 0
38636 103027 1 0
10452 50421 1 0
102707 25148 1 0
2708 80292 1 0
55426 100945 1 0
57953 11151 1 0
105956 95811 1 0
44682 12224 1 0
99444 9312 1 0
87408 67519 1 0
97477 25583 1 0
106246 62152 1 0
101319 13240 1 0
62849 75552 1 0
62849 81878 1 0
11415 4908 1 0
100750 29596 1 0
71813 26209 1 0
36024 105877 1 0
9702 91916 1 0
14637 14216 1 0
5507 36127 1 0
12406 4908 1 0
1688 14904 1 0
96262 98894 1 0
25837 94026 1 0
12960 13989 1 0
41432 93299 1 0
105573 73023 1 0
50570 104375 1 0
15795 10411 1 0
19820 7882 1 0
105649 12917 1 0
27503 5214 1 0
50421 9293 1 0
93926 97845 1 0
5913 14710 1 0
41398 7444 1 0
98006 103214 1 0
8436 8148 1 0
27337 7016 1 0
101568 12991 1 0
10633 10230 1 0
41332 101785 1 0
99395 41628 1 0
87408 9830 1 0
12204 102707 1 0
103841 12052 1 0
40571 6353 1 0
45753 3515 1 0
100400 11754 1 0
10250 18601 1 0
45237 40914 1 0
95588 6353 1 0
794 105623 1 0
5720 41128 1 0
13522 7134 1 0
98610 44014 1 0
8551 3807 1 0
71654 79625 1 0
99855 72334 1 0
8797 9517 1 0
10933 9536 1 0
22682 94117 1 0
8015 8292 1 0
1572 45879 1 0
17796 97053 1 0
3217 72781 1 0
44014 12096 1 0
97053 2208 1 0
9953 39026 1 0
33455 8950 1 0
68281 20402 1 0
41030 98021 1 0
10203 16711 1 0
7113 68160 1 0
7747 56326 1 0
45552 106246 1 0
104342 14135 1 0
5640 39026 1 0
72334 10059 1 0
87422 19155 1 0
2708 7702 1 0
10452 9424 1 0
9971 100848 1 0
3807 55396 1 0
74021 17004 1 0
104533 9220 1 0
14158 100643 1 0
5913 11322 1 0
10670 6992 1 0
6595 30730 1 0
16711 11962 1 0
10804 12424 1 0
14805 11172 1 0
1942 55573 1 0
12815 7594 1 0
40571 7821 1 0
42344 72293 1 0
41204 55426 1 0
7266 20133 1 0
20342 57239 1 0
102330 10059 1 0
98567 25583 1 0
106455 60225 1 0
14235 6463 1 0
99562 41075 1 0
3690 13123 1 0
95766 36127 1 0
45840 101994 1 0
2369 99666 1 0
33103 105336 1 0
2768 11715 1 0
59376 5462 1 0
11622 5617 1 0
72334 32173 1 0
4988 6512 1 0
101171 102466 1 0
4988 12317 1 0
16690 8720 1 0
14787 65150 1 0
11902 103525 1 0
24696 41584 1 0
1688 13123 1 0
47801 9424 1 0
41175 50595 1 0
103187 14216 1 0
102623 6304 1 0
6941 7857 1 0
42344 11686 1 0
105039 2868 1 0
104326 19820 1 0
11962 8323 1 0
10731 13306 1 0
41528 101194 1 0
10652 41157 1 0
13172 1740 1 0
44014 36024 1 0
11887 27466 1 0
26370 24149 1 0
11484 8514 1 0
98210 106296 1 0
54154 32173 1 0
97120 6966 1 0
97650 103214 1 0
105336 21094 1 0
78573 100534 1 0
38442 14726 1 0
77343 10529 1 0
10731 8436 1 0
106498 14601 1 0
8098 15156 1 0
3740 103012 1 0
9724 15650 1 0
97650 68218 1 0
25201 33148 1 0
68281 14637 1 0
104052 87422 1 0
102200 23211 1 0
9268 16157 1 0
6116 10411 1 0
7383 5254 1 0
43853 11819 1 0
11228 14135 1 0
10878 6049 1 0
41584 6463 1 0
14235 97031 1 0
91916 14824 1 0
41584 95205 1 0
14158 94117 1 0
79625 41599 1 0
60225 3390 1 0
95891 94592 1 0
41175 105538 1 0
8592 25201 1 0
11447 9786 1 0
97901 9830 1 0
6941 12771 1 0
96700 50595 1 0
5617 41301 1 0
41128 12442 1 0
103525 12348 1 0
68160 9724 1 0
6174 99395 1 0
104086 34088 1 0
97979 93299 1 0
9012 24149 1 0
9493 25348 1 0
4879 59848 1 0
8901 48958 1 0
8169 12424 1 0
10822 32694 1 0
11887 10710 1 0
1538 34088 1 0
22159 95205 1 0
94026 20847 1 0
10059 91294 1 0
8720 44682 1 0
97920 91451 1 0
99593 98894 1 0
3877 14235 1 0
68939 105025 1 0
3217 19437 1 0
17359 5640 1 0
794 11798 1 0
105496 41095 1 0
6002 7216 1 0
1041 98567 1 0
77343 45429 1 0
100773 16711 1 0
56460 13522 1 0
9724 10391 1 0
68939 41175 1 0
12134 25583 1 0
98584 8901 1 0
6702 20695 1 0
101006 105850 1 0
92046 13195 1 0
73023 68160 1 0
20535 100037 1 0
27503 103346 1 0
41398 47004 1 0
10374 9830 1 0
20133 56045 1 0
10479 5462 1 0
15250 8592 1 0
26815 14787 1 0
103187 8115 1 0
13306 98224 1 0
96789 1538 1 0
15250 20695 1 0
3433 10933 1 0
13472 16985 1 0
55396 50421 1 0
41369 5848 1 0
14787 99320 1 0
73023 9493 1 0
8611 104035 1 0
12204 11735 1 0
98210 7925 1 0
6576 59376 1 0
14710 15552 1 0
105850 7038 1 0
56326 98567 1 0
21094 3275 1 0
99444 56326 1 0
105538 95407 1 0
6206 97650 1 0
7702 4605 1 0
6966 56045 1 0
62046 741 1 0
25837 23348 1 0
13284 18309 1 0
16157 41509 1 0
10095 3826 1 0
12424 10479 1 0
97979 4964 1 0
5640 104459 1 0
18292 100773 1 0
20653 14135 1 0
5640 8015 1 0
8392 20579 1 0
9810 9830 1 0
99855 11151 1 0
87387 8634 1 0
41315 99432 1 0
7465 105039 1 0
97663 105956 1 0
7295 6174 1 0
95073 59848 1 0
3217 9936 1 0
106388 103487 1 0
77343 3952 1 0
14710 41218 1 0
102504 11322 1 0
8115 87387 1 0
10411 91916 1 0
94855 4605 1 0
14657 8148 1 0
12224 4201 1 0
12368 56460 1 0
100945 741 1 0
18309 1751 1 0
106365 5913 1 0
10452 101171 1 0
2989 2672 1 0
95205 85619 1 0
105623 12991 1 0
95205 6941 1 0
5617 97736 1 0
26370 8611 1 0
50252 69396 1 0
20847 5662 1 0
43853 3587 1 0
2768 1538 1 0
5214 11415 1 0
7038 8981 1 0
12406 102466 1 0
19394 17796 1 0
13222 35852 1 0
94855 56045 1 0
1647 5792 1 0
9786 12224 1 0
65150 3560 1 0
11415 7594 1 0
35645 41398 1 0
98796 11228 1 0
80292 77406 1 0
7491 3740 1 0
3217 10549 1 0
72781 7994 1 0
14805 4582 1 0
7266 3433 1 0
5214 73931 1 0
25837 4474 1 0
14710 13156 1 0
14726 97945 1 0
7383 10933 1 0
8901 12834 1 0
16121 87422 1 0
103639 61202 1 0
5913 6702 1 0
1830 31494 1 0
91562 23129 1 0
25201 41613 1 0
9268 59425 1 0
10670 4605 1 0
99292 12960 1 0
87472 41509 1 0
103841 102330 1 0
13435 12795 1 0
33103 62849 1 0
104481 21094 1 0
73023 95420 1 0
87472 6576 1 0
9380 6576 1 0
72334 9312 1 0
49892 13195 1 0
13284 36127 1 0
79625 41301 1 0
12771 37868 1 0
9517 10351 1 0
11902 23276 1 0
12317 40914 1 0
95192 9060 1 0
54154 13030 1 0
15519 103525 1 0
13567 98704 1 0
104481 5192 1 0
97945 4449 1 0
105716 8064 1 0
13435 14766 1 0
98006 7216 1 0
6228 57953 1 0
3759 42344 1 0
4988 3921 1 0
22159 26850 1 0
57953 7113 1 0
9536 10692 1 0
16690 45753 1 0
1751 97619 1 0
102398 93765 1 0
12834 16157 1 0
6174 2989 1 0
87472 9762 1 0
68102 7216 1 0
103722 4531 1 0
62527 36127 1 0
9953 98610 1 0
78573 12442 1 0
7962 14158 1 0
94855 20088 1 0
22756 68281 1 0
103346 20847 1 0
6512 97053 1 0
100848 14637 1 0
96963 76035 1 0
14235 55573 1 0
6860 4908 1 0
40571 5015 1 0
10633 11902 1 0
10692 44682 1 0
101006 105039 1 0
8592 19091 1 0
12116 29596 1 0
6402 101319 1 0
34088 10731 1 0
100643 47801 1 0
14618 3740 1 0
3952 68408 1 0
103614 15156 1 0
12152 98006 1 0
71438 36127 1 0
14824 8981 1 0
694 32800 1 0
103792 98006 1 0
97920 62849 1 0
5848 8825 1 0
4474 96551 1 0
27337 79625 1 0
76035 103214 1 0
20342 15064 1 0
13522 1865 1 0
97053 5913 1 0
100338 59848 1 0
12116 8064 1 0
11622 86585 1 0
17359 8754 1 0
15519 55592 1 0
3952 39688 1 0
98071 7347 1 0
1647 106365 1 0
68160 4582 1 0
102200 10059 1 0
102435 19155 1 0
105731 44229 1 0
44229 13381 1 0
98610 14787 1 0
33336 104326 1 0
93657 8981 1 0
71654 101899 1 0
8846 43942 1 0
10095 7491 1 0
6941 11394 1 0
98894 41613 1 0
102151 41584 1 0
741 13306 1 0
95588 40914 1 0
106431 25201 1 0
40750 27503 1 0
6798 8901 1 0
10059 8323 1 0
8392 40469 1 0
8825 104920 1 0
34944 14805 1 0
18292 98584 1 0
11798 62527 1 0
72293 102200 1 0
95407 41075 1 0
102398 36556 1 0
10897 93683 1 0
3139 16121 1 0
15932 21094 1 0
8533 105731 1 0
5507 91657 1 0
23129 6966 1 0
33455 7295 1 0
4449 11415 1 0
9312 9896 1 0
20133 11902 1 0
87408 10897 1 0
101006 5036 1 0
41175 13222 1 0
15519 5192 1 0
100400 7266 1 0
12348 5720 1 0
11843 37868 1 0
8825 7347 1 0
7594 40469 1 0
11228 33148 1 0
9810 7266 1 0
45753 99320 1 0
22682 9724 1 0
10122 91462 1 0
15795 100338 1 0
99666 26850 1 0
8352 65982 1 0
41496 105447 1 0
7925 44014 1 0
12815 15015 1 0
28510 41528 1 0
39026 98210 1 0
70530 36440 1 0
99216 3560 1 0
20342 13361 1 0
6860 10749 1 0
3921 20535 1 0
105956 99121 1 0
65982 13522 1 0
41369 99517 1 0
46266 54643 1 0
102330 3358 1 0
1186 47004 1 0
41613 3587 1 0
5720 104459 1 0
1538 44014 1 0
99517 36556 1 0
105716 105336 1 0
96627 3139 1 0
10933 10878 1 0
48375 14726 1 0
55013 6512 1 0
6096 9810 1 0
17258 101056 1 0
14824 68160 1 0
55826 41599 1 0
103214 14158 1 0
14904 91916 1 0
103027 97650 1 0
14135 67831 1 0
10804 97901 1 0
8592 97650 1 0
41111 6553 1 0
5662 5848 1 0
106498 7465 1 0
67831 91546 1 0
4605 23398 1 0
7347 103027 1 0
7544 41075 1 0
62046 102272 1 0
41496 102466 1 0
20065 794 1 0
12460 41496 1 0
42344 16620 1 0
20515 5977 1 0
102504 1538 1 0
6487 10296 1 0
2868 5015 1 0
8352 4747 1 0
20847 100439 1 0
44229 101979 1 0
11355 96627 1 0
98945 96789 1 0
14601 103639 1 0
20088 41157 1 0
41432 8514 1 0
25078 4582 1 0
103187 17209 1 0
100037 11172 1 0
6437 20515 1 0
16808 1865 1 0
101757 105716 1 0
15015 10391 1 0
97011 13435 1 0
3248 16121 1 0
45658 23503 1 0
4474 98704 1 0
12815 106212 1 0
98945 1942 1 0
104863 11355 1 0
44014 15519 1 0
40788 94026 1 0
96158 105538 1 0
106498 41301 1 0
81878 8863 1 0
9380 69206 1 0
26209 68281 1 0
13240 4497 1 0
104459 101568 1 0
3740 43853 1 0
103027 45658 1 0
106431 11715 1 0
10203 11798 1 0
2672 8064 1 0
12771 20065 1 0
3248 6304 1 0
41111 87387 1 0
6116 104481 1 0
45552 7925 1 0
3740 11447 1 0
87472 62046 1 0
3305 97619 1 0
9762 12317 1 0
8436 11622 1 0
10710 98071 1 0
12317 34088 1 0
99432 69206 1 0
5640 105649 1 0
53837 9914 1 0
69432 6860 1 0
59555 98224 1 0
11394 12917 1 0
7016 7661 1 0
35107 32252 1 0
57239 6702 1 0
87472 1942 1 0
7994 37290 1 0
20515 68939 1 0
98567 12991 1 0
15795 9012 1 0
4423 20695 1 0
97901 97619 1 0
12096 16157 1 0
91735 102707 1 0
13123 40914 1 0
58181 101319 1 0
87472 104533 1 0
45552 7857 1 0
12406 32173 1 0
7925 41315 1 0
41030 68661 1 0
8863 24696 1 0
14805 41204 1 0
59425 13030 1 0
5324 41175 1 0
1942 5381 1 0
20847 105623 1 0
41528 10351 1 0
97901 91591 1 0
12052 100893 1 0
32301 12679 1 0
97477 72781 1 0
10692 10203 1 0
11982 54643 1 0
95219 67831 1 0
11887 96700 1 0
97031 5065 1 0
3217 10670 1 0
6247 41432 1 0
45753 106455 1 0
9971 6282 1 0
98210 6304 1 0
14601 101994 1 0
10670 1041 1 0
20133 45840 1 0
56566 27503 1 0
98071 13172 1 0
8148 7544 1 0
13381 100643 1 0
6073 10915 1 0
11868 104863 1 0
41030 56109 1 0
100400 7313 1 0
61202 57389 1 0
9674 41175 1 0
99593 77406 1 0
4087 99216 1 0
100243 91916 1 0
11941 87472 1 0
6304 1464 1 0
40750 15552 1 0
41061 72781 1 0
97663 10391 1 0
17258 20402 1 0
50252 41175 1 0
1942 101221 1 0
32119 12539 1 0
100338 1942 1 0
98610 45535 1 0
2414 7721 1 0
93683 97650 1 0
12368 98945 1 0
11819 8064 1 0
4747 9896 1 0
6619 106296 1 0
16711 13156 1 0
9268 11355 1 0
103012 98704 1 0
96871 12424 1 0
6463 106455 1 0
14601 103722 1 0
96551 8392 1 0
102435 6049 1 0
6839 13499 1 0
50252 36024 1 0
45879 18601 1 0
7134 72334 1 0
47801 15932 1 0
8846 46266 1 0
40788 13522 1 0
12052 37290 1 0
1464 55013 1 0
7906 62152 1 0
2868 14692 1 0
99666 14726 1 0
8720 5324 1 0
10652 76035 1 0
91694 102272 1 0
71813 10250 1 0
103614 7216 1 0
91294 8216 1 0
103722 7544 1 0
6512 9896 1 0
5254 8611 1 0
13306 9517 1 0
25837 8436 1 0
7465 32252 1 0
41061 55426 1 0
41599 19722 1 0
41528 13522 1 0
20535 3275 1 0
12152 8863 1 0
106388 12134 1 0
69206 103749 1 0
56566 8266 1 0
10374 95891 1 0
103722 13989 1 0
5720 56045 1 0
12317 8533 1 0
96646 11819 1 0
9424 8551 1 0
75552 5015 1 0
3433 12442 1 0
23129 103282 1 0
48958 10296 1 0
44757 99432 1 0
12052 104035 1 0
50595 8148 1 0
106365 95766 1 0
58181 41350 1 0
22756 1830 1 0
19722 28288 1 0
7216 7544 1 0
11447 3921 1 0
98224 44014 1 0
56045 13030 1 0
5324 104533 1 0
7295 96507 1 0
87422 91657 1 0
694 7721 1 0
99121 102504 1 0
1688 12539 1 0
4474 5254 1 0
3515 20579 1 0
6553 20847 1 0
10549 13195 1 0
10452 87387 1 0
41496 93579 1 0
33103 41061 1 0
19155 12052 1 0
95588 94855 1 0
95420 16620 1 0
94026 7994 1 0
101221 11394 1 0
3358 8846 1 0
38442 46067 1 0
9762 59848 1 0
101785 103639 1 0
101979 5192 1 0
97901 72334 1 0
7857 26850 1 0
11355 99593 1 0
7821 104326 1 0
25583 45535 1 0
101963 3611 1 0
6512 71438 1 0
12317 2672 1 0
32252 5462 1 0
41204 12834 1 0
5886 1740 1 0
6553 65982 1 0
16808 102151 1 0
45552 67831 1 0
35645 30730 1 0
77343 10250 1 0
2708 41030 1 0
6463 8292 1 0
41204 8921 1 0
36024 12134 1 0
12679 100534 1 0
6282 68102 1 0
23503 5617 1 0
6247 35107 1 0
55826 45879 1 0
29117 14787 1 0
6576 56460 1 0
47004 5507 1 0
20579 96262 1 0
105716 9380 1 0
10710 17436 1 0
13435 6156 1 0
36440 67831 1 0
14235 10508 1 0
103639 17040 1 0
5977 17209 1 0
55826 6941 1 0
103141 20847 1 0
26850 20133 1 0
98610 20847 1 0
5792 8292 1 0
68281 95766 1 0
8921 104920 1 0
30730 94592 1 0
11754 8653 1 0
35852 87387 1 0
10411 13989 1 0
8611 10710 1 0
32694 105850 1 0
103200 12258 1 0
31106 2414 1 0
7544 105266 1 0
20847 12368 1 0
20088 97011 1 0
98610 17077 1 0
106388 15650 1 0
6915 60225 1 0
10479 7721 1 0
22756 14216 1 0
97650 50421 1 0
106246 12771 1 0
8015 2672 1 0
71813 56109 1 0
12834 45429 1 0
17359 32173 1 0
1572 8720 1 0
106246 16711 1 0
56045 6758 1 0
35852 105039 1 0
7661 24783 1 0
91657 69783 1 0
15813 6839 1 0
96507 27466 1 0
99593 10203 1 0
99593 101319 1 0
70530 106388 1 0
8592 6247 1 0
18918 8825 1 0
100166 3877 1 0
97663 17077 1 0
7906 98894 1 0
41315 102733 1 0
27337 105266 1 0
104920 91916 1 0
7444 104481 1 0
8592 32119 1 0
87422 6116 1 0
98224 103614 1 0
9094 97155 1 0
96700 8611 1 0
41415 8352 1 0
9312 94855 1 0
16690 72781 1 0
25078 20653 1 0
96569 102504 1 0
106365 2989 1 0
26850 68939 1 0
7444 98006 1 0
10731 101194 1 0
12442 23211 1 0
97168 6941 1 0
3560 97031 1 0
20133 104533 1 0
50421 14805 1 0
36127 100773 1 0
103012 7465 1 0
9242 20515 1 0
101250 24783 1 0
100790 20847 1 0
104920 56045 1 0
95811 41157 1 0
62152 3433 1 0
12442 11819 1 0
26370 7081 1 0
15064 32694 1 0
68661 11415 1 0
45879 54154 1 0
3433 7016 1 0
5848 36127 1 0
3515 9293 1 0
98653 12815 1 0
9242 96871 1 0
62152 11798 1 0
93321 37290 1 0
9293 11228 1 0
7465 7295 1 0
99855 19155 1 0
9424 6247 1 0
104459 3611 1 0
1942 4582 1 0
5015 3807 1 0
41415 105850 1 0
4605 105850 1 0
9724 100400 1 0
55592 102623 1 0
6247 105447 1 0
98071 14135 1 0
1572 7882 1 0
25201 9971 1 0
14618 11798 1 0
9936 11798 1 0
16928 48958 1 0
39688 62527 1 0
102466 38442 1 0
55396 10670 1 0
11843 105573 1 0
97053 7383 1 0
99216 65150 1 0
95588 9868 1 0
6915 68160 1 0
56431 103841 1 0
101785 9220 1 0
14904 10897 1 0
6228 95192 1 0
16620 35645 1 0
6839 9674 1 0
25837 11887 1 0
22774 8015 1 0
45753 1865 1 0
7925 5423 1 0
15650 95588 1 0
10731 55573 1 0
102247 67519 1 0
10915 98567 1 0
3275 9293 1 0
5462 105623 1 0
60225 9762 1 0
34088 8950 1 0
11798 7661 1 0
14805 103722 1 0
5324 41075 1 0
25078 96507 1 0
87408 26815 1 0
97031 87387 1 0
97031 43942 1 0
96551 5214 1 0
14135 6282 1 0
104533 43942 1 0
20431 6437 1 0
6174 26209 1 0
96789 3952 1 0
76035 4087 1 0
29117 22682 1 0
6798 10652 1 0
95073 14726 1 0
56566 5584 1 0
105447 10411 1 0
105649 11172 1 0
45879 105538 1 0
14178 12442 1 0
105102 23348 1 0
94026 13361 1 0
11819 12204 1 0
57389 7016 1 0
96613 5148 1 0
20535 12134 1 0
97920 11151 1 0
99444 104326 1 0
56326 35645 1 0
43683 101221 1 0
69783 101757 1 0
3275 12258 1 0
69783 14216 1 0
43853 1942 1 0
3433 12152 1 0
23398 98796 1 0
9762 91562 1 0
9424 96158 1 0
97053 6860 1 0
55426 9293 1 0
6073 34944 1 0
6487 33455 1 0
13222 9830 1 0
44757 8592 1 0
77406 4988 1 0
6228 8064 1 0
15015 1751 1 0
54287 3410 1 0
32173 103841 1 0
41432 101963 1 0
9268 59555 1 0
55426 13195 1 0
101319 9830 1 0
7465 3358 1 0
6402 1830 1 0
12096 5381 1 0
10822 3952 1 0
7925 23211 1 0
100534 20088 1 0
8653 15932 1 0
11798 5640 1 0
7594 9424 1 0
6619 6553 1 0
5110 15715 1 0
94592 9810 1 0
93881 9868 1 0
103487 6096 1 0
17077 7038 1 0
99517 9517 1 0
1688 104937 1 0
25583 3826 1 0
103282 102435 1 0
8392 101757 1 0
103614 7134 1 0
20133 10731 1 0
103141 91294 1 0
7994 49892 1 0
7721 22774 1 0
5913 57389 1 0
38442 106365 1 0
14885 46266 1 0
95766 91591 1 0
77406 6553 1 0
97945 32173 1 0
96848 72334 1 0
73023 35852 1 0
93579 12442 1 0
103749 6553 1 0
1041 16874 1 0
8611 59425 1 0
15064 98610 1 0
105336 101171 1 0
3587 98796 1 0
94855 9558 1 0
102435 5148 1 0
41415 20695 1 0
5148 96789 1 0
8216 96789 1 0
11868 65150 1 0
99593 100804 1 0
100893 3952 1 0
97945 10549 1 0
56109 61217 1 0
15015 12317 1 0
101568 5701 1 0
14637 10878 1 0
45429 105623 1 0
5214 104481 1 0
98210 33103 1 0
98653 32301 1 0
104035 96789 1 0
56460 98945 1 0
92243 104533 1 0
26850 17258 1 0
95891 32173 1 0
101342 6798 1 0
8551 103346 1 0
5848 3410 1 0
41175 56431 1 0
97619 98610 1 0
5662 10841 1 0
12834 1865 1 0
96569 4582 1 0
72781 14601 1 0
91451 105266 1 0
13472 53837 1 0
12704 96158 1 0
4087 1186 1 0
3358 102733 1 0
11798 4531 1 0
5110 23503 1 0
15795 17040 1 0
17359 28288 1 0
12258 16743 1 0
14904 41369 1 0
6049 9724 1 0
20847 1715 1 0
93579 9762 1 0
97477 6383 1 0
10841 33103 1 0
1942 16690 1 0
105649 41613 1 0
8015 33148 1 0
16121 95811 1 0
8611 41369 1 0
14618 8292 1 0
5423 100945 1 0
14710 101899 1 0
98071 9424 1 0
35645 97477 1 0
102398 4605 1 0
99593 6758 1 0
11735 103027 1 0
3410 7594 1 0
14787 9936 1 0
3921 6553 1 0
14787 6966 1 0
1740 3921 1 0
106212 50570 1 0
97168 7113 1 0
8292 48958 1 0
105850 7906 1 0
97477 9724 1 0
102247 19155 1 0
103614 19091 1 0
33103 14135 1 0
794 12960 1 0
14235 8653 1 0
102330 45658 1 0
56431 12152 1 0
16928 9268 1 0
694 6134 1 0
101994 9724 1 0
4531 19722 1 0
10841 97736 1 0
13284 32800 1 0
41301 2708 1 0
97945 100750 1 0
8863 100166 1 0
14824 101006 1 0
3248 45879 1 0
8514 105932 1 0
41415 6228 1 0
105025 3515 1 0
12795 98224 1 0
99562 20780 1 0
10633 24763 1 0
16290 5662 1 0
15795 6247 1 0
6383 102435 1 0
42344 105716 1 0
17040 28288 1 0
93579 96262 1 0
9971 99562 1 0
97945 13123 1 0
5792 41496 1 0
16711 1464 1 0
3433 22682 1 0
9914 8825 1 0
7347 41369 1 0
24696 105649 1 0
106431 13140 1 0
14657 39688 1 0
105039 41157 1 0
99640 10351 1 0
9762 13361 1 0
104342 4449 1 0
80292 4497 1 0
12204 103027 1 0
8323 32173 1 0
44757 100848 1 0
8533 11902 1 0
10804 101194 1 0
95766 62527 1 0
9094 35852 1 0
100643 1688 1 0
99216 41628 1 0
95407 23398 1 0
8653 32694 1 0
12052 45753 1 0
29596 95407 1 0
8863 91546 1 0
57239 6383 1 0
22682 41432 1 0
12258 7347 1 0
93321 13361 1 0
20342 46266 1 0
41332 2414 1 0
2834 3952 1 0
28510 73023 1 0
99855 105623 1 0
106296 105850 1 0
55013 56045 1 0
11902 98945 1 0
8981 99432 1 0
18918 98894 1 0
17077 99395 1 0
45237 2745 1 0
4087 59555 1 0
46067 99292 1 0
5742 42344 1 0
17077 8292 1 0
100893 25536 1 0
96848 8921 1 0
94527 68661 1 0
59376 13381 1 0
12991 3877 1 0
97011 103200 1 0
41030 31494 1 0
44757 99292 1 0
99666 101963 1 0
5015 7216 1 0
10230 3877 1 0
11306 57953 1 0
104937 106296 1 0
91657 10878 1 0
7266 100338 1 0
23503 4822 1 0
9914 2989 1 0
98021 59555 1 0
6049 102200 1 0
41415 36024 1 0
100338 19722 1 0
105716 8514 1 0
95219 7491 1 0
4449 55592 1 0
50252 5381 1 0
11415 103639 1 0
2868 57239 1 0
16985 11394 1 0
67831 38636 1 0
105877 91916 1 0
14824 9953 1 0
11798 93657 1 0
12317 6304 1 0
11754 91294 1 0
11622 58181 1 0
31106 50143 1 0
98704 41111 1 0
24696 32800 1 0
96871 7313 1 0
33336 105266 1 0
7016 97031 1 0
22159 9517 1 0
11686 45429 1 0
78573 9953 1 0
4474 41061 1 0
25201 17004 1 0
6206 10351 1 0
4747 45753 1 0
105956 2672 1 0
104375 14726 1 0
47801 20460 1 0
93657 11887 1 0
103614 100534 1 0
100243 6383 1 0
68408 2672 1 0
101785 99562 1 0
25201 10804 1 0
25078 41415 1 0
97736 12960 1 0
20579 32173 1 0
32301 8533 1 0
6915 40914 1 0
40788 98945 1 0
98224 6798 1 0
12991 93321 1 0
8514 9470 1 0
105850 10036 1 0
17258 7702 1 0
28510 40914 1 0
3807 105623 1 0
16985 94527 1 0
8846 96963 1 0
95420 7661 1 0
18309 12960 1 0
41332 97477 1 0
6915 95407 1 0
101194 6798 1 0
105716 100750 1 0
68939 34088 1 0
17359 23211 1 0
102707 7544 1 0
9743 12152 1 0
57389 26850 1 0
39688 56460 1 0
96700 47801 1 0
33148 11902 1 0
3305 10479 1 0
15813 3587 1 0
68160 16743 1 0
103214 103749 1 0
5720 11798 1 0
56045 96700 1 0
5701 43683 1 0
5110 22159 1 0
41432 41175 1 0
11306 104086 1 0
4964 7994 1 0
102330 96871 1 0
3515 106212 1 0
20847 104035 1 0
6798 69783 1 0
14824 18918 1 0
100510 4605 1 0
93765 15156 1 0
23211 6645 1 0
1830 103214 1 0
8514 102733 1 0
56109 8950 1 0
102623 8950 1 0
19437 101006 1 0
20780 41175 1 0
41095 19155 1 0
103841 10692 1 0
12565 56431 1 0
105932 16121 1 0
11622 104052 1 0
10508 19091 1 0
5192 61202 1 0
20653 8514 1 0
97979 9493 1 0
5423 98610 1 0
7113 41061 1 0
17004 15250 1 0
1267 5913 1 0
694 20431 1 0
99292 6992 1 0
11941 32301 1 0
97031 93321 1 0
102707 15156 1 0
68102 40750 1 0
5720 42344 1 0
41175 97845 1 0
12771 9653 1 0
40571 6073 1 0
15015 13123 1 0
694 7906 1 0
105538 99562 1 0
12406 14601 1 0
4879 9268 1 0
1688 1538 1 0
7882 106455 1 0
95073 18918 1 0
103200 16121 1 0
56109 10036 1 0
50595 57389 1 0
8186 4988 1 0
44757 12317 1 0
13567 58181 1 0
3611 22774 1 0
65736 10452 1 0
6049 12134 1 0
1186 45840 1 0
68661 40914 1 0
3740 103346 1 0
2768 7906 1 0
8514 6156 1 0
7444 18051 1 0
12258 86585 1 0
14216 10479 1 0
91916 11415 1 0
11902 7906 1 0
3248 103187 1 0
100848 6553 1 0
8186 103346 1 0
17040 20088 1 0
23276 106246 1 0
105649 105447 1 0
9953 55013 1 0
7134 9914 1 0
11622 103200 1 0
99320 95766 1 0
8863 20695 1 0
105336 7882 1 0
101899 15650 1 0
101342 87387 1 0
18601 14805 1 0
100338 43853 1 0
14885 14726 1 0
16620 13361 1 0
8592 44682 1 0
71813 10549 1 0
15813 6645 1 0
100243 11228 1 0
8754 5462 1 0
103282 12815 1 0
57096 41350 1 0
8551 15813 1 0
101963 95205 1 0
100400 10036 1 0
12424 13172 1 0
5324 38442 1 0
69206 5423 1 0
95407 105266 1 0
93579 6576 1 0
25348 8653 1 0
76035 12368 1 0
99562 8611 1 0
9914 8551 1 0
67519 5148 1 0
105956 7906 1 0
59425 69206 1 0
30730 41398 1 0
1715 9536 1 0
56045 12917 1 0
95420 103525 1 0
10095 41315 1 0
6758 23129 1 0
24783 105877 1 0
103187 7016 1 0
41350 77406 1 0
95811 12679 1 0
7295 22159 1 0
7962 99640 1 0
48375 100804 1 0
98704 23503 1 0
103487 100400 1 0
10203 13522 1 0
11982 741 1 0
105850 98704 1 0
101757 100790 1 0
3217 25201 1 0
13381 91916 1 0
7038 35645 1 0
95588 8863 1 0
6966 104863 1 0
8064 6702 1 0
13156 100166 1 0
103214 95811 1 0
16711 10351 1 0
5701 14618 1 0
54643 8436 1 0
41111 40750 1 0
12348 10296 1 0
2672 37868 1 0
7465 8115 1 0
2868 103792 1 0
7465 100243 1 0
6576 3690 1 0
26209 6206 1 0
96551 16928 1 0
14710 10411 1 0
10203 13472 1 0
33103 99444 1 0
7594 100534 1 0
101006 105496 1 0
15650 19091 1 0
11754 5214 1 0
95205 100773 1 0
101250 17436 1 0
47004 11941 1 0
8921 71813 1 0
41350 694 1 0
12258 96158 1 0
57953 7081 1 0
48958 15552 1 0
87472 8015 1 0
14657 41584 1 0
12096 17004 1 0
10203 98567 1 0
8148 20133 1 0
5584 5324 1 0
101757 97031 1 0
20515 13567 1 0
19394 44229 1 0
10822 13156 1 0
48375 12460 1 0
8676 10411 1 0
68218 1865 1 0
3587 39026 1 0
19820 105538 1 0
20402 96646 1 0
9060 7383 1 0
87422 100037 1 0
41332 100790 1 0
7444 96646 1 0
97945 96551 1 0
104459 5462 1 0
1464 72293 1 0
33148 14618 1 0
26815 53837 1 0
6463 6619 1 0
13361 69396 1 0
6134 99444 1 0
12052 96789 1 0
26850 91591 1 0
103792 101319 1 0
1688 4822 1 0
91462 6512 1 0
97155 105649 1 0
57096 92032 1 0
41350 38636 1 0
54287 41369 1 0
16140 91735 1 0
12864 11962 1 0
10670 44682 1 0
41350 97845 1 0
105102 100400 1 0
106498 7295 1 0
41369 73023 1 0
37290 45552 1 0
15552 25078 1 0
10633 62152 1 0
98584 11172 1 0
77343 6941 1 0
12348 32119 1 0
75552 15250 1 0
9914 97736 1 0
55573 105025 1 0
41061 97477 1 0
76035 91747 1 0
10508 23503 1 0
97120 101194 1 0
34088 95073 1 0
91657 42344 1 0
18309 9724 1 0
14787 12134 1 0
101757 40914 1 0
10095 4201 1 0
16985 56460 1 0
8611 40571 1 0
15519 23398 1 0
72781 102435 1 0
99593 87472 1 0
9702 12771 1 0
9094 78573 1 0
13222 7661 1 0
10692 97155 1 0
8634 3877 1 0
96646 2672 1 0
9762 46067 1 0
45658 91546 1 0
11322 101006 1 0
6383 97663 1 0
12815 71654 1 0
10095 32173 1 0
103525 16157 1 0
106350 99855 1 0
100338 97619 1 0
96963 102247 1 0
25837 32173 1 0
13172 23276 1 0
9971 25583 1 0
13337 41398 1 0
36127 10351 1 0
105102 98224 1 0
93926 72293 1 0
15715 20695 1 0
5324 103487 1 0
37290 4553 1 0
99517 7465 1 0
105336 97945 1 0
794 8699 1 0
94592 106365 1 0
72781 7661 1 0
12795 11484 1 0
36556 3217 1 0
95407 15064 1 0
41175 12406 1 0
55592 41613 1 0
19722 98006 1 0
95073 47004 1 0
91747 10059 1 0
5742 41075 1 0
5214 97920 1 0
93657 36127 1 0
45840 65736 1 0
6096 105496 1 0
5977 94592 1 0
99640 56431 1 0
5036 8634 1 0
101979 35852 1 0
11868 12317 1 0
14766 4605 1 0
13361 106365 1 0
98704 12960 1 0
10374 105496 1 0
11843 97650 1 0
12442 6437 1 0
91657 3275 1 0
9094 25837 1 0
100893 14637 1 0
2708 13472 1 0
101568 98704 1 0
7295 34088 1 0
40571 11172 1 0
105877 104920 1 0
97120 8846 1 0
6174 7857 1 0
3952 8392 1 0
6941 8169 1 0
3305 8436 1 0
35107 20780 1 0
6487 68218 1 0
92032 8634 1 0
67831 12795 1 0
10508 22682 1 0
34088 20088 1 0
105496 101899 1 0
96963 46266 1 0
8186 101979 1 0
7016 62152 1 0
4553 3390 1 0
12152 10710 1 0
6576 6304 1 0
11868 97053 1 0
12864 10915 1 0
12224 29596 1 0
23398 65982 1 0
5036 102466 1 0
77343 6992 1 0
96700 95192 1 0
91694 43683 1 0
103346 8634 1 0
96700 97168 1 0
20515 59848 1 0
100643 10652 1 0
106365 56460 1 0
12424 93321 1 0
8863 105102 1 0
8323 6096 1 0
59425 98796 1 0
40750 3650 1 0
11887 62046 1 0
10479 10915 1 0
2208 13140 1 0
22756 27337 1 0
25583 1647 1 0
6096 3877 1 0
106498 71438 1 0
102330 12368 1 0
14885 14618 1 0
11798 9653 1 0
95811 9470 1 0
16121 6228 1 0
100790 32252 1 0
9060 55013 1 0
100510 12317 1 0
93299 12258 1 0
102504 3358 1 0
5507 98796 1 0
49892 6096 1 0
100400 6383 1 0
10203 105496 1 0
10731 97945 1 0
16928 7266 1 0
23398 13472 1 0
3248 99640 1 0
105716 78573 1 0
6247 34088 1 0
4553 6487 1 0
16121 11868 1 0
7383 33336 1 0
9220 4531 1 0
11735 15795 1 0
102398 98796 1 0
3877 15015 1 0
105496 1740 1 0
5361 19722 1 0
3410 3877 1 0
8825 62849 1 0
9536 9517 1 0
11415 11151 1 0
7134 2672 1 0
93881 6049 1 0
7721 55426 1 0
3139 20342 1 0
101785 78573 1 0
9380 101757 1 0
11962 43853 1 0
12424 81878 1 0
9653 20431 1 0
6758 91462 1 0
13030 101785 1 0
17436 10652 1 0
59555 60225 1 0
8392 33103 1 0
42344 97650 1 0
3410 44229 1 0
11622 5361 1 0
102707 14805 1 0
93579 7113 1 0
7465 7266 1 0
65982 41030 1 0
95205 3877 1 0
7295 41204 1 0
4474 96262 1 0
103614 104052 1 0
19722 9914 1 0
3515 24763 1 0
97011 9268 1 0
20535 9653 1 0
45658 106246 1 0
106350 12317 1 0
2672 87422 1 0
4474 105623 1 0
14885 16928 1 0
8169 93926 1 0
87408 104342 1 0
12442 5214 1 0
102707 99666 1 0
5584 4747 1 0
10230 5214 1 0
94855 9220 1 0
16290 6206 1 0
694 36440 1 0
87408 13240 1 0
6839 106365 1 0
100111 87472 1 0
12348 91591 1 0
8676 7383 1 0
15932 97477 1 0
41095 95219 1 0
7721 99292 1 0
1715 41599 1 0
20088 16121 1 0
43942 25837 1 0
33336 14135 1 0
9268 3390 1 0
95192 17258 1 0
45879 6798 1 0
4879 57953 1 0
93765 18051 1 0
16711 5065 1 0
105447 8921 1 0
80292 104533 1 0
100773 23129 1 0
96627 41204 1 0
10652 100804 1 0
1830 99517 1 0
10122 3560 1 0
96963 17040 1 0
104937 12204 1 0
103214 12224 1 0
93321 103448 1 0
56045 41075 1 0
87472 5792 1 0
7383 70530 1 0
106498 6134 1 0
96262 22159 1 0
45658 5720 1 0
100037 100773 1 0
1751 41398 1 0
57096 5662 1 0
36127 36556 1 0
6002 99593 1 0
87408 105025 1 0
13522 93683 1 0
98006 96551 1 0
6073 6228 1 0
6553 11151 1 0
100643 94117 1 0
15156 13030 1 0
105336 6619 1 0
105623 41075 1 0
67831 9268 1 0
7721 97120 1 0
8169 3092 1 0
103214 104086 1 0
39026 5792 1 0
5742 8186 1 0
78573 9517 1 0
28288 16808 1 0
100439 39688 1 0
22756 41432 1 0
10374 15156 1 0
13172 9380 1 0
24149 105716 1 0
14135 100510 1 0
10749 11715 1 0
7295 61202 1 0
8323 100338 1 0
8863 6116 1 0
46067 55592 1 0
47004 69783 1 0
104035 98567 1 0
5507 92032 1 0
26209 3807 1 0
9060 6487 1 0
25536 30730 1 0
15795 24783 1 0
32301 11394 1 0
6134 102398 1 0
57096 5423 1 0
9810 46266 1 0
96569 8825 1 0
15715 8015 1 0
15715 41496 1 0
1572 45237 1 0
6247 5192 1 0
99432 41232 1 0
5214 18292 1 0
16290 9953 1 0
32694 41599 1 0
105850 34088 1 0
98071 8921 1 0
11843 10391 1 0
105731 103027 1 0
7038 20614 1 0
11902 1715 1 0
31494 2868 1 0
105649 13567 1 0
104533 38636 1 0
13172 103012 1 0
25078 20695 1 0
12116 49892 1 0
10841 12539 1 0
6156 21094 1 0
15015 15813 1 0
5507 694 1 0
102435 1464 1 0
3305 7491 1 0
6487 100750 1 0
91294 23398 1 0
41075 11172 1 0
55826 11415 1 0
19722 29596 1 0
96848 22682 1 0
28510 5065 1 0
56431 41332 1 0
3807 50252 1 0
13435 13522 1 0
101899 16690 1 0
10203 9830 1 0
13361 10749 1 0
95205 15552 1 0
7661 41496 1 0
7721 20755 1 0
15519 23129 1 0
4908 77406 1 0
96963 10452 1 0
14885 103722 1 0
97155 102623 1 0
91916 12152 1 0
22682 5462 1 0
12204 100111 1 0
28510 12348 1 0
10059 45552 1 0
41095 6096 1 0
3807 26850 1 0
11868 102466 1 0
11546 6463 1 0
6206 101342 1 0
106296 56109 1 0
103187 6247 1 0
8216 41599 1 0
41509 2868 1 0
12224 96963 1 0
17004 40469 1 0
93657 15250 1 0
20133 100400 1 0
101194 4553 1 0
69432 12565 1 0
103141 6402 1 0
15715 44757 1 0
33148 40788 1 0
8292 2989 1 0
7383 9424 1 0
5701 6049 1 0
93657 99517 1 0
14158 98796 1 0
74021 12771 1 0
11868 103346 1 0
104920 9653 1 0
8216 98584 1 0
106431 7994 1 0
4879 95192 1 0
19820 10122 1 0
6096 41584 1 0
6247 19820 1 0
11798 86585 1 0
6134 6619 1 0
104052 41599 1 0
98071 97901 1 0
6174 8015 1 0
45840 91294 1 0
100037 3358 1 0
20515 22774 1 0
11415 105266 1 0
96507 14885 1 0
31106 20402 1 0
68939 1865 1 0
16711 105538 1 0
2745 45753 1 0
10692 16808 1 0
41061 28288 1 0
106350 41350 1 0
11754 9653 1 0
11868 5110 1 0
41030 12917 1 0
100848 8148 1 0
9094 15015 1 0
13337 14805 1 0
3587 3092 1 0
23503 9493 1 0
87422 97477 1 0
33455 61217 1 0
39688 9576 1 0
41415 3305 1 0
99216 48958 1 0
14692 13381 1 0
41315 68408 1 0
100037 95811 1 0
36440 24696 1 0
41415 3952 1 0
12442 11228 1 0
55573 102151 1 0
104342 5254 1 0
105266 6437 1 0
12116 21094 1 0
33103 99292 1 0
75552 104035 1 0
11754 96507 1 0
50252 6839 1 0
13030 4531 1 0
8863 105716 1 0
100338 7347 1 0
9914 56109 1 0
78573 101994 1 0
11546 8514 1 0
96613 10374 1 0
61217 41528 1 0
13989 7313 1 0
10822 6915 1 0
12224 12052 1 0
27384 18601 1 0
11306 14885 1 0
77343 26850 1 0
14601 97168 1 0
98021 7266 1 0
11447 91462 1 0
105538 91916 1 0
7134 6553 1 0
10122 41613 1 0
14637 97477 1 0
4822 87472 1 0
13337 42344 1 0
4423 103841 1 0
32301 105336 1 0
9743 43942 1 0
7747 10933 1 0
14158 104052 1 0
56431 97619 1 0
26209 18051 1 0
100400 26370 1 0
96627 6134 1 0
41584 9424 1 0
41315 6206 1 0
12704 8634 1 0
59376 101568 1 0
65736 94117 1 0
71438 3921 1 0
9012 59425 1 0
102504 44757 1 0
14637 7925 1 0
95891 104086 1 0
102733 12960 1 0
41232 15250 1 0
97845 9576 1 0
18918 100945 1 0
13522 9517 1 0
105687 105336 1 0
102200 102330 1 0
6096 62046 1 0
23211 2708 1 0
2672 35107 1 0
95766 4582 1 0
101194 9312 1 0
103448 4553 1 0
3560 14618 1 0
26815 101979 1 0
20780 33148 1 0
103841 91462 1 0
12834 101342 1 0
105932 13156 1 0
12424 36024 1 0
12224 8266 1 0
11982 104937 1 0
93579 11982 1 0
13240 100643 1 0
22774 4605 1 0
104863 12368 1 0
32252 7347 1 0
106246 106455 1 0
8169 19091 1 0
65736 10692 1 0
36556 93321 1 0
3952 41628 1 0
7134 5886 1 0
6247 99562 1 0
11902 2745 1 0
10250 103012 1 0
11394 1041 1 0
41350 24149 1 0
8148 80292 1 0
100750 17258 1 0
73931 5886 1 0
22682 61202 1 0
7544 28288 1 0
33148 34944 1 0
8901 101056 1 0
55013 7994 1 0
14158 9380 1 0
105649 1751 1 0
95073 91735 1 0
11151 38636 1 0
103214 59376 1 0
1740 8921 1 0
25148 45658 1 0
3759 103141 1 0
4908 10508 1 0
23503 93926 1 0
694 101757 1 0
9896 32252 1 0
13337 8533 1 0
96848 20653 1 0
11798 4474 1 0
1464 5361 1 0
99216 3759 1 0
13123 10374 1 0
19394 48958 1 0
25536 15156 1 0
91462 100804 1 0
94527 8436 1 0
7857 43853 1 0
97650 99444 1 0
23211 6304 1 0
3358 41509 1 0
102733 16874 1 0
11447 12152 1 0
6228 61217 1 0
29596 1830 1 0
104052 97619 1 0
103749 99640 1 0
7661 14710 1 0
14885 5720 1 0
27384 23503 1 0
12539 8863 1 0
11868 41599 1 0
104937 105102 1 0
1041 7266 1 0
102398 47801 1 0
103012 98653 1 0
6941 18918 1 0
53837 68408 1 0
41350 36024 1 0
106455 19394 1 0
92046 4087 1 0
3921 105731 1 0
30730 32694 1 0
20088 12258 1 0
104937 8863 1 0
5720 5792 1 0
40788 101899 1 0
5848 24696 1 0
7081 97168 1 0
95811 14601 1 0
22756 3826 1 0
11447 5848 1 0
77343 33148 1 0
44757 97120 1 0
15156 33336 1 0
22159 11546 1 0
98610 100773 1 0
50595 14637 1 0
20535 101568 1 0
20755 68939 1 0
106365 11941 1 0
41204 86585 1 0
62152 98071 1 0
41128 96569 1 0
62849 98071 1 0
41398 1538 1 0
10059 8825 1 0
7661 694 1 0
100400 92046 1 0
1865 3740 1 0
13381 102733 1 0
93926 102272 1 0
41075 87387 1 0
3248 9830 1 0
23348 4553 1 0
10452 92032 1 0
43942 97120 1 0
38442 7113 1 0
12771 5507 1 0
97011 95192 1 0
7134 1267 1 0
105039 8921 1 0
9517 39026 1 0
87422 93765 1 0
100893 102200 1 0
12424 8981 1 0
76035 96569 1 0
104035 22682 1 0
106388 11941 1 0
9786 5742 1 0
91747 1464 1 0
98584 43942 1 0
15650 8169 1 0
105850 106246 1 0
95588 7313 1 0
16121 103487 1 0
41350 103214 1 0
17796 104863 1 0
7295 5192 1 0
8676 2208 1 0
103525 101568 1 0
8064 95192 1 0
99593 69206 1 0
74021 14726 1 0
97619 14787 1 0
96551 6353 1 0
11546 13435 1 0
105039 1572 1 0
20653 11843 1 0
9517 73023 1 0
13337 95891 1 0
44757 7821 1 0
8352 8846 1 0
87387 8825 1 0
5848 6247 1 0
13030 61202 1 0
11355 10203 1 0
14805 7857 1 0
104937 9936 1 0
4879 62046 1 0
11546 101006 1 0
10230 73931 1 0
57953 106431 1 0
59376 68160 1 0
71813 34944 1 0
97155 43683 1 0
31106 9558 1 0
15932 9762 1 0
41599 14885 1 0
11962 54643 1 0
23348 54287 1 0
35645 93657 1 0
7594 41301 1 0
105496 56109 1 0
9830 11484 1 0
3305 72334 1 0
10250 5792 1 0
59376 42344 1 0
41432 9380 1 0
11962 101319 1 0
100893 105573 1 0
101171 9653 1 0
41030 4908 1 0
22159 99216 1 0
6247 94855 1 0
96551 6282 1 0
45552 10933 1 0
19820 8266 1 0
101221 99855 1 0
101994 104459 1 0
25148 6992 1 0
12406 23348 1 0
10230 39026 1 0
41369 2369 1 0
27337 12152 1 0
5720 98945 1 0
9743 4201 1 0
19722 106388 1 0
24763 12406 1 0
55592 9220 1 0
103027 3740 1 0
8115 14692 1 0
10203 9424 1 0
13381 93321 1 0
12539 7925 1 0
10391 20065 1 0
44757 3826 1 0
14885 18051 1 0
20133 1647 1 0
15715 100643 1 0
68102 36556 1 0
13989 38636 1 0
9653 20342 1 0
42344 10203 1 0
105932 13140 1 0
27503 20515 1 0
12460 8797 1 0
96646 87387 1 0
72293 54154 1 0
7594 7857 1 0
104459 9953 1 0
36556 23348 1 0
7721 103639 1 0
99640 48375 1 0
100804 5617 1 0
12317 14692 1 0
68661 102435 1 0
8611 6798 1 0
3921 106455 1 0
41111 5913 1 0
11798 19437 1 0
8676 45237 1 0
43942 23503 1 0
2768 103841 1 0
95407 39688 1 0
104035 100111 1 0
96871 7747 1 0
20402 8551 1 0
24149 6463 1 0
8323 20695 1 0
10508 93657 1 0
99517 96848 1 0
23129 9012 1 0
10203 16140 1 0
77343 3759 1 0
4908 5148 1 0
41315 12539 1 0
105025 13222 1 0
103792 7906 1 0
93926 8825 1 0
102398 11394 1 0
25148 98071 1 0
33103 5913 1 0
62527 41350 1 0
68218 96700 1 0
5792 3650 1 0
6073 105266 1 0
5701 99640 1 0
100893 32800 1 0
4553 10230 1 0
98071 50570 1 0
12539 5584 1 0
9786 96262 1 0
12052 3515 1 0
3611 105496 1 0
38442 101757 1 0
41175 103614 1 0
20695 16844 1 0
26370 41075 1 0
11843 22774 1 0
9810 93535 1 0
22774 20579 1 0
8148 101994 1 0
104086 73023 1 0
16290 45535 1 0
101899 3217 1 0
75552 11322 1 0
41218 99517 1 0
3611 2868 1 0
71438 43683 1 0
4423 13123 1 0
91735 1267 1 0
1865 9830 1 0
68218 7444 1 0
19437 4908 1 0
13472 7038 1 0
45429 10250 1 0
79625 5848 1 0
5507 105649 1 0
4605 14904 1 0
2834 5324 1 0
8392 9830 1 0
101342 22774 1 0
103749 8115 1 0
8392 11843 1 0
40571 12460 1 0
48375 17209 1 0
78573 9936 1 0
14601 1267 1 0
10203 9558 1 0
98210 9896 1 0
98796 15715 1 0
70530 14710 1 0
98704 12406 1 0
31106 68281 1 0
5720 41204 1 0
97979 100945 1 0
14135 36024 1 0
98796 2208 1 0
27384 93926 1 0
41095 9724 1 0
103487 55426 1 0
6992 10351 1 0
5324 93657 1 0
7266 98006 1 0
10452 6156 1 0
14824 100037 1 0
69206 14158 1 0
7994 9786 1 0
40788 5640 1 0
7383 6304 1 0
16743 7491 1 0
40750 102623 1 0
62849 1464 1 0
98610 22756 1 0
50595 8825 1 0
12539 3092 1 0
19722 101221 1 0
11735 40914 1 0
94026 9493 1 0
2414 97168 1 0
97945 12864 1 0
12704 7925 1 0
22756 3740 1 0
44757 9517 1 0
87387 62527 1 0
7081 8676 1 0
101342 91451 1 0
25837 8266 1 0
50143 6206 1 0
26209 3759 1 0
30730 10749 1 0
43942 104086 1 0
103639 5015 1 0
97663 41350 1 0
4497 96963 1 0
14842 15715 1 0
6282 9060 1 0
55592 99216 1 0
27337 41350 1 0
37290 11622 1 0
11151 6512 1 0
7081 92243 1 0
99562 9702 1 0
11172 9674 1 0
3410 97979 1 0
5214 93321 1 0
10822 22774 1 0
24696 10374 1 0
1865 101757 1 0
101006 2414 1 0
20653 12442 1 0
24149 96789 1 0
7134 3410 1 0
5361 16140 1 0
20065 38442 1 0
104035 98071 1 0
97619 53837 1 0
33103 4449 1 0
12960 44014 1 0
7544 100111 1 0
46067 9012 1 0
100243 77343 1 0
4449 1715 1 0
10933 98653 1 0
100243 96158 1 0
10731 50421 1 0
10670 71438 1 0
10351 19155 1 0
106212 103792 1 0
102330 12224 1 0
14904 9830 1 0
17040 10411 1 0
15813 97845 1 0
99292 96262 1 0
94855 15519 1 0
3433 8863 1 0
20402 3826 1 0
20695 93657 1 0
105025 100750 1 0
1751 34088 1 0
4423 9868 1 0
19091 6304 1 0
70530 44757 1 0
68218 20515 1 0
10122 3092 1 0
14158 102272 1 0
7702 68160 1 0
16121 4474 1 0
9220 104459 1 0
11982 40571 1 0
103792 99216 1 0
41095 44229 1 0
105336 1186 1 0
105025 17077 1 0
20695 7994 1 0
11447 14235 1 0
97168 18918 1 0
41628 103614 1 0
58181 12152 1 0
65150 9470 1 0
105447 6353 1 0
10731 92243 1 0
41332 13156 1 0
105266 15376 1 0
9380 100400 1 0
45552 44757 1 0
103448 57953 1 0
11735 10822 1 0
8266 10652 1 0
2745 97168 1 0
59425 11735 1 0
50595 34088 1 0
98021 98704 1 0
41628 68218 1 0
97901 101221 1 0
45552 7266 1 0
6798 6156 1 0
95420 26850 1 0
59376 99640 1 0
106431 14601 1 0
45552 101221 1 0
8981 105266 1 0
15519 10250 1 0
16157 97901 1 0
101979 96871 1 0
30730 53837 1 0
105538 95219 1 0
9060 10692 1 0
11172 97477 1 0
101056 20780 1 0
14637 95219 1 0
13306 3877 1 0
5381 11355 1 0
20402 4423 1 0
17209 7216 1 0
20431 6576 1 0
93881 102398 1 0
16620 7906 1 0
3587 103487 1 0
68939 6487 1 0
72334 13361 1 0
68281 105932 1 0
5015 101250 1 0
11622 71813 1 0
54154 24696 1 0
16620 12815 1 0
91916 98610 1 0
8676 3952 1 0
3952 56566 1 0
9724 5065 1 0
70530 20847 1 0
44014 14178 1 0
100804 9380 1 0
5324 100643 1 0
96789 99517 1 0
1715 33148 1 0
10549 20780 1 0
100534 5324 1 0
20847 103012 1 0
20088 50570 1 0
50252 11394 1 0
9380 32800 1 0
9558 741 1 0
96627 25201 1 0
6174 8186 1 0
99593 3952 1 0
104459 12917 1 0
8015 57389 1 0
5792 100400 1 0
8169 694 1 0
16985 10652 1 0
12204 10036 1 0
18051 96569 1 0
96551 11868 1 0
45658 6096 1 0
103749 11484 1 0
67831 85619 1 0
17077 106365 1 0
23348 12096 1 0
13337 11172 1 0
8216 41204 1 0
76035 47801 1 0
104052 94026 1 0
30730 7295 1 0
93683 20579 1 0
5381 29117 1 0
68160 10036 1 0
41218 106498 1 0
95205 44757 1 0
104375 20065 1 0
59848 5848 1 0
3826 104937 1 0
9536 97663 1 0
96627 9493 1 0
105716 104375 1 0
8186 9810 1 0
70530 14657 1 0
3740 10692 1 0
80292 5462 1 0
100945 3650 1 0
8863 20133 1 0
8266 8825 1 0
10822 30730 1 0
100893 11151 1 0
106212 20515 1 0
3217 68939 1 0
3877 91451 1 0
98796 6096 1 0
10915 56109 1 0
73931 46067 1 0
5977 41157 1 0
100534 12795 1 0
68661 10710 1 0
5361 105877 1 0
18309 12258 1 0
31106 19394 1 0
20579 97120 1 0
19820 41332 1 0
93299 37290 1 0
10878 4531 1 0
106365 45658 1 0
32173 104086 1 0
5214 96646 1 0
15715 71438 1 0
20535 16140 1 0
99444 17436 1 0
5381 102466 1 0
10351 101568 1 0
23398 102466 1 0
4908 97120 1 0
81878 15715 1 0
96789 99432 1 0
8950 78573 1 0
103282 91916 1 0
11941 56460 1 0
100338 20847 1 0
5324 100037 1 0
104863 30730 1 0
13030 94026 1 0
105447 11819 1 0
11228 13222 1 0
95588 17004 1 0
12539 48375 1 0
98006 59425 1 0
98210 41175 1 0
7962 87422 1 0
69396 58181 1 0
97979 93881 1 0
101994 23211 1 0
105850 75552 1 0
16290 20695 1 0
7544 17040 1 0
104035 13567 1 0
97168 1865 1 0
105025 41350 1 0
7347 50570 1 0
44014 99562 1 0
5148 97663 1 0
36024 23276 1 0
105496 97663 1 0
5036 6156 1 0
13306 104375 1 0
2414 106365 1 0
2834 12442 1 0
10841 17258 1 0
68281 3358 1 0
27384 40914 1 0
41061 96569 1 0
10633 8720 1 0
11868 98704 1 0
1865 5381 1 0
6206 8169 1 0
98021 36556 1 0
8981 6228 1 0
101963 19091 1 0
27337 24696 1 0
91562 3358 1 0
8392 20653 1 0
39026 5065 1 0
7465 37868 1 0
12704 43942 1 0
5361 13381 1 0
8634 38636 1 0
72334 36556 1 0
9743 22774 1 0
13337 101171 1 0
97053 1830 1 0
8653 20133 1 0
6049 8634 1 0
97736 101994 1 0
106212 39688 1 0
103282 16808 1 0
96158 106296 1 0
101194 33148 1 0
97845 24763 1 0
11546 8797 1 0
10897 103525 1 0
11887 93535 1 0
4605 103749 1 0
11819 6134 1 0
5617 13123 1 0
102330 100243 1 0
41599 100750 1 0
20695 2208 1 0
101963 8098 1 0
8950 4449 1 0
34088 20065 1 0
15650 104086 1 0
5324 25201 1 0
13337 8846 1 0
98704 45535 1 0
12052 105496 1 0
33455 97845 1 0
7295 101568 1 0
694 35852 1 0
9936 10652 1 0
27384 5361 1 0
8216 12406 1 0
3650 100750 1 0
99666 100400 1 0
14885 1830 1 0
5720 93321 1 0
23211 5913 1 0
96507 6206 1 0
29596 6619 1 0
9953 44229 1 0
8634 101250 1 0
97031 91747 1 0
8846 97155 1 0
94592 105266 1 0
20402 101194 1 0
3807 15650 1 0
37868 19091 1 0
97619 10296 1 0
13156 87387 1 0
28288 105573 1 0
100111 16985 1 0
104375 5381 1 0
7882 97011 1 0
76035 2672 1 0
10822 4449 1 0
91657 20402 1 0
7134 7857 1 0
50570 3390 1 0
7081 20342 1 0
10250 105623 1 0
9702 6228 1 0
27384 54643 1 0
27337 25078 1 0
1715 1647 1 0
97901 99320 1 0
19394 3740 1 0
12795 103346 1 0
18601 9493 1 0
93657 14805 1 0
41496 14805 1 0
1041 12134 1 0
8720 103346 1 0
6992 57096 1 0
7444 6553 1 0
4964 25348 1 0
5720 9380 1 0
101319 101994 1 0
91694 43853 1 0
10692 43683 1 0
41095 56109 1 0
69396 10059 1 0
14657 11172 1 0
100534 6002 1 0
41613 20133 1 0
3587 3248 1 0
44757 25431 1 0
103282 9493 1 0
20695 10059 1 0
43683 10411 1 0
32119 105538 1 0
41415 14805 1 0
98071 99395 1 0
97845 20515 1 0
20088 5584 1 0
41613 5584 1 0
18918 11686 1 0
11172 101979 1 0
86585 96871 1 0
101963 96646 1 0
9576 7347 1 0
26815 1572 1 0
96158 31106 1 0
5462 25348 1 0
94855 7081 1 0
16985 105025 1 0
98224 5977 1 0
25431 6915 1 0
105687 14710 1 0
100111 98006 1 0
105932 68661 1 0
101194 91747 1 0
87387 93765 1 0
41398 41415 1 0
94592 95420 1 0
100338 14216 1 0
7857 24149 1 0
94592 95588 1 0
10841 97120 1 0
105102 50421 1 0
80292 14842 1 0
91694 57096 1 0
97011 9786 1 0
57953 6282 1 0
22756 77406 1 0
10059 11735 1 0
20653 103200 1 0
8266 95811 1 0
23211 8064 1 0
9380 105623 1 0
22756 3877 1 0
68939 41628 1 0
11843 10529 1 0
14710 98653 1 0
19820 36024 1 0
11546 3560 1 0
6073 97945 1 0
14601 4747 1 0
56566 16743 1 0
9517 8901 1 0
59376 33103 1 0
15519 100338 1 0
6576 87408 1 0
4747 17436 1 0
12052 41613 1 0
97736 56566 1 0
12424 41232 1 0
72781 99444 1 0
101963 33148 1 0
44757 25348 1 0
41075 7444 1 0
50570 102330 1 0
13522 102330 1 0
95219 101221 1 0
59425 55826 1 0
13337 47801 1 0
6073 4201 1 0
91451 37290 1 0
100804 95407 1 0
6156 41599 1 0
94855 97920 1 0
99121 12348 1 0
99517 6798 1 0
5792 19437 1 0
105039 41301 1 0
100945 98567 1 0
12096 10692 1 0
103722 8352 1 0
100790 8797 1 0
2745 102398 1 0
43683 13361 1 0
93657 4553 1 0
9743 103841 1 0
2745 6512 1 0
33455 105496 1 0
100893 17359 1 0
11447 98224 1 0
97619 41415 1 0
5065 23398 1 0
34944 97053 1 0
18051 105336 1 0
9380 2868 1 0
41301 11622 1 0
100111 6941 1 0
12917 9868 1 0
94026 97663 1 0
9576 37868 1 0
55826 104533 1 0
72293 13030 1 0
105716 16620 1 0
8514 13567 1 0
25583 29596 1 0
98210 94527 1 0
38636 22159 1 0
8825 14235 1 0
96507 62046 1 0
106246 100750 1 0
5324 43683 1 0
17258 99292 1 0
71813 102435 1 0
94527 12460 1 0
69206 16743 1 0
16874 65150 1 0
106350 105932 1 0
12917 9810 1 0
8981 34944 1 0
25078 9896 1 0
11322 98224 1 0
102733 10670 1 0
103187 9312 1 0
42344 10529 1 0
31494 62849 1 0
12152 16121 1 0
57389 5036 1 0
8653 97053 1 0
13030 25431 1 0
104481 20431 1 0
65736 59848 1 0
1942 98210 1 0
100439 102435 1 0
16121 98584 1 0
3248 13240 1 0
46266 7857 1 0
20755 31106 1 0
34944 24149 1 0
3740 8292 1 0
14135 14618 1 0
98567 101994 1 0
72293 104326 1 0
5848 10230 1 0
96158 7994 1 0
96569 16985 1 0
10529 6463 1 0
5254 6463 1 0
45429 99121 1 0
10633 42344 1 0
46266 68218 1 0
100111 1865 1 0
105447 6941 1 0
2989 14158 1 0
11447 1572 1 0
105932 16743 1 0
1572 98071 1 0
68661 3092 1 0
91451 12116 1 0
25348 11982 1 0
8064 41075 1 0
98584 97901 1 0
61217 79625 1 0
14692 14726 1 0
79625 3587 1 0
7491 5462 1 0
56045 5913 1 0
3390 92046 1 0
102330 9702 1 0
94592 91747 1 0
93321 26815 1 0
5977 16874 1 0
104481 13156 1 0
106498 11447 1 0
13337 10915 1 0
96646 8551 1 0
16157 54154 1 0
3690 5192 1 0
100338 13172 1 0
8981 68160 1 0
55013 17359 1 0
5720 100166 1 0
1647 45429 1 0
8901 105538 1 0
4964 102398 1 0
97736 105039 1 0
7465 101757 1 0
2414 11322 1 0
65736 98210 1 0
3587 73023 1 0
21094 105932 1 0
8901 96507 1 0
97053 41061 1 0
28288 101221 1 0
12917 101006 1 0
5214 15813 1 0
22682 14216 1 0
41369 98704 1 0
10296 15932 1 0
13140 17258 1 0
102151 4423 1 0
8653 4474 1 0
4553 65736 1 0
5640 13337 1 0
35107 20579 1 0
5977 106498 1 0
102623 100750 1 0
101319 103141 1 0
12864 14766 1 0
96789 6758 1 0
24149 94855 1 0
73023 96627 1 0
33455 41369 1 0
41613 65982 1 0
37868 36127 1 0
23276 1715 1 0
5423 13435 1 0
62849 104459 1 0
91562 13030 1 0
18051 100439 1 0
12368 99216 1 0
103282 91562 1 0
10059 96551 1 0
16844 25536 1 0
9576 6860 1 0
3515 11962 1 0
24763 2414 1 0
9810 11151 1 0
15813 5848 1 0
11306 69396 1 0
6915 62527 1 0
5065 13240 1 0
6645 33455 1 0
50595 14805 1 0
12204 10479 1 0
4908 9868 1 0
10391 8551 1 0
104459 68281 1 0
97920 104920 1 0
10122 56431 1 0
15156 100338 1 0
12152 93765 1 0
105573 96613 1 0
87408 62849 1 0
13172 32252 1 0
17258 1647 1 0
25431 2208 1 0
97031 105877 1 0
45237 4497 1 0
106455 98945 1 0
93657 59425 1 0
15250 8148 1 0
100439 98567 1 0
105573 8292 1 0
16808 105025 1 0
9674 2208 1 0
104459 19820 1 0
14824 45658 1 0
3433 30730 1 0
41584 54154 1 0
96262 68408 1 0
1942 73023 1 0
8611 6049 1 0
23503 102272 1 0
9312 27337 1 0
2708 41584 1 0
99517 97979 1 0
13361 4879 1 0
100945 7465 1 0
94527 5148 1 0
102151 13472 1 0
47004 102504 1 0
106388 45753 1 0
9724 13140 1 0
94026 14692 1 0
104533 94527 1 0
92046 69432 1 0
7702 101319 1 0
1572 8921 1 0
102330 7962 1 0
4087 105956 1 0
12679 26370 1 0
11887 101963 1 0
91451 10296 1 0
14692 19437 1 0
1942 10122 1 0
32252 5662 1 0
105496 14601 1 0
6553 94527 1 0
9517 14178 1 0
1688 6174 1 0
8797 4964 1 0
91657 9724 1 0
7313 1865 1 0
5462 68102 1 0
11941 100166 1 0
68408 9242 1 0
32119 6247 1 0
104342 103187 1 0
100534 5015 1 0
101194 45237 1 0
21094 3139 1 0
23398 9125 1 0
41613 12096 1 0
98894 6553 1 0
3217 34088 1 0
22682 5742 1 0
32800 98653 1 0
7661 85619 1 0
91916 20535 1 0
45535 19091 1 0
22756 96551 1 0
68281 8115 1 0
23211 45429 1 0
32252 72293 1 0
9914 102466 1 0
10633 87472 1 0
694 105025 1 0
16711 20515 1 0
16711 5617 1 0
16157 13195 1 0
10897 32173 1 0
99593 81878 1 0
100750 17004 1 0
7313 20431 1 0
10036 103841 1 0
20460 105877 1 0
38442 56045 1 0
3275 7038 1 0
11962 2745 1 0
15156 8901 1 0
3410 103749 1 0
5792 13195 1 0
10036 41369 1 0
105850 104035 1 0
11306 43683 1 0
41061 103614 1 0
3305 65982 1 0
8863 91451 1 0
96700 97650 1 0
102466 41628 1 0
38636 80292 1 0
40750 4474 1 0
16985 1942 1 0
11306 98006 1 0
13222 14766 1 0
3587 58181 1 0
14766 10710 1 0
24783 8514 1 0
5381 8901 1 0
12258 97650 1 0
6463 6073 1 0
8797 56431 1 0
94592 101979 1 0
57096 53837 1 0
41599 8323 1 0
45879 9312 1 0
99292 100773 1 0
3139 5662 1 0
101899 10549 1 0
102151 9242 1 0
16928 69783 1 0
12771 5462 1 0
31494 105538 1 0
9493 92032 1 0
741 95192 1 0
93765 101963 1 0
97663 106388 1 0
12317 94117 1 0
13361 101342 1 0
10670 22159 1 0
32173 2745 1 0
54154 42344 1 0
4553 93683 1 0
103282 80292 1 0
6247 5742 1 0
22159 20515 1 0
40469 98021 1 0
2745 3515 1 0
71654 6512 1 0
1942 4201 1 0
2369 98567 1 0
56045 96569 1 0
3092 25583 1 0
7383 16140 1 0
5720 104375 1 0
5015 15015 1 0
5214 15932 1 0
105716 103282 1 0
36556 25348 1 0
15552 1865 1 0
7747 98610 1 0
13030 41157 1 0
15552 98210 1 0
41315 1041 1 0
73931 9517 1 0
25201 95205 1 0
96627 13337 1 0
45535 2745 1 0
104920 10059 1 0
105687 41613 1 0
41301 11798 1 0
98653 16808 1 0
100773 105716 1 0
71813 28510 1 0
14637 15519 1 0
98006 6512 1 0
9470 3092 1 0
77343 93321 1 0
22756 94026 1 0
41111 3358 1 0
6966 27384 1 0
3275 47801 1 0
94527 41128 1 0
16620 12460 1 0
94592 37290 1 0
6839 5065 1 0
2414 19091 1 0
23503 106431 1 0
8266 46067 1 0
46266 68661 1 0
59425 96613 1 0
14235 56109 1 0
103749 10122 1 0
16844 13306 1 0
15519 13156 1 0
54643 41415 1 0
103614 5065 1 0
15715 6116 1 0
20065 103214 1 0
6096 104086 1 0
10804 98610 1 0
17258 12834 1 0
14235 8797 1 0
104375 94592 1 0
97736 4582 1 0
15376 104937 1 0
11819 98021 1 0
65982 1830 1 0
12771 44682 1 0
106365 91735 1 0
98796 91546 1 0
20614 7347 1 0
54287 17436 1 0
11228 1688 1 0
26815 99640 1 0
55826 100400 1 0
97168 41157 1 0
106350 10652 1 0
1572 57953 1 0
42344 5584 1 0
55826 6512 1 0
92032 10095 1 0
102504 68408 1 0
12116 3217 1 0
23503 14692 1 0
25536 3952 1 0
19820 6619 1 0
18292 6174 1 0
78573 100439 1 0
101171 104459 1 0
7016 10731 1 0
95766 37290 1 0
41301 25583 1 0
4582 6174 1 0
96646 41075 1 0
14601 38442 1 0
5720 5848 1 0
106455 105039 1 0
1830 5662 1 0
105039 68408 1 0
20065 41061 1 0
55426 15250 1 0
102330 102247 1 0
96613 4531 1 0
41157 40914 1 0
106212 8216 1 0
7702 93881 1 0
105039 41095 1 0
99432 20402 1 0
9060 97619 1 0
20342 6228 1 0
102398 17077 1 0
6463 12539 1 0
12424 92032 1 0
56460 9242 1 0
106498 13567 1 0
6702 19155 1 0
8266 101221 1 0
94117 7465 1 0
14135 9012 1 0
32119 7925 1 0
5977 12424 1 0
12917 103282 1 0
5036 26209 1 0
13172 4449 1 0
95811 7962 1 0
103525 7347 1 0
5720 7266 1 0
5361 8921 1 0
5507 8981 1 0
56566 49892 1 0
100111 74021 1 0
45753 98796 1 0
100037 2708 1 0
10203 15519 1 0
68160 10059 1 0
95420 87387 1 0
100338 4879 1 0
103346 4449 1 0
15064 92032 1 0
105573 105956 1 0
16690 9242 1 0
16844 106212 1 0
23503 9762 1 0
40571 105956 1 0
53837 17004 1 0
44757 10749 1 0
10549 47801 1 0
99432 105716 1 0
24149 41111 1 0
102247 7113 1 0
46266 10731 1 0
7383 28510 1 0
12991 10095 1 0
100037 104086 1 0
93579 5742 1 0
59425 94026 1 0
1186 101963 1 0
6228 75552 1 0
15376 41398 1 0
97945 3826 1 0
3217 59376 1 0
57096 11622 1 0
96507 102707 1 0
8266 7444 1 0
20460 104920 1 0
36024 58181 1 0
20535 41204 1 0
7313 41175 1 0
41315 17077 1 0
105447 15650 1 0
29117 71438 1 0
4474 91657 1 0
19394 6402 1 0
98567 10692 1 0
41204 9914 1 0
100643 98224 1 0
95891 103525 1 0
3650 3092 1 0
1751 50143 1 0
17077 6304 1 0
55592 91546 1 0
101994 103722 1 0
103141 93535 1 0
4474 9971 1 0
98894 13522 1 0
20342 98945 1 0
77406 69783 1 0
12317 8611 1 0
95766 1688 1 0
68939 27384 1 0
103487 9242 1 0
9743 7347 1 0
103027 36556 1 0
104937 94117 1 0
13172 95891 1 0
25078 5913 1 0
2672 3877 1 0
10878 103841 1 0
106246 93926 1 0
37868 7113 1 0
93683 16844 1 0
41584 93579 1 0
95811 11484 1 0
44229 11151 1 0
43683 80292 1 0
15552 103722 1 0
36024 2834 1 0
6437 7113 1 0
20065 98224 1 0
4423 96262 1 0
11172 3611 1 0
55826 41095 1 0
14657 8863 1 0
10804 103187 1 0
3248 15932 1 0
6002 15552 1 0
22682 8825 1 0
12224 3877 1 0
19820 41218 1 0
18292 15795 1 0
8186 3690 1 0
6096 23129 1 0
99593 102272 1 0
10095 97619 1 0
102435 25148 1 0
6839 6553 1 0
16985 11982 1 0
6174 4988 1 0
20579 23348 1 0
1865 35107 1 0
10933 6402 1 0
45237 12795 1 0
9517 105649 1 0
8797 3807 1 0
98006 56566 1 0
9762 79625 1 0
103614 97663 1 0
15250 100945 1 0
59376 26209 1 0
3092 10897 1 0
15156 14842 1 0
40788 87422 1 0
93926 17796 1 0
32301 1041 1 0
91546 105573 1 0
72334 105538 1 0
103346 12960 1 0
12406 8015 1 0
6595 3248 1 0
25348 7962 1 0
16844 10731 1 0
97845 22682 1 0
13222 103214 1 0
1186 10878 1 0
98796 36024 1 0
46067 105649 1 0
28288 103214 1 0
105877 11902 1 0
102151 5462 1 0
11228 17209 1 0
10230 102330 1 0
100893 10670 1 0
12771 13123 1 0
101250 11735 1 0
1715 100750 1 0
13989 15552 1 0
10822 91657 1 0
12960 12116 1 0
41432 93765 1 0
106212 56045 1 0
10391 67519 1 0
106365 103141 1 0
8825 5192 1 0
100773 2989 1 0
9914 101056 1 0
9576 36127 1 0
4087 56460 1 0
95407 55013 1 0
5742 104375 1 0
13472 1267 1 0
81878 104375 1 0
3390 1538 1 0
10230 6595 1 0
43942 10095 1 0
87422 3092 1 0
18292 12795 1 0
14637 14824 1 0
105102 5792 1 0
72334 7038 1 0
100111 27503 1 0
14824 8611 1 0
101899 106365 1 0
6860 104326 1 0
100773 14842 1 0
5507 20755 1 0
20088 55826 1 0
48958 12204 1 0
5324 9380 1 0
105538 71438 1 0
11819 2989 1 0
105623 105716 1 0
96551 27384 1 0
8981 104052 1 0
3390 3515 1 0
41315 14885 1 0
12834 55573 1 0
8533 99855 1 0
43683 101785 1 0
99395 20133 1 0
7383 100439 1 0
13284 8699 1 0
102330 98021 1 0
100790 100804 1 0
59376 20402 1 0
6247 11887 1 0
76035 80292 1 0
56431 15715 1 0
33336 73931 1 0
12317 69206 1 0
3092 16874 1 0
99855 19091 1 0
93535 9125 1 0
60225 8064 1 0
10710 101342 1 0
32173 3433 1 0
93683 101979 1 0
8533 57953 1 0
16711 12116 1 0
105266 99562 1 0
4908 16620 1 0
96507 1865 1 0
98006 105623 1 0
65982 95407 1 0
11546 20515 1 0
44682 3759 1 0
9936 98796 1 0
6619 8846 1 0
6619 102272 1 0
71654 104052 1 0
91916 3560 1 0
10479 6553 1 0
97168 6116 1 0
12052 7465 1 0
11735 8392 1 0
1688 15250 1 0
97979 97663 1 0
5065 9653 1 0
1942 46266 1 0
106431 7465 1 0
101785 93535 1 0
7544 5214 1 0
68939 96871 1 0
36127 4474 1 0
41232 9220 1 0
106498 5361 1 0
44757 45535 1 0
12565 11941 1 0
98584 20535 1 0
38636 24763 1 0
7857 9576 1 0
4908 96789 1 0
10351 104326 1 0
2708 7313 1 0
99292 11484 1 0
3560 55573 1 0
15064 19437 1 0
71813 23503 1 0
16157 95205 1 0
9786 12704 1 0
57953 6437 1 0
98610 6463 1 0
11754 6134 1 0
15795 13381 1 0
53837 41157 1 0
13435 6839 1 0
101757 37290 1 0
16690 18601 1 0
10822 5254 1 0
9242 4201 1 0
9220 33336 1 0
6116 41432 1 0
97845 44229 1 0
4988 9094 1 0
20695 55573 1 0
62152 4423 1 0
16620 47004 1 0
96613 25837 1 0
38442 106431 1 0
8064 72293 1 0
7821 81878 1 0
10897 95891 1 0
79625 12460 1 0
12204 694 1 0
106498 20342 1 0
106350 44682 1 0
4201 9810 1 0
95766 96848 1 0
8169 10915 1 0
20460 100790 1 0
59376 8797 1 0
8797 7016 1 0
10652 10692 1 0
93321 741 1 0
3248 7465 1 0
106431 98945 1 0
13522 1647 1 0
104035 99432 1 0
99855 101994 1 0
8392 105447 1 0
97663 14601 1 0
12204 5662 1 0
93299 2745 1 0
22159 8901 1 0
9743 96569 1 0
98894 73023 1 0
91294 3611 1 0
2208 12460 1 0
5462 41528 1 0
12679 7821 1 0
8323 41332 1 0
97979 12565 1 0
8169 103614 1 0
9220 1464 1 0
41232 3826 1 0
6487 23211 1 0
3305 41095 1 0
93535 26209 1 0
104533 6966 1 0
104375 14235 1 0
12460 11982 1 0
13499 103841 1 0
7702 97011 1 0
12771 9868 1 0
5584 24763 1 0
9674 7491 1 0
55826 39688 1 0
14692 25431 1 0
56566 3690 1 0
99855 71438 1 0
102707 9786 1 0
14766 4087 1 0
41157 11686 1 0
19394 16928 1 0
101979 105716 1 0
6228 3433 1 0
100804 100773 1 0
11902 103792 1 0
4605 8292 1 0
35852 40469 1 0
99121 11902 1 0
12096 103749 1 0
9125 22756 1 0
20695 92032 1 0
8392 41175 1 0
37290 13123 1 0
17040 103200 1 0
6353 102435 1 0
10095 9125 1 0
794 41232 1 0
100848 1942 1 0
10452 29596 1 0
3248 41432 1 0
101342 41075 1 0
44682 23276 1 0
99432 7661 1 0
4747 11355 1 0
27466 72781 1 0
11355 11982 1 0
19091 32694 1 0
94855 41332 1 0
96700 7347 1 0
5148 9220 1 0
13472 13140 1 0
103722 14637 1 0
104937 48375 1 0
10529 12834 1 0
22756 4988 1 0
73023 10351 1 0
9060 14216 1 0
54643 7544 1 0
43683 24696 1 0
100338 8392 1 0
6116 14178 1 0
31106 96700 1 0
54287 14158 1 0
20133 50143 1 0
13222 14657 1 0
103487 8064 1 0
1688 1041 1 0
7544 15813 1 0
41613 8098 1 0
3358 6595 1 0
20695 103346 1 0
12406 99292 1 0
13195 11887 1 0
7383 12406 1 0
10822 5977 1 0
106350 6383 1 0
80292 5742 1 0
104035 106212 1 0
41369 101006 1 0
59425 17004 1 0
741 3217 1 0
4582 91735 1 0
101221 4879 1 0
16928 7857 1 0
11151 8754 1 0
7821 13240 1 0
5584 6992 1 0
8169 11447 1 0
44014 93299 1 0
7721 98704 1 0
10897 105538 1 0
61202 45753 1 0
48375 77343 1 0
8825 15932 1 0
101221 2834 1 0
15376 4582 1 0
5701 55826 1 0
98021 45535 1 0
76035 94527 1 0
6553 9517 1 0
98704 6174 1 0
91591 41432 1 0
101785 7016 1 0
24763 2369 1 0
32301 55426 1 0
9896 93657 1 0
32301 14178 1 0
105336 41584 1 0
4879 69783 1 0
7465 9674 1 0
32301 68160 1 0
6798 11962 1 0
101785 9380 1 0
56045 10804 1 0
55826 7016 1 0
9953 41218 1 0
23398 6860 1 0
45840 10230 1 0
12116 1830 1 0
68281 55826 1 0
106388 103722 1 0
105850 13156 1 0
22774 1572 1 0
20065 31494 1 0
20460 105573 1 0
5110 9674 1 0
68281 36556 1 0
85619 99395 1 0
20402 45429 1 0
1647 106246 1 0
105716 10529 1 0
98224 5584 1 0
8266 96871 1 0
99640 9012 1 0
14692 105716 1 0
6206 12424 1 0
103614 44682 1 0
4964 93881 1 0
103282 103200 1 0
7266 14657 1 0
100643 62849 1 0
55573 9268 1 0
46266 32119 1 0
102247 11306 1 0
99562 10036 1 0
47004 10841 1 0
12424 24696 1 0
46266 16808 1 0
17796 59425 1 0
8720 101342 1 0
95588 101963 1 0
43683 3690 1 0
92243 7906 1 0
15250 20780 1 0
1267 10878 1 0
55592 96848 1 0
5792 100804 1 0
20653 15376 1 0
11151 100111 1 0
5110 3611 1 0
101963 9125 1 0
56460 45552 1 0
17004 15932 1 0
11982 24696 1 0
98584 8352 1 0
101979 102623 1 0
2868 2672 1 0
11394 59376 1 0
18918 10374 1 0
101006 102151 1 0
100773 1688 1 0
13140 8015 1 0
45658 75552 1 0
97120 69206 1 0
12565 9242 1 0
77406 4531 1 0
103749 17209 1 0
9312 105447 1 0
11819 22159 1 0
14637 101963 1 0
23276 29117 1 0
5662 9896 1 0
9702 45535 1 0
18309 95073 1 0
106431 6247 1 0
43942 13222 1 0
106498 10670 1 0
10822 41350 1 0
9936 71813 1 0
5361 9936 1 0
694 9493 1 0
8551 55826 1 0
95407 14885 1 0
85619 3759 1 0
14787 103792 1 0
15650 6073 1 0
56326 98653 1 0
25148 100166 1 0
9953 6096 1 0
10804 36440 1 0
14904 3515 1 0
9914 20088 1 0
41157 14135 1 0
19155 56326 1 0
43853 76035 1 0
69432 2768 1 0
7347 9536 1 0
100037 12795 1 0
41398 2672 1 0
5214 44229 1 0
93657 44014 1 0
58181 96551 1 0
104326 55592 1 0
97053 106365 1 0
3740 8981 1 0
100750 2208 1 0
11306 62527 1 0
11819 95407 1 0
41128 35852 1 0
14601 69206 1 0
23348 105336 1 0
46266 47004 1 0
9312 6353 1 0
20460 6758 1 0
6512 1267 1 0
59848 101319 1 0
7216 5036 1 0
1647 4988 1 0
6174 1740 1 0
3358 3650 1 0
10059 20515 1 0
3952 17258 1 0
20579 5148 1 0
8098 14710 1 0
100166 99395 1 0
10095 7347 1 0
44229 16620 1 0
8699 97650 1 0
33148 7313 1 0
96700 14235 1 0
103448 65982 1 0
40571 100750 1 0
4605 102504 1 0
104342 105447 1 0
39688 100750 1 0
10731 15552 1 0
106431 91451 1 0
8169 55013 1 0
5254 57389 1 0
15715 106388 1 0
70530 103346 1 0
6512 44682 1 0
67831 5886 1 0
103282 104481 1 0
106455 5214 1 0
10411 57389 1 0
106365 16808 1 0
101250 102733 1 0
98653 104459 1 0
100111 105687 1 0
5254 5110 1 0
105716 15064 1 0
15795 1740 1 0
101994 95891 1 0
22682 56326 1 0
101171 13381 1 0
104533 1830 1 0
6134 30730 1 0
10122 12116 1 0
9125 13472 1 0
1740 9702 1 0
98894 3092 1 0
92243 99320 1 0
15932 105266 1 0
8098 13306 1 0
95073 8634 1 0
14805 103346 1 0
7906 50421 1 0
14618 25431 1 0
59376 19820 1 0
33455 15813 1 0
1942 103487 1 0
5886 40571 1 0
8533 95192 1 0
6073 97901 1 0
8950 99121 1 0
19394 5214 1 0
62046 104533 1 0
741 50595 1 0
10841 102707 1 0
101757 42344 1 0
20780 98071 1 0
41232 103525 1 0
98945 35107 1 0
96569 43853 1 0
694 29117 1 0
11843 97845 1 0
29117 8863 1 0
71813 97168 1 0
8436 11887 1 0
103200 40750 1 0
28510 97619 1 0
93657 103187 1 0
18918 3358 1 0
1751 6116 1 0
5662 32301 1 0
97979 8634 1 0
39026 11322 1 0
6512 15932 1 0
23503 7266 1 0
103187 105102 1 0
94855 101056 1 0
14726 14601 1 0
20780 26209 1 0
15715 14601 1 0
10633 31494 1 0
97477 100510 1 0
16743 11622 1 0
27503 14824 1 0
4964 7661 1 0
73023 102398 1 0
45840 12795 1 0
41232 6002 1 0
69396 54287 1 0
13989 95192 1 0
12096 14885 1 0
93765 5792 1 0
9896 103187 1 0
103448 105025 1 0
14726 104086 1 0
8676 6247 1 0
3390 96262 1 0
96646 4201 1 0
103639 104326 1 0
97477 68160 1 0
95073 14710 1 0
11982 26209 1 0
7016 25148 1 0
105932 12679 1 0
26370 103346 1 0
19091 5015 1 0
1186 31106 1 0
103027 55573 1 0
10549 97650 1 0
9242 57389 1 0
99640 3807 1 0
93299 106388 1 0
106455 20065 1 0
13123 3560 1 0
8115 96507 1 0
99517 91462 1 0
12771 106388 1 0
5036 62046 1 0
37868 5036 1 0
3690 22159 1 0
15250 96551 1 0
87422 1572 1 0
41332 41204 1 0
34088 16121 1 0
55826 16711 1 0
55396 6228 1 0
27337 19437 1 0
24696 14805 1 0
87422 96963 1 0
60225 20088 1 0
1942 101785 1 0
100643 17359 1 0
29117 93299 1 0
9268 5036 1 0
44014 3650 1 0
1464 5886 1 0
101963 104342 1 0
4474 1688 1 0
20780 33336 1 0
99640 14787 1 0
12096 46067 1 0
99855 9424 1 0
20515 7038 1 0
100643 40914 1 0
3560 99517 1 0
91916 11394 1 0
20695 102623 1 0
17209 44014 1 0
68408 72781 1 0
98210 20614 1 0
10822 105336 1 0
13435 93881 1 0
7882 9517 1 0
2834 101757 1 0
5742 8653 1 0
18292 9576 1 0
10652 12960 1 0
101342 71813 1 0
71813 102504 1 0
62849 74021 1 0
91657 104863 1 0
9293 62152 1 0
8901 96646 1 0
7721 50570 1 0
105336 79625 1 0
100166 44682 1 0
12834 8551 1 0
11151 10452 1 0
106455 12424 1 0
41232 1538 1 0
105850 87472 1 0
103282 98006 1 0
41175 99666 1 0
6595 28288 1 0
105956 96507 1 0
12960 39026 1 0
18051 106455 1 0
12134 10878 1 0
14178 72781 1 0
47801 14885 1 0
41111 103722 1 0
13472 11982 1 0
9424 24783 1 0
50143 103749 1 0
104035 9220 1 0
6247 9493 1 0
103282 101221 1 0
10351 9830 1 0
35852 15156 1 0
7857 9936 1 0
8064 101006 1 0
95407 3826 1 0
6576 25148 1 0
35852 12152 1 0
38636 106455 1 0
28510 41628 1 0
25148 79625 1 0
10203 44757 1 0
9493 7661 1 0
96569 6992 1 0
13381 94026 1 0
85619 7347 1 0
1865 87408 1 0
97011 16985 1 0
4964 68939 1 0
41369 1041 1 0
43853 1830 1 0
16620 26209 1 0
6096 5254 1 0
9702 104326 1 0
25837 14637 1 0
5742 103141 1 0
73931 6228 1 0
19091 6096 1 0
104481 62849 1 0
92243 105496 1 0
105573 98224 1 0
794 98224 1 0
41599 39688 1 0
69432 71654 1 0
105731 99320 1 0
96613 97168 1 0
32800 3690 1 0
13361 8352 1 0
2208 76035 1 0
30730 8699 1 0
103214 8901 1 0
6096 11306 1 0
102272 95219 1 0
41415 95420 1 0
8950 13361 1 0
3807 95192 1 0
92243 96613 1 0
71438 8699 1 0
9576 24696 1 0
8634 94592 1 0
72293 17209 1 0
103722 12442 1 0
11322 6116 1 0
12539 100510 1 0
59555 41496 1 0
103749 93881 1 0
15376 103214 1 0
45535 104863 1 0
12134 41075 1 0
14710 3952 1 0
11941 99121 1 0
71438 1942 1 0
69396 9786 1 0
20460 13567 1 0
69783 101221 1 0
10529 1942 1 0
104459 14618 1 0
7216 27337 1 0
7444 42344 1 0
18292 6619 1 0
11982 96569 1 0
3410 9125 1 0
7925 5507 1 0
56431 9702 1 0
5977 7882 1 0
10529 10374 1 0
98210 8216 1 0
8592 4964 1 0
3921 104375 1 0
99666 13499 1 0
13156 10508 1 0
24783 12442 1 0
6116 9220 1 0
14618 9830 1 0
36556 8825 1 0
8186 47801 1 0
11754 103749 1 0
61217 96789 1 0
10296 78573 1 0
41509 11715 1 0
20342 41218 1 0
9268 27503 1 0
5662 14692 1 0
101006 6619 1 0
7882 6049 1 0
102466 9125 1 0
11887 97031 1 0
6049 36024 1 0
10710 35107 1 0
5015 7882 1 0
6206 67519 1 0
41528 11355 1 0
103282 36556 1 0
6798 16620 1 0
17258 7465 1 0
15650 97031 1 0
105649 26370 1 0
100037 14692 1 0
33148 98945 1 0
11172 22682 1 0
53837 13361 1 0
78573 100750 1 0
68218 7016 1 0
6966 794 1 0
19722 99395 1 0
22682 35852 1 0
8186 41432 1 0
16743 3390 1 0
85619 45658 1 0
101221 9536 1 0
95407 96613 1 0
32252 8436 1 0
14178 95420 1 0
27337 100534 1 0
102247 61202 1 0
98653 95811 1 0
15650 13156 1 0
92243 55592 1 0
27466 6383 1 0
41157 7491 1 0
105731 9125 1 0
16620 104375 1 0
97920 99517 1 0
4201 17436 1 0
11887 101785 1 0
694 8921 1 0
24149 41095 1 0
11322 27503 1 0
103346 44014 1 0
104459 2834 1 0
65150 12991 1 0
12424 7016 1 0
41095 16874 1 0
101568 41528 1 0
12991 14601 1 0
72781 97155 1 0
19155 18601 1 0
10633 54643 1 0
97477 43853 1 0
106431 74021 1 0
8921 11982 1 0
12096 15376 1 0
105877 48375 1 0
12258 10122 1 0
40788 33103 1 0
8797 6353 1 0
101963 10822 1 0
14158 10731 1 0
97979 101963 1 0
97945 11151 1 0
106350 96871 1 0
4822 5462 1 0
104863 3390 1 0
5462 7038 1 0
58181 53837 1 0
85619 40469 1 0
102398 100037 1 0
3305 5720 1 0
4747 9576 1 0
92046 8098 1 0
5701 2834 1 0
95588 41369 1 0
61217 1186 1 0
104863 103282 1 0
98796 3248 1 0
103749 4582 1 0
6073 71654 1 0
41030 44757 1 0
93579 3952 1 0
27337 9653 1 0
38636 25431 1 0
6992 6941 1 0
105538 77406 1 0
4988 7113 1 0
10391 101979 1 0
1647 105649 1 0
8436 13240 1 0
5886 9576 1 0
7962 16808 1 0
61202 1572 1 0
69206 12204 1 0
104035 93657 1 0
104863 41528 1 0
41175 105687 1 0
6915 8015 1 0
95205 103722 1 0
45552 2745 1 0
5640 33148 1 0
41584 1688 1 0
6282 3305 1 0
41157 5701 1 0
17359 57953 1 0
8846 12539 1 0
10529 8148 1 0
13140 56431 1 0
23211 12096 1 0
7821 101342 1 0
103749 7266 1 0
106431 10692 1 0
56566 62046 1 0
102151 98021 1 0
68218 16844 1 0
101342 103639 1 0
98006 99855 1 0
19394 23503 1 0
6839 100945 1 0
106388 98210 1 0
5640 1830 1 0
68102 69432 1 0
5977 4964 1 0
2768 26209 1 0
28510 41232 1 0
9312 8825 1 0
105850 12368 1 0
5110 7857 1 0
5886 20431 1 0
105039 94855 1 0
12442 15795 1 0
8533 104086 1 0
17796 59555 1 0
5065 99395 1 0
11941 59848 1 0
100439 20780 1 0
10933 9094 1 0
95407 23503 1 0
3410 72334 1 0
20402 102200 1 0
95766 44682 1 0
8676 54154 1 0
10633 97168 1 0
106498 9220 1 0
6353 11322 1 0
17258 13522 1 0
19091 5640 1 0
4087 41218 1 0
7857 10250 1 0
19820 12565 1 0
41095 8064 1 0
25078 70530 1 0
93765 3410 1 0
91735 10692 1 0
20695 4605 1 0
99855 15552 1 0
12368 13435 1 0
26370 3690 1 0
100750 11962 1 0
41432 8676 1 0
10122 11798 1 0
8436 98584 1 0
12679 4553 1 0
5254 105102 1 0
8169 68102 1 0
5148 49892 1 0
14235 20535 1 0
3305 100773 1 0
2208 20515 1 0
94527 50143 1 0
105266 103841 1 0
98945 5913 1 0
14805 96158 1 0
101319 101342 1 0
94527 13472 1 0
71813 56566 1 0
6553 61217 1 0
14805 45535 1 0
36440 14842 1 0
18918 72293 1 0
56326 79625 1 0
97011 15156 1 0
101757 92032 1 0
13499 3826 1 0
81878 8699 1 0
102398 27384 1 0
47004 21094 1 0
34088 22159 1 0
23503 8863 1 0
1740 5462 1 0
6619 98610 1 0
10508 16140 1 0
103525 36556 1 0
96507 7594 1 0
59848 93683 1 0
10749 5192 1 0
5065 11322 1 0
5015 13567 1 0
97650 101006 1 0
19394 65150 1 0
11172 41332 1 0
20065 9060 1 0
1865 11447 1 0
92046 10841 1 0
1186 68408 1 0
100790 96700 1 0
93881 93657 1 0
27384 9724 1 0
106246 11355 1 0
6073 7216 1 0
9312 12442 1 0
13030 95205 1 0
20579 20515 1 0
101757 15650 1 0
44229 93765 1 0
92032 7444 1 0
741 2369 1 0
12204 9653 1 0
8186 100037 1 0
11622 10059 1 0
50421 4908 1 0
92046 105877 1 0
20755 3759 1 0
41350 60225 1 0
11887 12864 1 0
101006 101171 1 0
19091 95891 1 0
14657 17258 1 0
6619 23211 1 0
103346 93535 1 0
98610 95219 1 0
91451 5423 1 0
9493 9242 1 0
15813 70530 1 0
10897 4087 1 0
3952 54287 1 0
35107 96551 1 0
14842 46266 1 0
6512 54643 1 0
95420 59848 1 0
96569 105025 1 0
20342 19091 1 0
3217 9268 1 0
62046 9762 1 0
36024 11322 1 0
12834 32252 1 0
87472 20088 1 0
9743 6595 1 0
91591 36024 1 0
6512 5254 1 0
3740 98021 1 0
71813 104920 1 0
103614 91916 1 0
8015 8981 1 0
10633 14637 1 0
97979 8825 1 0
1186 3217 1 0
17077 11546 1 0
5361 96262 1 0
7216 6915 1 0
99640 14842 1 0
1267 50421 1 0
14766 96551 1 0
7038 31494 1 0
68218 91451 1 0
106431 2745 1 0
19394 8634 1 0
102623 6941 1 0
103027 20133 1 0
4449 22774 1 0
3587 11415 1 0
72293 56045 1 0
43853 8754 1 0
11715 100166 1 0
13222 97011 1 0
9293 100534 1 0
6353 19155 1 0
33336 100804 1 0
10897 97979 1 0
8921 6915 1 0
1267 6228 1 0
6402 101006 1 0
3275 1538 1 0
72781 26370 1 0
36556 12960 1 0
8098 102330 1 0
18601 25348 1 0
100439 50595 1 0
87408 45753 1 0
101221 5640 1 0
41332 99640 1 0
102272 14787 1 0
100111 7821 1 0
12834 34088 1 0
26815 2414 1 0
2708 5742 1 0
104086 4988 1 0
102398 16140 1 0
14637 39688 1 0
37290 8634 1 0
20535 101171 1 0
102200 55592 1 0
4087 65982 1 0
92243 72293 1 0
11228 3650 1 0
8064 91747 1 0
102247 13989 1 0
103012 41496 1 0
13567 104086 1 0
105102 35107 1 0
14885 6206 1 0
8169 39026 1 0
1538 3248 1 0
10549 1740 1 0
12368 4423 1 0
16808 73023 1 0
103448 15795 1 0
19394 95073 1 0
68281 13156 1 0
106296 17258 1 0
17004 13172 1 0
95588 18309 1 0
8015 77343 1 0
10529 39026 1 0
9786 15795 1 0
7544 55826 1 0
10479 101319 1 0
95407 25078 1 0
59425 7347 1 0
8720 41111 1 0
105102 5423 1 0
19722 104920 1 0
102504 2369 1 0
41075 100037 1 0
12679 102272 1 0
98210 91747 1 0
9268 2834 1 0
8653 68160 1 0
12258 91462 1 0
12460 44229 1 0
101319 98071 1 0
97901 7465 1 0
12460 7925 1 0
20535 5324 1 0
91546 3217 1 0
33148 102200 1 0
41398 70530 1 0
5913 12424 1 0
101319 87422 1 0
57239 7882 1 0
15932 6941 1 0
97168 1830 1 0
25078 5462 1 0
6595 105731 1 0
24783 104326 1 0
43942 16290 1 0
5015 97053 1 0
6437 99320 1 0
5662 4988 1 0
41218 103141 1 0
22159 68661 1 0
102466 8392 1 0
55396 35107 1 0
6383 59425 1 0
12224 85619 1 0
11447 91735 1 0
81878 44682 1 0
93657 32119 1 0
56326 91657 1 0
12204 12116 1 0
12406 13499 1 0
12204 1267 1 0
41075 6156 1 0
41301 41095 1 0
8720 24763 1 0
93765 104052 1 0
10841 55826 1 0
68408 6247 1 0
103012 17077 1 0
103639 67831 1 0
7313 6860 1 0
16711 9268 1 0
20579 15795 1 0
10933 104863 1 0
9810 95811 1 0
8676 24783 1 0
10549 10296 1 0
11151 6860 1 0
40469 8436 1 0
13030 11447 1 0
99593 45879 1 0
99444 105649 1 0
101171 12771 1 0
103639 8392 1 0
41613 56109 1 0
24763 22159 1 0
13567 5192 1 0
56431 25078 1 0
95192 9702 1 0
25837 25078 1 0
97845 26370 1 0
1464 8754 1 0
104035 69432 1 0
13140 76035 1 0
7857 12258 1 0
10804 17359 1 0
7444 38636 1 0
20780 4747 1 0
99562 105716 1 0
10933 105336 1 0
11355 96158 1 0
104375 102435 1 0
4582 6619 1 0
6174 12134 1 0
3759 98006 1 0
2989 41301 1 0
97031 10351 1 0
14216 103639 1 0
105956 18309 1 0
10250 16620 1 0
44229 93881 1 0
97011 8292 1 0
106431 16690 1 0
104342 14158 1 0
10731 98567 1 0
9517 5720 1 0
4087 3560 1 0
2745 12096 1 0
60225 11622 1 0
16985 69432 1 0
41301 17004 1 0
27503 9424 1 0
58181 15795 1 0
106455 106498 1 0
96507 102466 1 0
103214 13195 1 0
17077 34944 1 0
5640 7313 1 0
9953 5462 1 0
3826 32252 1 0
36440 103214 1 0
54643 105447 1 0
9702 106431 1 0
7081 12815 1 0
11715 8064 1 0
98653 6941 1 0
9517 41584 1 0
1715 68281 1 0
9060 103525 1 0
56460 8981 1 0
100848 10479 1 0
6353 41030 1 0
8981 20460 1 0
10250 6512 1 0
7081 20535 1 0
45840 14824 1 0
1572 100510 1 0
11394 2745 1 0
13435 98796 1 0
103614 67831 1 0
23276 93926 1 0
20535 6049 1 0
102200 98796 1 0
59425 102733 1 0
50570 28510 1 0
9653 6002 1 0
6941 794 1 0
14805 9724 1 0
32694 23276 1 0
101785 97845 1 0
53837 13123 1 0
91451 41415 1 0
12204 54643 1 0
101319 97619 1 0
22774 15250 1 0
12960 41157 1 0
2989 43683 1 0
10652 5324 1 0
6645 96700 1 0
97619 37290 1 0
76035 10122 1 0
13284 106212 1 0
10692 36440 1 0
98567 11306 1 0
5324 104035 1 0
7266 8611 1 0
23211 34088 1 0
4908 93299 1 0
20431 12134 1 0
10230 39688 1 0
7313 9220 1 0
72781 98071 1 0
101568 8921 1 0
12258 10391 1 0
55573 12539 1 0
20065 104459 1 0
12204 17004 1 0
12258 10411 1 0
6553 95205 1 0
6096 10411 1 0
19091 13140 1 0
11819 2369 1 0
102504 99444 1 0
38442 94026 1 0
11735 100166 1 0
24783 106388 1 0
106350 7113 1 0
62849 102707 1 0
8981 87408 1 0
98610 6353 1 0
10915 103448 1 0
6487 2414 1 0
41398 6595 1 0
97901 3952 1 0
7016 14692 1 0
99395 9380 1 0
103200 62527 1 0
56045 9060 1 0
6992 8921 1 0
13361 105687 1 0
4879 10933 1 0
17796 105573 1 0
47801 6595 1 0
4423 95811 1 0
104326 3807 1 0
8436 7906 1 0
13989 106350 1 0
68939 5214 1 0
1688 9470 1 0
4474 95205 1 0
56431 12679 1 0
100037 9896 1 0
27503 4553 1 0
12917 10479 1 0
3248 16808 1 0
10878 16290 1 0
17004 80292 1 0
104459 41030 1 0
99444 26370 1 0
16808 23398 1 0
1830 4087 1 0
6839 20755 1 0
15795 27384 1 0
37290 6174 1 0
41095 10250 1 0
12096 62152 1 0
6576 105956 1 0
47801 1186 1 0
96158 14692 1 0
100243 59555 1 0
3433 56460 1 0
106365 5423 1 0
91657 98567 1 0
100945 12565 1 0
9868 54287 1 0
95811 12096 1 0
96848 93765 1 0
4497 20065 1 0
98945 100790 1 0
10731 3515 1 0
14885 9810 1 0
95192 20088 1 0
41315 13195 1 0
6595 62152 1 0
11715 13306 1 0
91747 11902 1 0
11622 7313 1 0
2369 93321 1 0
99562 741 1 0
5361 8392 1 0
92046 97011 1 0
36440 100338 1 0
41350 105266 1 0
18051 6553 1 0
105336 11306 1 0
14805 96789 1 0
57389 46067 1 0
20431 68939 1 0
16711 11868 1 0
70530 6073 1 0
62849 1572 1 0
100338 95192 1 0
71654 15156 1 0
101899 11484 1 0
104342 32694 1 0
20653 20460 1 0
6966 3248 1 0
81878 102466 1 0
12991 26370 1 0
97920 6049 1 0
100400 97120 1 0
10122 4201 1 0
50421 11962 1 0
14710 99593 1 0
11819 101056 1 0
57953 9953 1 0
92243 22774 1 0
10452 46067 1 0
17077 97477 1 0
12134 9702 1 0
8323 7134 1 0
71654 22774 1 0
97663 11868 1 0
694 105649 1 0
34088 31106 1 0
102247 96569 1 0
45753 46266 1 0
41332 4582 1 0
93881 95219 1 0
4988 41315 1 0
10692 98796 1 0
68939 12152 1 0
5662 99216 1 0
9536 4605 1 0
41350 14657 1 0
37290 40571 1 0
55592 5110 1 0
106212 9762 1 0
72334 95219 1 0
3952 11941 1 0
45840 6383 1 0
17796 71654 1 0
96613 17209 1 0
23276 103749 1 0
16985 103200 1 0
14904 34944 1 0
14904 7882 1 0
7962 73931 1 0
96569 6402 1 0
104459 41332 1 0
15650 12152 1 0
1715 101963 1 0
97663 104533 1 0
8981 96507 1 0
50570 8981 1 0
5977 6966 1 0
6645 57389 1 0
5886 10549 1 0
33103 97901 1 0
102466 45658 1 0
91462 40914 1 0
101319 15064 1 0
10915 14692 1 0
11151 1538 1 0
45753 7465 1 0
96646 41350 1 0
41061 8592 1 0
2745 99444 1 0
103187 56109 1 0
97031 20755 1 0
55396 99562 1 0
104920 9896 1 0
9786 92243 1 0
62046 3305 1 0
12460 80292 1 0
101899 12795 1 0
9125 16808 1 0
5214 1715 1 0
8064 14235 1 0
95891 6228 1 0
15795 105102 1 0
4605 10804 1 0
10203 4747 1 0
71813 105025 1 0
19820 15650 1 0
105039 100243 1 0
9830 9558 1 0
10633 11843 1 0
97901 9312 1 0
7882 72781 1 0
1538 12917 1 0
6463 16690 1 0
5361 68160 1 0
6966 106498 1 0
3759 104937 1 0
100773 25536 1 0
87387 96158 1 0
36556 10411 1 0
105447 45535 1 0
96569 12406 1 0
96848 8551 1 0
4497 13123 1 0
1647 1830 1 0
20847 8115 1 0
5015 87422 1 0
10933 3358 1 0
96262 9653 1 0
93881 105039 1 0
6992 97053 1 0
99517 12317 1 0
1464 9517 1 0
8015 104863 1 0
100439 40750 1 0
97031 36024 1 0
12052 22774 1 0
4747 9536 1 0
20431 75552 1 0
45552 41350 1 0
103792 1751 1 0
96848 7661 1 0
9517 24783 1 0
36127 96507 1 0
9971 62527 1 0
16928 55396 1 0
36440 33103 1 0
7661 6402 1 0
9936 98224 1 0
68661 97845 1 0
41111 11228 1 0
91735 8611 1 0
100790 19394 1 0
104326 91546 1 0
104920 10250 1 0
14692 4474 1 0
7594 102330 1 0
19820 101319 1 0
15552 13567 1 0
20515 8981 1 0
103487 102707 1 0
12460 91735 1 0
14726 12539 1 0
32173 93881 1 0
5913 14766 1 0
11735 98071 1 0
32119 4201 1 0
50570 8825 1 0
62849 6915 1 0
19155 1830 1 0
56431 101994 1 0
26370 7491 1 0
105731 100166 1 0
2208 40469 1 0
15250 18051 1 0
9724 6247 1 0
101221 103525 1 0
18918 87422 1 0
39026 7661 1 0
7906 1041 1 0
16928 103012 1 0
61202 35107 1 0
14842 17796 1 0
72781 81878 1 0
6383 16874 1 0
9702 50595 1 0
6402 23211 1 0
4582 106212 1 0
28510 80292 1 0
24149 9293 1 0
101757 24696 1 0
6839 6758 1 0
93535 48958 1 0
6798 6992 1 0
14178 97031 1 0
17209 6002 1 0
105447 14726 1 0
7016 17077 1 0
99593 8533 1 0
8015 6353 1 0
8064 15250 1 0
9762 10059 1 0
4988 19820 1 0
8266 18051 1 0
35645 99517 1 0
10508 7295 1 0
105039 9493 1 0
62152 59848 1 0
44229 40788 1 0
20402 45552 1 0
41232 1186 1 0
102247 1751 1 0
6049 10122 1 0
3826 97011 1 0
38636 9536 1 0
12224 12460 1 0
105956 16874 1 0
9536 1751 1 0
100804 95766 1 0
5662 8754 1 0
25431 67831 1 0
78573 5462 1 0
7882 14726 1 0
10670 9896 1 0
99121 79625 1 0
13567 10731 1 0
41075 32301 1 0
54643 10822 1 0
5423 10633 1 0
4605 100400 1 0
80292 41061 1 0
9242 3410 1 0
18292 12424 1 0
41175 12258 1 0
794 19091 1 0
48375 95420 1 0
12815 11819 1 0
13030 8064 1 0
15932 14601 1 0
19091 694 1 0
32301 99432 1 0
106365 8720 1 0
11484 74021 1 0
41628 10411 1 0
50252 99640 1 0
105447 30730 1 0
105538 105850 1 0
87408 71654 1 0
45879 25078 1 0
10710 45658 1 0
20614 41528 1 0
11715 34944 1 0
96613 8611 1 0
7906 46067 1 0
106498 87387 1 0
16743 11819 1 0
101963 33455 1 0
7994 10933 1 0
37868 6966 1 0
14805 12991 1 0
41509 15250 1 0
16844 25583 1 0
100400 98610 1 0
12116 93881 1 0
10059 12864 1 0
41095 97920 1 0
8676 16121 1 0
9914 15932 1 0
33148 6096 1 0
20088 105731 1 0
98584 14805 1 0
25348 11322 1 0
101221 7747 1 0
11228 22774 1 0
101568 14178 1 0
20653 9094 1 0
9810 10230 1 0
96551 59848 1 0
99444 8653 1 0
19155 15015 1 0
794 96613 1 0
95420 41584 1 0
95407 31494 1 0
101194 10250 1 0
9517 45753 1 0
41175 8436 1 0
34944 96507 1 0
13361 103749 1 0
9094 14787 1 0
27384 20579 1 0
8148 61217 1 0
100400 55013 1 0
41599 102398 1 0
95420 9268 1 0
15813 102466 1 0
7747 7134 1 0
12565 5584 1 0
44229 1942 1 0
55013 12442 1 0
98021 7702 1 0
105496 104920 1 0
10122 6463 1 0
99855 9094 1 0
28288 62527 1 0
5848 41509 1 0
10670 41432 1 0
20614 16121 1 0
6941 106350 1 0
20515 26850 1 0
10296 3390 1 0
93926 56460 1 0
15932 93299 1 0
20515 11228 1 0
7081 6304 1 0
8551 14216 1 0
97053 4879 1 0
7113 41030 1 0
6096 16985 1 0
1751 11686 1 0
106498 6860 1 0
62849 11415 1 0
9702 14766 1 0
20535 24149 1 0
57239 41628 1 0
3826 104086 1 0
9424 41432 1 0
3807 99593 1 0
20402 55426 1 0
8148 103214 1 0
102330 102707 1 0
10878 41157 1 0
45552 45429 1 0
105623 9493 1 0
94527 72293 1 0
12834 104459 1 0
101171 25583 1 0
103841 12442 1 0
3877 68218 1 0
95073 14842 1 0
97736 9268 1 0
41157 14787 1 0
741 96158 1 0
15795 23276 1 0
3305 8514 1 0
95811 41175 1 0
23503 16121 1 0
14842 5701 1 0
794 7216 1 0
9786 102247 1 0
5742 104459 1 0
59425 9424 1 0
2414 25078 1 0
100750 98945 1 0
9762 41415 1 0
41111 41509 1 0
25536 14178 1 0
105687 94855 1 0
100400 20515 1 0
14158 40750 1 0
24783 8098 1 0
8015 100893 1 0
35107 8720 1 0
104920 6383 1 0
31106 40914 1 0
14842 18918 1 0
5036 49892 1 0
4879 14904 1 0
36024 8015 1 0
8846 106246 1 0
13222 2414 1 0
67519 1041 1 0
10508 99562 1 0
96507 11151 1 0
102435 55592 1 0
4423 55826 1 0
99666 101319 1 0
20780 16157 1 0
101319 4449 1 0
6116 72293 1 0
36440 7313 1 0
57239 97011 1 0
87387 16844 1 0
12258 5324 1 0
95407 24763 1 0
69783 93535 1 0
13140 101319 1 0
7721 103027 1 0
74021 3390 1 0
16928 8551 1 0
6512 94117 1 0
13284 6798 1 0
16157 39688 1 0
11887 100338 1 0
8216 33455 1 0
5977 69396 1 0
99216 1865 1 0
56326 96963 1 0
6134 3410 1 0
1538 36440 1 0
96551 6992 1 0
99517 5640 1 0
55573 23276 1 0
104052 4605 1 0
97901 99640 1 0
12406 101250 1 0
6512 32800 1 0
3690 45535 1 0
7994 43683 1 0
14637 8720 1 0
104035 104052 1 0
9971 48375 1 0
67831 6619 1 0
67519 101994 1 0
12317 92032 1 0
6174 2369 1 0
2369 11843 1 0
6487 97155 1 0
41613 96848 1 0
104863 1186 1 0
45429 3305 1 0
25348 3690 1 0
29596 12368 1 0
106455 105877 1 0
97619 57096 1 0
7721 15795 1 0
10915 95766 1 0
13337 10230 1 0
9312 41584 1 0
99593 47004 1 0
43683 4822 1 0
4879 10036 1 0
37868 91735 1 0
3740 32252 1 0
22756 10915 1 0
11902 6619 1 0
12771 96507 1 0
73931 2745 1 0
4531 41350 1 0
6247 99666 1 0
12406 106246 1 0
8186 11355 1 0
103346 15064 1 0
91735 10933 1 0
23398 5423 1 0
8436 16157 1 0
33336 7295 1 0
11484 97619 1 0
9268 44682 1 0
16620 103187 1 0
97901 7134 1 0
57239 7491 1 0
20535 11819 1 0
33103 6553 1 0
91747 103722 1 0
105716 21094 1 0
12539 33148 1 0
12096 14235 1 0
19091 26370 1 0
93579 102398 1 0
96262 100166 1 0
97120 9312 1 0
93683 47801 1 0
39026 95192 1 0
44229 9971 1 0
3759 80292 1 0
38442 8981 1 0
5015 5065 1 0
91451 10897 1 0
4531 7465 1 0
100804 16985 1 0
93579 13172 1 0
95192 1740 1 0
8592 94592 1 0
103282 1538 1 0
14618 7266 1 0
103346 20402 1 0
40788 11306 1 0
23348 6576 1 0
10391 20653 1 0
41332 41075 1 0
94527 95219 1 0
8825 98796 1 0
102435 13989 1 0
102330 15552 1 0
36440 96789 1 0
32800 101899 1 0
13522 13499 1 0
62152 41350 1 0
1715 106350 1 0
45535 7491 1 0
11819 45237 1 0
11887 35852 1 0
105025 12258 1 0
16620 5324 1 0
97619 11622 1 0
15156 91591 1 0
5361 54287 1 0
97120 8266 1 0
6228 6116 1 0
10749 4988 1 0
6156 58181 1 0
14235 14135 1 0
104086 3611 1 0
16928 24149 1 0
7465 741 1 0
9470 3611 1 0
6096 11322 1 0
55826 9971 1 0
15156 11394 1 0
6463 28510 1 0
13306 95205 1 0
100750 15376 1 0
17077 98653 1 0
3921 15376 1 0
6383 2989 1 0
100510 13140 1 0
7747 3587 1 0
9810 3759 1 0
12152 101963 1 0
5792 7081 1 0
16874 45753 1 0
96700 9517 1 0
5507 16620 1 0
4605 6645 1 0
96700 12258 1 0
7295 102200 1 0
98894 6992 1 0
10479 59425 1 0
11843 26209 1 0
18292 87408 1 0
103214 106498 1 0
6383 68281 1 0
9094 20614 1 0
41157 41175 1 0
105850 11982 1 0
41628 103841 1 0
13306 9762 1 0
9702 95766 1 0
92243 102247 1 0
2208 97650 1 0
101221 17004 1 0
11735 36556 1 0
75552 9953 1 0
6702 4553 1 0
59555 54643 1 0
3390 6282 1 0
41628 103639 1 0
18051 43942 1 0
44014 1688 1 0
8292 8392 1 0
13240 8754 1 0
45753 11962 1 0
8392 14178 1 0
103639 27466 1 0
97155 2868 1 0
91462 103187 1 0
13522 98210 1 0
3305 12539 1 0
101785 45879 1 0
9380 80292 1 0
104326 101963 1 0
8115 12960 1 0
5192 32800 1 0
13156 41496 1 0
23276 99855 1 0
105932 14904 1 0
54287 50421 1 0
1751 5913 1 0
95205 13140 1 0
7383 18051 1 0
34088 7747 1 0
25348 20695 1 0
33336 5913 1 0
6941 24783 1 0
16743 44014 1 0
91657 91916 1 0
103487 13381 1 0
33455 17077 1 0
105039 95073 1 0
101194 7295 1 0
9493 8292 1 0
5507 104035 1 0
2672 95073 1 0
95073 13140 1 0
9493 3826 1 0
10250 5701 1 0
105447 1865 1 0
50595 105932 1 0
5015 6247 1 0
54643 5192 1 0
104035 93535 1 0
32252 1041 1 0
45535 45429 1 0
2208 93765 1 0
11798 87387 1 0
104481 3690 1 0
10804 14726 1 0
5192 4423 1 0
71438 10710 1 0
9470 68661 1 0
68160 56326 1 0
11355 12317 1 0
41301 41415 1 0
13337 13435 1 0
5214 101319 1 0
98071 56431 1 0
11228 106296 1 0
8754 16928 1 0
101221 41584 1 0
91451 41157 1 0
16743 98567 1 0
20088 45753 1 0
12460 101979 1 0
9380 4087 1 0
101221 8653 1 0
41599 25148 1 0
10122 87422 1 0
106455 103012 1 0
6206 104481 1 0
6174 12424 1 0
99517 56045 1 0
6553 11941 1 0
8352 9293 1 0
20431 12116 1 0
6402 15015 1 0
7216 57239 1 0
6915 12317 1 0
8323 31106 1 0
16844 9762 1 0
3826 12406 1 0
9724 6576 1 0
6049 103639 1 0
12152 86585 1 0
87408 13499 1 0
11982 12991 1 0
13140 86585 1 0
13172 32694 1 0
50570 5742 1 0
9094 69206 1 0
23276 7038 1 0
101171 7113 1 0
14904 10411 1 0
15250 56566 1 0
15650 41332 1 0
5584 103200 1 0
50570 17040 1 0
69206 10731 1 0
1751 9786 1 0
694 93299 1 0
69206 6839 1 0
16808 93299 1 0
14637 98210 1 0
9896 105623 1 0
1041 14637 1 0
80292 20653 1 0
86585 17359 1 0
45552 59376 1 0
2868 4747 1 0
13381 91562 1 0
12224 41218 1 0
41584 100338 1 0
104086 101250 1 0
32119 11843 1 0
41061 6966 1 0
101250 6134 1 0
4908 13222 1 0
15813 10351 1 0
9424 5742 1 0
13156 99562 1 0
41369 7594 1 0
41218 9493 1 0
104035 14135 1 0
97663 10878 1 0
5462 5886 1 0
5065 14710 1 0
100773 14657 1 0
15715 7465 1 0
96963 11754 1 0
8825 20579 1 0
69206 9242 1 0
102623 93765 1 0
41528 71654 1 0
41432 103525 1 0
73931 13140 1 0
15715 20614 1 0
10710 37868 1 0
3139 10915 1 0
8676 95811 1 0
1267 10670 1 0
3305 100510 1 0
41432 8699 1 0
15650 40750 1 0
101899 50570 1 0
99562 13989 1 0
96848 6156 1 0
57239 54154 1 0
69432 5254 1 0
87422 40788 1 0
68661 98071 1 0
8754 19091 1 0
87387 56045 1 0
3807 41369 1 0
10710 106246 1 0
10203 8352 1 0
5254 98945 1 0
11172 50421 1 0
10059 68102 1 0
44229 12134 1 0
45429 100510 1 0
37290 99395 1 0
25348 7544 1 0
1830 16140 1 0
23398 15715 1 0
40469 100534 1 0
20579 45552 1 0
72293 8148 1 0
101899 6383 1 0
1041 103614 1 0
6966 72781 1 0
13499 41398 1 0
22682 2414 1 0
97120 20847 1 0
37290 17004 1 0
10479 87472 1 0
13172 8863 1 0
5662 24696 1 0
41075 101757 1 0
106388 11982 1 0
3740 39026 1 0
71813 10095 1 0
8436 22159 1 0
94592 10479 1 0
15064 13306 1 0
9470 4605 1 0
10633 5617 1 0
27384 17436 1 0
5584 2414 1 0
104342 103722 1 0
72781 6174 1 0
16743 25348 1 0
12815 11868 1 0
41528 5423 1 0
44682 68218 1 0
9702 102330 1 0
7081 19437 1 0
794 98894 1 0
28288 93765 1 0
80292 3390 1 0
12917 12116 1 0
9953 68160 1 0
15552 106431 1 0
9517 93579 1 0
9786 37868 1 0
103722 11735 1 0
37290 44014 1 0
95205 41599 1 0
15519 41175 1 0
4879 54643 1 0
7882 14618 1 0
12917 29596 1 0
55426 92243 1 0
8797 3587 1 0
96627 23276 1 0
16620 2768 1 0
95407 12152 1 0
101319 17077 1 0
26209 103525 1 0
68218 15552 1 0
104533 11355 1 0
100338 24696 1 0
11172 20847 1 0
100848 3248 1 0
91735 106246 1 0
102151 101250 1 0
95192 5065 1 0
97736 12815 1 0
6402 6966 1 0
91916 95891 1 0
20088 10933 1 0
24696 6049 1 0
77343 91747 1 0
35852 105716 1 0
6702 101194 1 0
65982 16290 1 0
9380 104086 1 0
11982 65150 1 0
11843 104375 1 0
7038 11415 1 0
13361 102504 1 0
19155 37868 1 0
91546 8352 1 0
102733 7882 1 0
95766 100400 1 0
16290 95407 1 0
8392 9674 1 0
9743 99432 1 0
97920 33103 1 0
12815 13284 1 0
46266 6228 1 0
105877 32694 1 0
10692 10230 1 0
12134 12795 1 0
9125 98210 1 0
97120 93926 1 0
44757 14637 1 0
104459 11546 1 0
98584 741 1 0
27384 95205 1 0
7266 15650 1 0
27337 103639 1 0
100945 69783 1 0
7962 36556 1 0
7016 4879 1 0
9936 14710 1 0
98894 7266 1 0
7962 8863 1 0
100510 15015 1 0
45237 14637 1 0
5065 97663 1 0
10351 8676 1 0
1647 19091 1 0
100893 5148 1 0
106246 9953 1 0
49892 38442 1 0
6487 10549 1 0
5640 4964 1 0
106296 9971 1 0
20755 41030 1 0
104937 96700 1 0
10822 9012 1 0
4964 15250 1 0
96551 16121 1 0
11982 5148 1 0
39026 40788 1 0
62046 105336 1 0
18292 12815 1 0
45879 23129 1 0
59425 10804 1 0
9268 1751 1 0
4497 16928 1 0
5977 694 1 0
56460 9971 1 0
4087 8064 1 0
15519 9762 1 0
10841 96646 1 0
20755 20579 1 0
6402 11355 1 0
104326 10059 1 0
71654 102504 1 0
55396 97011 1 0
103214 19722 1 0
48375 103448 1 0
41128 13567 1 0
12679 10036 1 0
106212 101006 1 0
45879 55826 1 0
15552 96871 1 0
103792 99432 1 0
100400 69783 1 0
6702 104533 1 0
12460 93926 1 0
18292 14618 1 0
7661 16690 1 0
41204 6437 1 0
17040 25536 1 0
25148 102272 1 0
10508 98584 1 0
9293 17359 1 0
5507 98610 1 0
7313 106212 1 0
105716 45237 1 0
61202 50421 1 0
3515 25078 1 0
104326 97619 1 0
10749 93683 1 0
96627 5977 1 0
6096 12368 1 0
4449 6073 1 0
7038 19155 1 0
9380 8653 1 0
91462 38636 1 0
17436 100037 1 0
36127 23503 1 0
21094 24149 1 0
5701 11546 1 0
3611 14657 1 0
44014 10670 1 0
2672 32694 1 0
106455 24149 1 0
69783 72293 1 0
100338 20515 1 0
96158 25837 1 0
101194 41509 1 0
45535 50143 1 0
12771 92243 1 0
8551 11447 1 0
10933 98210 1 0
12442 6645 1 0
16844 12442 1 0
5720 12815 1 0
106246 73931 1 0
20402 10230 1 0
98945 10122 1 0
6073 6463 1 0
1865 5462 1 0
97736 101221 1 0
3587 98610 1 0
15715 26370 1 0
8015 54154 1 0
11415 50570 1 0
99432 5036 1 0
8720 12704 1 0
12348 106212 1 0
71813 10933 1 0
5640 20579 1 0
103841 9380 1 0
33148 106365 1 0
11941 27337 1 0
2768 95205 1 0
93321 20342 1 0
7383 45658 1 0
105102 20755 1 0
20695 103141 1 0
8699 99666 1 0
46266 15795 1 0
16874 32301 1 0
45879 16140 1 0
95420 10452 1 0
5065 41528 1 0
5617 6512 1 0
12134 11394 1 0
7594 13337 1 0
57953 86585 1 0
16874 104086 1 0
12368 14766 1 0
99395 3560 1 0
17004 10710 1 0
5720 36440 1 0
67831 13140 1 0
12539 29117 1 0
100400 6966 1 0
5792 85619 1 0
6702 68160 1 0
95205 41232 1 0
6645 97920 1 0
102247 91451 1 0
54287 14637 1 0
1572 69206 1 0
20460 101319 1 0
17359 98894 1 0
1572 7544 1 0
6758 91916 1 0
105025 4908 1 0
100400 13306 1 0
35852 27337 1 0
45658 16290 1 0
97031 56431 1 0
4582 8148 1 0
12991 6282 1 0
50143 7661 1 0
5462 8323 1 0
10122 9743 1 0
96963 8921 1 0
105623 8825 1 0
12795 93881 1 0
4474 67519 1 0
8514 6116 1 0
29117 91657 1 0
65736 6915 1 0
10710 96627 1 0
41398 3807 1 0
19820 6116 1 0
105956 13361 1 0
11819 5214 1 0
100037 42344 1 0
8216 61202 1 0
25431 106212 1 0
91591 8292 1 0
2672 97168 1 0
100643 105731 1 0
7347 102200 1 0
40750 9762 1 0
55592 6992 1 0
97901 72293 1 0
9914 105266 1 0
12096 25201 1 0
31106 19091 1 0
99395 9576 1 0
11228 95891 1 0
20088 20579 1 0
40469 11715 1 0
92032 99121 1 0
22159 104342 1 0
101319 5977 1 0
11868 13222 1 0
98006 87422 1 0
26815 3217 1 0
102330 100893 1 0
15376 16928 1 0
1830 12406 1 0
38442 96789 1 0
10391 6304 1 0
6282 12224 1 0
4497 22159 1 0
25837 28510 1 0
92243 5065 1 0
100243 102247 1 0
7925 94527 1 0
8186 11941 1 0
28510 6247 1 0
99855 105496 1 0
7465 54643 1 0
1740 86585 1 0
97619 5324 1 0
28510 100243 1 0
9936 97945 1 0
5617 26370 1 0
9424 106431 1 0
6512 40788 1 0
106212 11172 1 0
35852 103214 1 0
4474 10479 1 0
93926 10841 1 0
13240 20431 1 0
8169 8653 1 0
20535 55826 1 0
18292 7994 1 0
101056 100643 1 0
97979 2672 1 0
1572 4531 1 0
36556 46266 1 0
91562 104459 1 0
41128 8825 1 0
10411 33103 1 0
6206 8015 1 0
45840 95219 1 0
12224 41204 1 0
14158 6702 1 0
97120 106388 1 0
98945 9424 1 0
11843 25078 1 0
2745 10122 1 0
9868 8699 1 0
6096 32173 1 0
78573 9536 1 0
4531 106296 1 0
101006 3515 1 0
9293 87408 1 0
11754 8352 1 0
98653 103012 1 0
12052 32173 1 0
42344 102733 1 0
1186 5701 1 0
8653 41509 1 0
61217 91562 1 0
68408 44014 1 0
22774 41315 1 0
14726 8592 1 0
10479 2208 1 0
40788 68160 1 0
8392 98021 1 0
38442 8720 1 0
10749 7721 1 0
5886 13284 1 0
41369 12565 1 0
97155 98894 1 0
8216 16290 1 0
15715 102504 1 0
1186 7016 1 0
6437 14178 1 0
100338 7134 1 0
9743 69783 1 0
16121 92046 1 0
3248 6463 1 0
6228 10804 1 0
20402 41061 1 0
8950 3390 1 0
20431 47801 1 0
6798 74021 1 0
94527 6134 1 0
9094 95205 1 0
12704 24149 1 0
101250 93321 1 0
103792 99444 1 0
5584 103525 1 0
105850 77343 1 0
6073 73931 1 0
36440 9493 1 0
98610 4087 1 0
10710 77406 1 0
20755 6463 1 0
19394 11415 1 0
98653 56109 1 0
50143 93683 1 0
99395 103749 1 0
11622 41075 1 0
11151 98006 1 0
57389 49892 1 0
6383 10841 1 0
32800 18918 1 0
36024 7081 1 0
4087 71813 1 0
18601 41599 1 0
3358 2672 1 0
20579 105877 1 0
6049 8514 1 0
41315 34944 1 0
20535 19722 1 0
96963 26370 1 0
25431 33336 1 0
7295 10452 1 0
11715 12815 1 0
101056 10841 1 0
102466 10351 1 0
94527 72781 1 0
17040 105716 1 0
8901 92046 1 0
11172 20755 1 0
5848 98006 1 0
99216 99432 1 0
97650 8064 1 0
68939 5617 1 0
10670 5662 1 0
5214 40750 1 0
32173 43683 1 0
3807 6553 1 0
59848 7266 1 0
65150 26209 1 0
2708 41301 1 0
9493 97663 1 0
22774 11686 1 0
6619 18051 1 0
8950 3877 1 0
103722 103200 1 0
104937 96646 1 0
14178 87387 1 0
99320 93579 1 0
17436 10479 1 0
44229 34088 1 0
31106 106498 1 0
6116 32119 1 0
105266 2414 1 0
87422 13499 1 0
99395 65982 1 0
99517 99320 1 0
9914 14235 1 0
5584 68661 1 0
5361 105932 1 0
29596 7465 1 0
1865 23276 1 0
99562 97168 1 0
100510 32252 1 0
8392 16690 1 0
7266 101994 1 0
93535 23503 1 0
71654 67831 1 0
31494 5617 1 0
41599 10508 1 0
103012 9536 1 0
14637 41315 1 0
99640 80292 1 0
6282 13381 1 0
5381 33103 1 0
6595 33103 1 0
17258 8720 1 0
9558 3217 1 0
27384 1751 1 0
23348 87422 1 0
23129 55826 1 0
97120 7702 1 0
8797 7313 1 0
56566 28288 1 0
9868 45753 1 0
11622 3217 1 0
9743 12116 1 0
12424 68939 1 0
6576 40914 1 0
6512 105573 1 0
13195 6992 1 0
102272 16985 1 0
36556 9653 1 0
105716 4582 1 0
8611 78573 1 0
101963 98006 1 0
65982 9724 1 0
9674 8754 1 0
8754 105932 1 0
44014 12424 1 0
18292 101319 1 0
8921 95219 1 0
3650 41030 1 0
91747 8950 1 0
3826 68102 1 0
101319 11355 1 0
95891 11868 1 0
41332 77406 1 0
4879 98224 1 0
18051 14726 1 0
6915 16711 1 0
41332 77406 1 0
7016 27337 1 0
9830 20133 1 0
6595 4474 1 0
105573 104052 1 0
5584 18601 1 0
18601 95192 1 0
41175 7295 1 0
91451 103448 1 0
13472 33336 1 0
4474 12204 1 0
7081 77343 1 0
3139 37290 1 0
9702 6463 1 0
7016 95407 1 0
94855 41584 1 0
3877 13222 1 0
11735 41369 1 0
41301 36024 1 0
25148 5913 1 0
7081 105266 1 0
3877 91747 1 0
8323 7544 1 0
101994 6116 1 0
4201 8352 1 0
8825 12704 1 0
23211 56431 1 0
8921 9762 1 0
98210 27466 1 0
36556 97477 1 0
11843 20460 1 0
6228 14787 1 0
100804 7113 1 0
10479 8754 1 0
8846 56109 1 0
105538 50252 1 0
50570 7906 1 0
10122 17258 1 0
72781 11843 1 0
10059 14904 1 0
1647 72293 1 0
8720 8754 1 0
105731 87408 1 0
12096 41175 1 0
56045 10391 1 0
67831 5584 1 0
68939 3305 1 0
106431 92243 1 0
12204 6383 1 0
13222 9896 1 0
8901 91657 1 0
17796 100439 1 0
794 8825 1 0
16928 54287 1 0
96613 22756 1 0
91694 24783 1 0
99320 11819 1 0
7882 11902 1 0
8514 98894 1 0
105039 74021 1 0
2208 4964 1 0
12406 46067 1 0
9936 65982 1 0
6915 8825 1 0
27337 104086 1 0
3807 41128 1 0
24763 14904 1 0
33336 10670 1 0
37290 8186 1 0
6463 96848 1 0
29117 74021 1 0
10633 5015 1 0
91694 97011 1 0
6156 93881 1 0
3410 12917 1 0
6798 100439 1 0
99395 13306 1 0
87422 103214 1 0
94026 105687 1 0
17796 9536 1 0
10692 9220 1 0
68281 101568 1 0
101994 15932 1 0
6002 13172 1 0
56431 14710 1 0
101963 99855 1 0
4553 11941 1 0
105649 46067 1 0
8699 106365 1 0
91591 40750 1 0
14216 96700 1 0
26370 71813 1 0
9060 6839 1 0
47801 101056 1 0
68160 45552 1 0
12204 10710 1 0
1740 99562 1 0
6116 93579 1 0
9936 6174 1 0
4497 9517 1 0
42344 7994 1 0
70530 11982 1 0
18292 20780 1 0
38442 7134 1 0
6595 4908 1 0
98704 8064 1 0
11902 18918 1 0
12368 23503 1 0
98006 93535 1 0
23398 11306 1 0
3410 106212 1 0
20579 62849 1 0
56460 102151 1 0
105877 68408 1 0
20133 6619 1 0
6941 106498 1 0
57389 43853 1 0
6798 99666 1 0
2208 10529 1 0
5148 80292 1 0
41175 13172 1 0
78573 10878 1 0
17040 12052 1 0
93299 105447 1 0
9536 15932 1 0
8797 102330 1 0
41204 93926 1 0
41075 14216 1 0
10841 91916 1 0
14766 3390 1 0
13989 34944 1 0
41350 50252 1 0
12460 11415 1 0
102398 105623 1 0
1942 9953 1 0
94592 104863 1 0
68102 98610 1 0
94527 95407 1 0
13195 20755 1 0
97920 91694 1 0
67831 9380 1 0
3139 103792 1 0
741 1942 1 0
10122 24783 1 0
100111 72293 1 0
13240 25431 1 0
50570 14692 1 0
96551 45879 1 0
98006 103346 1 0
77343 40750 1 0
14158 5110 1 0
7038 99395 1 0
4201 26815 1 0
101342 96551 1 0
10250 26209 1 0
104481 18292 1 0
18918 104937 1 0
104035 68661 1 0
10841 5324 1 0
3740 97945 1 0
35852 11754 1 0
12406 9810 1 0
5065 17258 1 0
5324 92243 1 0
101757 98210 1 0
102504 72781 1 0
80292 105956 1 0
16844 11447 1 0
12460 106498 1 0
101194 98704 1 0
18601 8148 1 0
105538 13284 1 0
69206 19437 1 0
91735 6941 1 0
14618 5742 1 0
78573 25148 1 0
16121 25148 1 0
8115 17258 1 0
5381 91916 1 0
99666 91591 1 0
8064 23398 1 0
8292 50143 1 0
17436 106246 1 0
103614 68160 1 0
105687 70530 1 0
99292 32301 1 0
50595 69396 1 0
40469 6702 1 0
20579 105850 1 0
7857 85619 1 0
96646 12991 1 0
55592 10203 1 0
85619 7906 1 0
3650 100945 1 0
22159 12258 1 0
46266 5361 1 0
16808 99444 1 0
85619 11355 1 0
4497 23276 1 0
98006 93926 1 0
10897 18601 1 0
5462 6702 1 0
9517 11798 1 0
87408 41528 1 0
62152 26209 1 0
7444 94117 1 0
91451 5848 1 0
100750 3139 1 0
24783 5662 1 0
22774 17209 1 0
694 9012 1 0
3358 105956 1 0
5065 91735 1 0
23503 101994 1 0
10203 101568 1 0
3358 61202 1 0
11172 20088 1 0
6247 60225 1 0
93579 73931 1 0
4964 12317 1 0
7113 57953 1 0
99666 36024 1 0
68661 8436 1 0
10692 56431 1 0
68939 55013 1 0
99395 104863 1 0
5701 10692 1 0
104533 104086 1 0
13472 15552 1 0
97663 98567 1 0
6798 2768 1 0
102733 103792 1 0
8846 45879 1 0
48958 103487 1 0
33455 15932 1 0
41584 102247 1 0
14710 10508 1 0
96262 3587 1 0
14766 8266 1 0
3650 91591 1 0
95891 12834 1 0
8551 4531 1 0
101171 105877 1 0
4747 16928 1 0
103722 68160 1 0
5192 10670 1 0
1740 4201 1 0
41111 37868 1 0
1647 8514 1 0
9517 3305 1 0
42344 94592 1 0
18292 101250 1 0
50595 7444 1 0
65736 103614 1 0
91916 16711 1 0
45753 94117 1 0
41528 11868 1 0
54287 28288 1 0
97736 27384 1 0
5015 97155 1 0
43683 94592 1 0
102733 12795 1 0
10452 11843 1 0
35107 97901 1 0
10731 794 1 0
9312 4582 1 0
105266 10878 1 0
102733 7216 1 0
13284 7747 1 0
91562 8634 1 0
105102 5720 1 0
99320 17040 1 0
9702 100111 1 0
15250 62046 1 0
3217 100111 1 0
25078 9268 1 0
97053 76035 1 0
40788 105039 1 0
16290 28510 1 0
41218 2414 1 0
103749 68939 1 0
2208 99517 1 0
9936 10296 1 0
6228 100773 1 0
17258 6383 1 0
12204 10933 1 0
4423 97945 1 0
1647 93683 1 0
91591 3560 1 0
3410 96569 1 0
77406 28288 1 0
20755 103448 1 0
4474 96789 1 0
80292 105623 1 0
9786 6992 1 0
16808 57239 1 0
25536 10841 1 0
105850 17209 1 0
3807 17077 1 0
2208 12565 1 0
20653 30730 1 0
31106 7313 1 0
13567 7702 1 0
45552 15064 1 0
9060 100790 1 0
102504 3433 1 0
13989 50595 1 0
62849 4582 1 0
9220 106431 1 0
20460 101056 1 0
32252 45658 1 0
105956 20653 1 0
7994 106388 1 0
6002 68661 1 0
10915 10933 1 0
101006 102247 1 0
105716 106246 1 0
10933 37290 1 0
8846 18292 1 0
8551 9493 1 0
96627 9724 1 0
75552 34944 1 0
104052 16620 1 0
4531 103200 1 0
14135 105266 1 0
7544 7721 1 0
97168 93683 1 0
18309 10351 1 0
103448 103841 1 0
7113 100848 1 0
74021 102623 1 0
1865 95420 1 0
5584 9293 1 0
72293 12960 1 0
10411 13567 1 0
100643 6049 1 0
27384 12224 1 0
102398 12917 1 0
56326 105447 1 0
12348 8514 1 0
8436 106350 1 0
19394 93881 1 0
100643 15795 1 0
102707 55826 1 0
13499 101785 1 0
10508 16985 1 0
103749 694 1 0
97619 8015 1 0
4582 99855 1 0
100338 6402 1 0
37868 14235 1 0
28288 20653 1 0
9470 99444 1 0
8754 3358 1 0
104920 92032 1 0
5148 10915 1 0
15650 96627 1 0
97031 6049 1 0
12134 105573 1 0
97920 91294 1 0
71438 14805 1 0
15519 36440 1 0
9536 14766 1 0
85619 10749 1 0
27503 92032 1 0
9517 14618 1 0
16690 68160 1 0
4908 42344 1 0
87472 11962 1 0
21094 12096 1 0
6206 8950 1 0
99593 11172 1 0
77343 13337 1 0
59555 12406 1 0
91694 15519 1 0
5662 4497 1 0
93881 12424 1 0
94117 15064 1 0
1572 2989 1 0
106212 4908 1 0
102623 12704 1 0
102272 50143 1 0
12565 41369 1 0
87472 96871 1 0
26850 75552 1 0
68281 2369 1 0
57953 6247 1 0
91546 4553 1 0
7857 68160 1 0
6073 104052 1 0
15715 91562 1 0
103614 16808 1 0
19091 8653 1 0
99432 694 1 0
56326 13435 1 0
97155 6512 1 0
9868 26850 1 0
8098 100111 1 0
22159 6116 1 0
56431 14178 1 0
97979 50595 1 0
93579 100111 1 0
33148 14216 1 0
91462 6402 1 0
6247 50570 1 0
6437 12052 1 0
70530 17436 1 0
34088 97663 1 0
14787 102623 1 0
101568 3759 1 0
105850 12704 1 0
8514 9762 1 0
17796 95407 1 0
8863 68939 1 0
6798 14135 1 0
20535 18309 1 0
13361 103841 1 0
97031 11735 1 0
15376 41332 1 0
91562 2745 1 0
23503 43683 1 0
25431 100945 1 0
9653 41232 1 0
19820 99121 1 0
99292 8653 1 0
101963 11868 1 0
61217 8323 1 0
13140 41496 1 0
100750 97031 1 0
24696 4423 1 0
5462 5617 1 0
105877 35645 1 0
59555 72293 1 0
9914 4747 1 0
41301 61217 1 0
35852 10036 1 0
7544 99593 1 0
19394 23348 1 0
7821 35645 1 0
39688 12224 1 0
72293 13435 1 0
101963 102733 1 0
45535 5462 1 0
96627 3390 1 0
10452 5015 1 0
6002 9094 1 0
6353 103487 1 0
37290 98224 1 0
99121 9312 1 0
41232 55592 1 0
86585 5254 1 0
3587 5742 1 0
104086 100510 1 0
103012 101221 1 0
16690 13156 1 0
97845 16290 1 0
41128 105102 1 0
5640 41315 1 0
12348 97979 1 0
10710 13472 1 0
6228 93765 1 0
105039 32173 1 0
4988 96158 1 0
91562 45552 1 0
91451 102733 1 0
6645 7882 1 0
68408 91735 1 0
1942 13195 1 0
104086 20402 1 0
19394 93535 1 0
9868 99121 1 0
45753 92243 1 0
2672 41232 1 0
97945 6553 1 0
9936 98945 1 0
98894 14787 1 0
41628 99395 1 0
16844 18292 1 0
49892 14842 1 0
14158 9293 1 0
7038 99395 1 0
95420 9012 1 0
106455 37868 1 0
101963 61217 1 0
99444 16874 1 0
12348 14904 1 0
41301 9424 1 0
98567 22756 1 0
8720 30730 1 0
104459 98567 1 0
98071 25837 1 0
3433 50421 1 0
1041 12368 1 0
101250 105496 1 0
22682 5617 1 0
1041 6096 1 0
95811 12917 1 0
14805 694 1 0
4201 34944 1 0
98021 3611 1 0
100893 20614 1 0
98567 5913 1 0
13172 103614 1 0
54154 28510 1 0
103792 72334 1 0
9914 9576 1 0
6247 97901 1 0
12442 8653 1 0
13337 100243 1 0
5913 105716 1 0
93535 14710 1 0
35852 93765 1 0
11151 2868 1 0
3826 93926 1 0
48958 5423 1 0
9470 19091 1 0
8825 105573 1 0
4423 16808 1 0
9517 12834 1 0
100945 50570 1 0
3807 9762 1 0
71438 98567 1 0
10095 10652 1 0
11622 10411 1 0
9786 14824 1 0
103141 9060 1 0
71813 101056 1 0
105102 741 1 0
45237 3650 1 0
6839 96158 1 0
100773 103792 1 0
38442 13195 1 0
6134 9493 1 0
41332 12460 1 0
14135 11546 1 0
15552 95588 1 0
101994 7216 1 0
32301 11887 1 0
40750 14216 1 0
102200 17004 1 0
101994 101006 1 0
103012 10479 1 0
11355 74021 1 0
9830 2868 1 0
11355 77406 1 0
14618 68102 1 0
3092 2768 1 0
20579 46067 1 0
5792 101994 1 0
26370 10296 1 0
1041 41415 1 0
9220 41030 1 0
7216 27466 1 0
4423 6463 1 0
95811 13989 1 0
41398 59848 1 0
8720 2768 1 0
81878 57096 1 0
41204 24763 1 0
7925 96507 1 0
10411 50570 1 0
25201 8797 1 0
4553 50421 1 0
31494 97120 1 0
46067 7216 1 0
24763 17436 1 0
6553 12096 1 0
41157 7857 1 0
101056 9125 1 0
104937 11228 1 0
99666 101194 1 0
6576 97979 1 0
26370 56326 1 0
54643 69396 1 0
101006 25536 1 0
9743 41232 1 0
105731 18601 1 0
28288 6758 1 0
47004 103346 1 0
10897 4531 1 0
15813 103749 1 0
106431 10296 1 0
96963 13140 1 0
57953 41584 1 0
73931 87422 1 0
98224 1572 1 0
20431 98704 1 0
101342 80292 1 0
47801 104035 1 0
10250 9493 1 0
96507 12565 1 0
105538 97155 1 0
95407 103749 1 0
103012 16711 1 0
1464 794 1 0
19722 56326 1 0
68218 2989 1 0
11982 27503 1 0
11843 100750 1 0
12424 98610 1 0
95407 8216 1 0
12960 6553 1 0
9576 3358 1 0
1740 41301 1 0
3305 104342 1 0
7821 7747 1 0
12539 97031 1 0
77406 11941 1 0
6595 41111 1 0
100243 8148 1 0
95891 5913 1 0
15250 10804 1 0
5192 17796 1 0
11902 101342 1 0
35107 27384 1 0
19820 99593 1 0
104920 101785 1 0
41415 12224 1 0
36440 20755 1 0
10296 15376 1 0
13381 12116 1 0
4201 7821 1 0
87408 7994 1 0
4449 104937 1 0
12795 96551 1 0
9536 12565 1 0
105716 3560 1 0
8863 48958 1 0
14601 12917 1 0
11798 93299 1 0
98894 93535 1 0
11715 41509 1 0
9493 97920 1 0
102272 70530 1 0
8436 57239 1 0
2672 27466 1 0
40914 12152 1 0
33336 10841 1 0
16985 12406 1 0
27384 55592 1 0
41496 9242 1 0
87422 56045 1 0
27503 3740 1 0
99320 45840 1 0
61202 27337 1 0
17258 22682 1 0
45879 92046 1 0
94592 45237 1 0
41218 6463 1 0
3759 24149 1 0
102733 14178 1 0
41218 9762 1 0
41332 105877 1 0
105716 93579 1 0
91694 8015 1 0
14787 11415 1 0
41350 68939 1 0
25536 5792 1 0
14692 18918 1 0
10391 12960 1 0
2868 17077 1 0
7906 105447 1 0
93926 15064 1 0
13030 13381 1 0
16928 6437 1 0
32301 61217 1 0
13140 101979 1 0
6096 5148 1 0
98584 100439 1 0
99432 24696 1 0
104920 91462 1 0
54154 12258 1 0
10508 4964 1 0
97901 11754 1 0
7994 13337 1 0
101194 12795 1 0
61202 23398 1 0
20342 93579 1 0
38636 93321 1 0
5381 20133 1 0
10710 9380 1 0
7721 2672 1 0
45237 101342 1 0
6096 97477 1 0
20133 14904 1 0
7661 15552 1 0
14657 9094 1 0
98945 7313 1 0
35107 11941 1 0
20088 55013 1 0
97168 19091 1 0
7383 2768 1 0
100037 105731 1 0
5015 72293 1 0
12348 9936 1 0
13522 3921 1 0
3217 1715 1 0
3092 14601 1 0
10452 9517 1 0
44682 13361 1 0
102466 68218 1 0
16620 96963 1 0
2834 12116 1 0
17040 13567 1 0
104086 11172 1 0
102466 102707 1 0
9517 97120 1 0
9012 14216 1 0
9674 59376 1 0
11484 36127 1 0
6247 95891 1 0
8352 24696 1 0
95205 3515 1 0
16808 45753 1 0
14637 12795 1 0
16808 46266 1 0
93299 14158 1 0
9743 69432 1 0
62849 41599 1 0
91294 3358 1 0
20695 102707 1 0
10633 7465 1 0
13195 40788 1 0
19394 6174 1 0
95588 11622 1 0
6096 5324 1 0
5110 99395 1 0
5792 11941 1 0
103200 55573 1 0
98071 96613 1 0
100338 3433 1 0
91562 11941 1 0
12460 2868 1 0
68939 14885 1 0
7016 91591 1 0
59555 96848 1 0
105039 26370 1 0
6437 20342 1 0
25536 99432 1 0
68160 14692 1 0
3877 9724 1 0
5015 105039 1 0
100111 26209 1 0
44014 77343 1 0
106350 10841 1 0
9936 12679 1 0
7661 100510 1 0
102435 29117 1 0
93535 6619 1 0
31106 102200 1 0
6228 14158 1 0
103012 41061 1 0
12442 41496 1 0
57096 91451 1 0
8825 8699 1 0
14618 23129 1 0
22682 98071 1 0
9536 105649 1 0
12152 105538 1 0
104459 16140 1 0
96963 6798 1 0
37868 105573 1 0
9293 68661 1 0
34944 41432 1 0
7113 75552 1 0
41332 50143 1 0
20342 8901 1 0
15250 4908 1 0
102272 68218 1 0
7216 1830 1 0
98704 5720 1 0
10933 12052 1 0
20342 85619 1 0
741 28288 1 0
100945 7444 1 0
11798 10411 1 0
97619 96700 1 0
101221 68939 1 0
33336 3921 1 0
41599 28288 1 0
6096 13172 1 0
99666 26209 1 0
68661 101963 1 0
99517 10749 1 0
23129 9536 1 0
11754 101994 1 0
3650 67519 1 0
11484 16290 1 0
48958 12795 1 0
71654 105687 1 0
76035 102272 1 0
100893 7906 1 0
37868 74021 1 0
20065 12460 1 0
91294 29117 1 0
8981 1041 1 0
100790 97979 1 0
8098 105731 1 0
99517 11962 1 0
18292 14657 1 0
11394 106455 1 0
99121 19155 1 0
104937 45879 1 0
102435 8292 1 0
97011 69783 1 0
102435 27466 1 0
6758 10391 1 0
103749 3092 1 0
101757 55426 1 0
41332 5792 1 0
98584 102504 1 0
69396 8592 1 0
99395 55592 1 0
4964 103141 1 0
58181 1538 1 0
1751 23398 1 0
13472 11484 1 0
15932 99517 1 0
54643 3217 1 0
1830 44682 1 0
96646 25536 1 0
105687 69396 1 0
5977 3759 1 0
8950 25078 1 0
33148 99292 1 0
50252 11228 1 0
14692 95073 1 0
101757 16140 1 0
50570 9810 1 0
61217 3433 1 0
12406 9810 1 0
10633 93579 1 0
1647 100338 1 0
87387 8015 1 0
40914 41232 1 0
24783 26209 1 0
40469 41398 1 0
7925 55592 1 0
99517 5662 1 0
14787 6174 1 0
103346 25837 1 0
5036 50570 1 0
4449 96262 1 0
95073 103141 1 0
12442 23348 1 0
102435 13284 1 0
28288 41432 1 0
5701 11715 1 0
8551 77343 1 0
25431 9914 1 0
85619 12679 1 0
96963 99395 1 0
14726 100243 1 0
4605 34944 1 0
59376 55592 1 0
97168 16808 1 0
55592 4879 1 0
105716 17077 1 0
26850 32301 1 0
8863 10296 1 0
106296 99320 1 0
105956 10122 1 0
101785 5507 1 0
32119 12317 1 0
2414 79625 1 0
92032 54287 1 0
14601 97120 1 0
7444 50143 1 0
67519 8720 1 0
78573 29596 1 0
81878 91657 1 0
28288 94855 1 0
57389 12348 1 0
22774 5886 1 0
10731 77343 1 0
55396 68661 1 0
8699 61217 1 0
7266 7016 1 0
10652 6645 1 0
20431 95407 1 0
20431 100166 1 0
98071 41232 1 0
16157 41128 1 0
12204 41175 1 0
44014 12679 1 0
40571 13499 1 0
32694 80292 1 0
3877 9536 1 0
37868 12442 1 0
25201 35852 1 0
9293 20695 1 0
59425 71438 1 0
96262 56431 1 0
6941 5584 1 0
93579 3921 1 0
13030 10897 1 0
37868 10731 1 0
12152 11306 1 0
56566 8797 1 0
32800 97477 1 0
68408 70530 1 0
6758 5640 1 0
77343 95219 1 0
32119 31494 1 0
17040 85619 1 0
3410 19091 1 0
94026 55592 1 0
12204 15519 1 0
13123 6860 1 0
6353 92046 1 0
25201 12317 1 0
7465 98021 1 0
105336 44229 1 0
87472 11941 1 0
101250 11355 1 0
96963 13172 1 0
92046 16157 1 0
8592 17258 1 0
101006 8754 1 0
7857 100338 1 0
28288 6073 1 0
25348 91657 1 0
36556 96700 1 0
10710 72334 1 0
68160 8634 1 0
65736 8533 1 0
13989 104459 1 0
1186 1041 1 0
96646 77406 1 0
8169 10731 1 0
105956 10059 1 0
45840 10508 1 0
13472 8392 1 0
7216 94117 1 0
13306 2989 1 0
9424 7994 1 0
3560 65982 1 0
9424 100439 1 0
10897 7821 1 0
4879 9220 1 0
12368 103525 1 0
65150 97901 1 0
28288 11322 1 0
97011 11447 1 0
17040 104086 1 0
93321 57389 1 0
14216 73931 1 0
44229 31494 1 0
10095 105932 1 0
97650 97011 1 0
13499 6096 1 0
50595 62152 1 0
101221 97663 1 0
17040 11484 1 0
37868 101006 1 0
94855 41175 1 0
12679 17258 1 0
4087 14842 1 0
59425 106498 1 0
25431 97031 1 0
7882 11622 1 0
6619 741 1 0
104342 41628 1 0
39688 2208 1 0
55592 105266 1 0
99593 10095 1 0
106388 102707 1 0
9380 50252 1 0
20088 91591 1 0
13030 1751 1 0
4964 16928 1 0
9220 55826 1 0
14158 95219 1 0
105266 10374 1 0
33455 103214 1 0
93683 104533 1 0
101319 91735 1 0
31106 98584 1 0
20780 4582 1 0
101979 69783 1 0
20088 6512 1 0
13156 13989 1 0
20535 1688 1 0
104459 56566 1 0
3217 103200 1 0
6116 7134 1 0
9953 14135 1 0
97155 79625 1 0
10059 67831 1 0
8797 9125 1 0
20653 99593 1 0
104326 20431 1 0
14842 77406 1 0
11754 18292 1 0
9936 98653 1 0
6206 59555 1 0
5977 69432 1 0
91735 56326 1 0
39026 72293 1 0
93321 79625 1 0
29596 16844 1 0
7882 91462 1 0
99395 93657 1 0
96262 10878 1 0
41398 5662 1 0
9312 741 1 0
103614 101319 1 0
103346 87422 1 0
5662 68661 1 0
8611 96700 1 0
11941 10122 1 0
97979 11394 1 0
57096 99640 1 0
79625 10633 1 0
100893 93579 1 0
96789 4087 1 0
6798 7857 1 0
65150 92243 1 0
25431 102623 1 0
6798 12565 1 0
96789 41528 1 0
13156 100338 1 0
10411 1942 1 0
4822 50421 1 0
101899 105850 1 0
85619 103346 1 0
102247 6487 1 0
1865 104375 1 0
11962 7347 1 0
103614 101899 1 0
105649 100400 1 0
69396 12565 1 0
23211 3275 1 0
15250 103792 1 0
6860 93765 1 0
6049 96262 1 0
22682 3611 1 0
104375 99562 1 0
95420 68661 1 0
101757 11151 1 0
62527 13989 1 0
101342 69432 1 0
101194 12815 1 0
8216 11228 1 0
102466 8533 1 0
8592 20780 1 0
35852 97619 1 0
57096 41332 1 0
55826 4582 1 0
105039 13567 1 0
694 41315 1 0
7721 5742 1 0
100534 8436 1 0
9060 41095 1 0
44682 10549 1 0
12771 49892 1 0
4879 2745 1 0
12096 9012 1 0
23276 95219 1 0
65736 7962 1 0
21094 106455 1 0
97920 11394 1 0
14637 99640 1 0
106212 93321 1 0
11394 18292 1 0
4201 106212 1 0
41599 1538 1 0
8592 9576 1 0
4201 74021 1 0
21094 11622 1 0
97901 68218 1 0
10508 9012 1 0
95219 37290 1 0
26209 67519 1 0
9724 103187 1 0
7465 68661 1 0
14158 8533 1 0
98610 11754 1 0
93535 20065 1 0
41075 100510 1 0
26209 104937 1 0
2768 101171 1 0
13361 76035 1 0
10841 96963 1 0
32252 97031 1 0
13381 5977 1 0
2369 69396 1 0
10897 5742 1 0
97650 103792 1 0
41415 11415 1 0
69783 6096 1 0
14637 103448 1 0
87422 4497 1 0
5462 101994 1 0
103525 67831 1 0
98021 104863 1 0
106365 25148 1 0
104342 5742 1 0
36127 94592 1 0
25431 93926 1 0
13381 73023 1 0
15015 102707 1 0
9830 100643 1 0
10804 100534 1 0
5886 62527 1 0
9914 5886 1 0
80292 9268 1 0
11151 43942 1 0
8921 10731 1 0
71654 9724 1 0
14618 95588 1 0
741 46266 1 0
99444 33336 1 0
97945 16690 1 0
5192 5507 1 0
93321 96646 1 0
8676 80292 1 0
105850 9517 1 0
13472 75552 1 0
91462 105025 1 0
5423 103214 1 0
93657 97979 1 0
13123 50570 1 0
1740 4879 1 0
12348 12224 1 0
103487 46266 1 0
13499 101319 1 0
5423 56109 1 0
101785 27337 1 0
10710 38636 1 0
33455 7347 1 0
7444 6512 1 0
10652 3740 1 0
101899 10230 1 0
21094 13989 1 0
25837 17040 1 0
33336 91462 1 0
97619 97477 1 0
12224 98071 1 0
97619 9653 1 0
2369 7038 1 0
68661 12565 1 0
10374 39688 1 0
65736 36440 1 0
103841 45552 1 0
25348 15932 1 0
96700 10933 1 0
6512 6282 1 0
41599 50252 1 0
14657 41432 1 0
97031 8115 1 0
106388 25837 1 0
3275 87387 1 0
794 11447 1 0
102435 97663 1 0
33103 103841 1 0
13156 104086 1 0
7016 97650 1 0
3305 22774 1 0
3759 12917 1 0
6353 24763 1 0
99432 16140 1 0
8015 101250 1 0
67519 14657 1 0
41232 12991 1 0
68408 20515 1 0
78573 1041 1 0
45879 13522 1 0
14178 5148 1 0
5036 55826 1 0
29596 69432 1 0
26370 97901 1 0
1715 8863 1 0
99395 23276 1 0
36127 41030 1 0
12704 97477 1 0
38442 65982 1 0
44014 7465 1 0
3740 20535 1 0
41584 104342 1 0
44014 43683 1 0
99216 22756 1 0
98610 11798 1 0
5036 91657 1 0
7444 33455 1 0
13567 10203 1 0
100750 25078 1 0
1865 12096 1 0
8676 10804 1 0
19091 81878 1 0
22756 93321 1 0
91657 13522 1 0
1688 27503 1 0
32301 4553 1 0
8292 18601 1 0
10670 6839 1 0
32173 61202 1 0
61202 16743 1 0
55396 48958 1 0
74021 96789 1 0
99432 9493 1 0
97477 100790 1 0
26815 16121 1 0
100510 96627 1 0
7295 27503 1 0
14692 100893 1 0
6096 69432 1 0
18918 105649 1 0
45552 3515 1 0
2768 20088 1 0
9868 1186 1 0
39688 105573 1 0
100243 4582 1 0
72293 98021 1 0
5720 59555 1 0
68218 19820 1 0
14726 17258 1 0
97120 62527 1 0
68661 2768 1 0
73023 4449 1 0
20780 102151 1 0
97619 49892 1 0
102330 55013 1 0
45552 103346 1 0
16690 8797 1 0
40750 5148 1 0
3877 17796 1 0
32173 1865 1 0
91735 56045 1 0
5913 11982 1 0
7081 94026 1 0
12460 694 1 0
4531 22159 1 0
85619 106498 1 0
106498 10633 1 0
25201 8436 1 0
101994 96627 1 0
15650 39026 1 0
53837 105877 1 0
1464 105716 1 0
4474 10878 1 0
96158 46266 1 0
10508 12795 1 0
56045 6941 1 0
9914 96569 1 0
105623 18918 1 0
11941 12348 1 0
28510 8098 1 0
68939 98567 1 0
45237 16290 1 0
24783 14657 1 0
77406 7347 1 0
50143 86585 1 0
20780 41415 1 0
10670 7544 1 0
7857 11172 1 0
8653 69432 1 0
96871 3092 1 0
9830 106365 1 0
36127 13472 1 0
72781 8653 1 0
40788 41369 1 0
20535 9786 1 0
94855 12258 1 0
97053 56326 1 0
100400 10670 1 0
10479 24763 1 0
59555 99320 1 0
106350 62849 1 0
43683 101979 1 0
16928 50595 1 0
1751 91294 1 0
2208 93926 1 0
95219 10230 1 0
37868 70530 1 0
99640 11306 1 0
25078 1041 1 0
1041 105877 1 0
99216 14216 1 0
97011 91562 1 0
98071 41232 1 0
32119 104035 1 0
7882 1715 1 0
103214 94117 1 0
102707 101342 1 0
3560 6116 1 0
19155 7594 1 0
106388 15795 1 0
12834 20695 1 0
57096 41175 1 0
104342 7016 1 0
61217 17436 1 0
67831 103841 1 0
106365 57389 1 0
10508 101006 1 0
97736 97477 1 0
102466 68661 1 0
100439 71438 1 0
100643 5462 1 0
14158 41528 1 0
16928 41584 1 0
100848 104086 1 0
98704 12679 1 0
15715 95219 1 0
105447 9674 1 0
99444 5886 1 0
20847 103722 1 0
99593 105025 1 0
102330 103200 1 0
3390 12864 1 0
8266 6915 1 0
7594 6402 1 0
3611 1267 1 0
95766 12442 1 0
44757 105447 1 0
41128 7594 1 0
26370 4605 1 0
8699 11622 1 0
25078 35852 1 0
3358 72293 1 0
55592 26209 1 0
68218 93683 1 0
12917 24783 1 0
5640 6798 1 0
20653 100945 1 0
8186 70530 1 0
20847 105102 1 0
12960 104375 1 0
11982 14158 1 0
12116 16985 1 0
5361 18918 1 0
10095 6134 1 0
5886 54154 1 0
9953 40914 1 0
8981 55013 1 0
15064 104035 1 0
91294 40469 1 0
91916 14692 1 0
100166 102504 1 0
40914 8323 1 0
4908 105025 1 0
100790 14618 1 0
45879 8901 1 0
87472 8676 1 0
15715 11819 1 0
105447 10529 1 0
14235 25431 1 0
3921 9012 1 0
3390 21094 1 0
15715 19155 1 0
6174 16928 1 0
93321 12348 1 0
10731 11962 1 0
1186 62152 1 0
41301 14657 1 0
4822 12424 1 0
4449 4822 1 0
1751 28288 1 0
104920 56460 1 0
98071 7882 1 0
25837 20460 1 0
97053 7857 1 0
7081 101979 1 0
57096 23276 1 0
50143 2672 1 0
53837 12052 1 0
9830 68160 1 0
3217 4531 1 0
102398 102247 1 0
10230 17209 1 0
1688 104459 1 0
36556 72334 1 0
33103 100510 1 0
3921 54154 1 0
95205 103012 1 0
41030 32119 1 0
11902 93321 1 0
12096 7994 1 0
87472 741 1 0
3826 11322 1 0
18918 41599 1 0
13361 37868 1 0
11151 104326 1 0
17359 104326 1 0
2414 41584 1 0
10692 6073 1 0
27384 59848 1 0
78573 11715 1 0
14235 99517 1 0
16743 12960 1 0
8064 105102 1 0
1538 2989 1 0
25348 103749 1 0
69206 41111 1 0
10059 7383 1 0
20579 12096 1 0
99640 100338 1 0
95891 29596 1 0
8797 8323 1 0
31494 10822 1 0
12224 97979 1 0
23348 94527 1 0
15715 10391 1 0
106455 10731 1 0
57096 96871 1 0
59376 98567 1 0
9762 9125 1 0
56045 7857 1 0
91694 95219 1 0
42344 17359 1 0
97736 5584 1 0
106212 95811 1 0
105649 103282 1 0
45840 8064 1 0
11819 100804 1 0
100166 3358 1 0
14158 99855 1 0
11819 103841 1 0
104326 81878 1 0
68408 19820 1 0
101963 10731 1 0
2708 16874 1 0
56109 1538 1 0
5701 45840 1 0
13195 41509 1 0
97979 77343 1 0
73023 4423 1 0
12224 56460 1 0
100848 56566 1 0
102398 39688 1 0
14885 103448 1 0
9380 26209 1 0
20460 95073 1 0
68218 104052 1 0
1688 55592 1 0
68408 96627 1 0
106388 13030 1 0
27503 104920 1 0
6839 15813 1 0
46067 7266 1 0
103722 102733 1 0
3650 8825 1 0
21094 49892 1 0
41301 68102 1 0
11902 17258 1 0
20460 20088 1 0
10391 10452 1 0
5214 5065 1 0
93535 16711 1 0
37290 10878 1 0
12991 17436 1 0
8825 1041 1 0
10692 16844 1 0
7383 2834 1 0
103487 26370 1 0
6304 5254 1 0
20847 38442 1 0
103639 97031 1 0
6437 5324 1 0
104086 99562 1 0
95219 11355 1 0
104533 11843 1 0
102398 32800 1 0
6174 8514 1 0
10652 11394 1 0
9674 16140 1 0
96848 8216 1 0
19394 93881 1 0
105039 1830 1 0
32694 15813 1 0
96569 2208 1 0
56460 97155 1 0
62152 1464 1 0
69206 45535 1 0
14710 101342 1 0
11902 94117 1 0
5036 38442 1 0
99855 41061 1 0
72293 98894 1 0
4474 34944 1 0
14885 60225 1 0
15015 1688 1 0
55573 101006 1 0
4908 97168 1 0
6282 23129 1 0
69783 8533 1 0
20755 12224 1 0
101194 95205 1 0
20460 16844 1 0
100945 21094 1 0
27466 4423 1 0
794 24763 1 0
12815 9558 1 0
93926 8323 1 0
8863 8533 1 0
19437 7038 1 0
8533 13522 1 0
8825 12317 1 0
5701 4087 1 0
3248 100534 1 0
17796 65150 1 0
103448 14692 1 0
36440 7594 1 0
17258 8216 1 0
5584 5192 1 0
41628 6073 1 0
3092 41584 1 0
14158 105025 1 0
11306 71813 1 0
4553 103027 1 0
35852 13030 1 0
59848 41613 1 0
11902 22756 1 0
68661 14601 1 0
23211 65736 1 0
11172 14710 1 0
12795 97155 1 0
32252 65150 1 0
11902 104863 1 0
8592 100945 1 0
7594 68281 1 0
96569 97477 1 0
92032 11902 1 0
13222 11394 1 0
106350 7882 1 0
1751 11447 1 0
7994 7266 1 0
11887 17436 1 0
17040 103346 1 0
97053 12424 1 0
100534 8846 1 0
41496 96848 1 0
11819 75552 1 0
98796 4822 1 0
73023 105623 1 0
22682 15813 1 0
3921 7444 1 0
16140 25078 1 0
69432 10411 1 0
45552 4988 1 0
98006 6096 1 0
6096 105447 1 0
8863 95420 1 0
41095 22682 1 0
8169 80292 1 0
7081 11355 1 0
21094 10749 1 0
8846 41528 1 0
81878 11415 1 0
59848 14824 1 0
41432 105447 1 0
12368 6798 1 0
96158 104326 1 0
10897 16844 1 0
104937 5584 1 0
104533 97736 1 0
17796 2868 1 0
16985 97845 1 0
104459 20579 1 0
12406 105266 1 0
5381 8392 1 0
59555 17077 1 0
18051 93535 1 0
6134 38636 1 0
12096 26370 1 0
41528 92243 1 0
7081 24149 1 0
16985 99640 1 0
60225 12116 1 0
74021 35852 1 0
11622 41061 1 0
98796 8148 1 0
6758 101194 1 0
10479 27466 1 0
102504 17359 1 0
98210 105932 1 0
99444 20460 1 0
103749 16157 1 0
4553 57953 1 0
103841 44014 1 0
5192 68102 1 0
99395 13240 1 0
103141 20088 1 0
100534 65736 1 0
9830 10230 1 0
2768 16690 1 0
61217 9060 1 0
12096 102398 1 0
14766 104052 1 0
60225 35852 1 0
47004 7544 1 0
100804 6702 1 0
96700 22774 1 0
11546 8653 1 0
16140 98224 1 0
5848 6353 1 0
9558 20695 1 0
12834 7925 1 0
103487 18051 1 0
100243 12565 1 0
104375 100750 1 0
102466 49892 1 0
11962 78573 1 0
100893 10203 1 0
98006 19722 1 0
45552 41584 1 0
19722 12960 1 0
72781 73931 1 0
104375 93321 1 0
106431 6353 1 0
14787 25536 1 0
8611 65150 1 0
59376 12565 1 0
3560 54154 1 0
102151 5977 1 0
106431 100439 1 0
15376 35107 1 0
98610 96569 1 0
100945 10230 1 0
8098 12134 1 0
85619 4582 1 0
105877 26815 1 0
40469 29596 1 0
85619 1715 1 0
41628 103346 1 0
13284 23129 1 0
59555 15715 1 0
9762 23276 1 0
25536 12116 1 0
68408 694 1 0
40750 5324 1 0
11754 14158 1 0
93881 7661 1 0
5720 68408 1 0
16157 5254 1 0
41599 8611 1 0
13030 20342 1 0
103027 99121 1 0
44757 72334 1 0
11902 13472 1 0
71438 105687 1 0
38442 3275 1 0
41599 102504 1 0
25201 106246 1 0
32694 54154 1 0
95205 67831 1 0
87472 27503 1 0
69432 68218 1 0
11306 16985 1 0
62527 11151 1 0
6619 104035 1 0
17258 99444 1 0
67519 14710 1 0
10059 91694 1 0
45552 7038 1 0
100111 101171 1 0
103346 27503 1 0
103346 5886 1 0
68939 23211 1 0
67519 8921 1 0
15552 3690 1 0
96646 8352 1 0
70530 14235 1 0
55396 72781 1 0
99640 19437 1 0
47801 15064 1 0
106246 2989 1 0
10059 97011 1 0
10692 12317 1 0
12096 20088 1 0
55573 20460 1 0
105496 1464 1 0
3560 7313 1 0
17436 93926 1 0
5662 11715 1 0
22756 6116 1 0
18292 71654 1 0
1267 99395 1 0
99216 105623 1 0
93765 17258 1 0
9830 24783 1 0
10036 99444 1 0
61217 93926 1 0
10351 7266 1 0
8676 26209 1 0
41613 95205 1 0
41301 97945 1 0
104937 98704 1 0
95192 103141 1 0
13284 8825 1 0
106365 18051 1 0
41061 97120 1 0
41111 22159 1 0
96789 97011 1 0
15250 17077 1 0
23211 13306 1 0
10710 9424 1 0
101171 94855 1 0
8186 17040 1 0
8266 20133 1 0
101194 99444 1 0
91694 100804 1 0
96789 16620 1 0
8436 105538 1 0
12460 22774 1 0
91546 41061 1 0
99395 13435 1 0
98894 95811 1 0
100945 85619 1 0
28288 99640 1 0
14178 96646 1 0
100243 103346 1 0
15250 11622 1 0
102707 15813 1 0
12771 15250 1 0
96646 62046 1 0
14601 97663 1 0
45840 5720 1 0
13499 103141 1 0
45840 6206 1 0
102151 101994 1 0
75552 12424 1 0
24696 97663 1 0
25201 23503 1 0
44014 3826 1 0
18292 69396 1 0
97011 17077 1 0
104375 10915 1 0
96789 25431 1 0
99121 105039 1 0
16928 3650 1 0
104086 9702 1 0
2369 59376 1 0
99432 99593 1 0
103187 9536 1 0
7994 97663 1 0
96871 12565 1 0
41301 55013 1 0
41157 11355 1 0
5977 106350 1 0
46266 17004 1 0
101757 45658 1 0
57239 17040 1 0
105538 8634 1 0
7016 5381 1 0
2745 5324 1 0
97011 11941 1 0
10549 101899 1 0
741 7747 1 0
15376 8981 1 0
50143 19394 1 0
16985 76035 1 0
103187 95811 1 0
87472 16140 1 0
9012 45429 1 0
6839 101979 1 0
96507 103749 1 0
11546 6134 1 0
94026 6134 1 0
5462 59425 1 0
13306 4087 1 0
65736 18918 1 0
45535 14726 1 0
91591 13499 1 0
104326 101568 1 0
103722 6049 1 0
40571 93579 1 0
35107 8797 1 0
9674 6096 1 0
100945 94855 1 0
1740 10250 1 0
20431 5423 1 0
9220 69206 1 0
11941 6966 1 0
7038 93579 1 0
105850 71813 1 0
87387 17436 1 0
10374 9953 1 0
5584 16711 1 0
794 7702 1 0
10897 8266 1 0
8754 10549 1 0
102151 10296 1 0
103012 13123 1 0
101194 86585 1 0
7113 9380 1 0
16620 7444 1 0
9936 9312 1 0
94117 6228 1 0
103200 3877 1 0
8676 14618 1 0
16985 94026 1 0
105649 8266 1 0
41301 9268 1 0
34088 5381 1 0
10822 14766 1 0
14135 7491 1 0
1942 6487 1 0
11843 6134 1 0
98796 1572 1 0
93299 41111 1 0
25348 6992 1 0
95407 41157 1 0
6553 1538 1 0
6839 44014 1 0
103012 13195 1 0
94117 1715 1 0
9470 13306 1 0
102466 105538 1 0
9293 16690 1 0
12795 6002 1 0
7882 2768 1 0
10351 27466 1 0
20133 100243 1 0
93683 6383 1 0
14692 61217 1 0
4908 48958 1 0
6992 12096 1 0
99121 72781 1 0
16844 19437 1 0
55826 27466 1 0
101963 32119 1 0
16844 5214 1 0
18309 4201 1 0
8551 8514 1 0
101221 4423 1 0
68408 9830 1 0
5913 7702 1 0
41128 14618 1 0
13337 9125 1 0
97477 101319 1 0
1830 20780 1 0
93881 101979 1 0
60225 41528 1 0
6437 96848 1 0
35107 10036 1 0
101568 37868 1 0
102330 4879 1 0
7594 8754 1 0
56460 14692 1 0
7491 44757 1 0
41509 4964 1 0
14885 50143 1 0
105336 41315 1 0
32119 8754 1 0
20431 96871 1 0
16985 32694 1 0
794 50252 1 0
6619 96789 1 0
92046 98021 1 0
1572 69432 1 0
101194 7702 1 0
45237 26370 1 0
1715 103187 1 0
5977 48958 1 0
6645 99432 1 0
12152 1942 1 0
2369 79625 1 0
97663 41218 1 0
9242 8846 1 0
6758 97477 1 0
1715 98006 1 0
3877 100510 1 0
101221 9268 1 0
99666 69206 1 0
8352 101757 1 0
105336 53837 1 0
7747 15552 1 0
29596 38636 1 0
95420 3092 1 0
100400 80292 1 0
106350 6096 1 0
1740 57389 1 0
13172 10374 1 0
8846 9743 1 0
37290 7925 1 0
27384 6049 1 0
70530 16690 1 0
9268 91462 1 0
20342 2745 1 0
5324 69432 1 0
95219 73931 1 0
20342 18309 1 0
9125 6860 1 0
5848 7702 1 0
25078 94527 1 0
20535 101994 1 0
104533 9743 1 0
3358 43942 1 0
10933 16743 1 0
10710 10915 1 0
98653 5324 1 0
104533 104937 1 0
93926 104375 1 0
41061 54154 1 0
41030 41369 1 0
41061 11735 1 0
12134 91916 1 0
29596 56460 1 0
75552 100848 1 0
41496 17796 1 0
101757 7925 1 0
9060 18051 1 0
7906 26815 1 0
3515 10897 1 0
14637 54154 1 0
96871 25583 1 0
25536 4553 1 0
9094 55396 1 0
8514 93321 1 0
12991 105877 1 0
8699 4822 1 0
23348 98653 1 0
3690 97168 1 0
41599 68939 1 0
10633 3410 1 0
13140 46067 1 0
100166 8611 1 0
13140 103187 1 0
12704 23129 1 0
12991 6798 1 0
100790 93299 1 0
32252 69396 1 0
99517 12771 1 0
91546 81878 1 0
101171 105850 1 0
8533 105496 1 0
97663 16874 1 0
32252 45429 1 0
10878 93881 1 0
79625 8611 1 0
10692 37290 1 0
45237 2208 1 0
5640 3560 1 0
105538 40914 1 0
98071 5584 1 0
17077 100804 1 0
46266 65736 1 0
68408 99292 1 0
12204 99593 1 0
8592 105025 1 0
13240 50421 1 0
8015 45753 1 0
103614 57096 1 0
6096 3410 1 0
98210 91916 1 0
93881 46266 1 0
102330 41218 1 0
9517 9268 1 0
39026 6206 1 0
32301 17209 1 0
40469 105025 1 0
10122 15813 1 0
56109 25201 1 0
6174 103841 1 0
8292 103346 1 0
36024 16985 1 0
50143 87472 1 0
7113 45840 1 0
6073 10095 1 0
8323 91451 1 0
65736 97053 1 0
8098 105731 1 0
75552 93765 1 0
10710 41599 1 0
44757 40571 1 0
45429 41369 1 0
99121 94026 1 0
45879 78573 1 0
23129 6619 1 0
98610 11306 1 0
45429 103346 1 0
8323 10749 1 0
7383 11686 1 0
8797 41350 1 0
27466 69206 1 0
5214 16844 1 0
105932 3515 1 0
92032 31106 1 0
11394 33148 1 0
7383 13172 1 0
100510 41528 1 0
9493 1464 1 0
12679 6174 1 0
10452 741 1 0
5381 71654 1 0
5848 6282 1 0
5720 95588 1 0
87387 94117 1 0
41628 55426 1 0
9702 105266 1 0
93535 95811 1 0
13030 39026 1 0
92032 3092 1 0
106212 8699 1 0
94855 93321 1 0
8169 68939 1 0
5148 102707 1 0
23129 104937 1 0
7962 59376 1 0
32173 12348 1 0
26850 3410 1 0
3650 32252 1 0
67831 3358 1 0
12917 12134 1 0
10692 3587 1 0
20088 6096 1 0
13381 13361 1 0
105956 3305 1 0
97011 13222 1 0
15932 5015 1 0
100037 98210 1 0
7113 106365 1 0
105623 96551 1 0
96569 97979 1 0
102200 14726 1 0
1715 98796 1 0
6645 8676 1 0
19722 56431 1 0
40788 9743 1 0
86585 3690 1 0
103749 10933 1 0
4582 101194 1 0
102466 20780 1 0
10296 8216 1 0
1041 62527 1 0
92046 4201 1 0
54287 6798 1 0
40750 5662 1 0
92243 24763 1 0
100243 103282 1 0
101899 104342 1 0
9470 97736 1 0
73023 76035 1 0
102330 10095 1 0
20780 10878 1 0
5640 32252 1 0
25583 11843 1 0
12704 3952 1 0
6206 87472 1 0
10710 99562 1 0
1830 62849 1 0
6304 14692 1 0
104481 10036 1 0
104035 101899 1 0
7747 9953 1 0
41628 38442 1 0
23348 102272 1 0
55592 6512 1 0
11172 93579 1 0
14904 1830 1 0
104326 40914 1 0
103027 12258 1 0
9060 104342 1 0
55573 46067 1 0
18051 105623 1 0
104533 14601 1 0
56566 12368 1 0
103141 19394 1 0
101171 41369 1 0
14710 13222 1 0
56460 95891 1 0
6402 103214 1 0
32301 105687 1 0
93657 22774 1 0
20342 4964 1 0
8436 13140 1 0
105877 14178 1 0
100750 3139 1 0
97650 10122 1 0
3217 41301 1 0
8921 4553 1 0
59848 55426 1 0
9896 104086 1 0
10804 22756 1 0
2834 86585 1 0
7882 6228 1 0
103282 14885 1 0
15650 11868 1 0
98796 7747 1 0
14178 23129 1 0
101979 13123 1 0
14726 25078 1 0
4988 27337 1 0
11394 8653 1 0
54643 3410 1 0
69432 40469 1 0
101979 12224 1 0
99320 100534 1 0
45237 10529 1 0
41528 30730 1 0
16690 40571 1 0
17209 3611 1 0
8797 35107 1 0
57096 11868 1 0
103487 8676 1 0
106365 1751 1 0
10652 4747 1 0
7347 10452 1 0
71813 33103 1 0
8846 9896 1 0
4605 25148 1 0
8950 26815 1 0
54287 16808 1 0
14601 93926 1 0
16985 9536 1 0
105687 8551 1 0
97031 20847 1 0
23211 20431 1 0
7465 40914 1 0
97011 18309 1 0
16157 105687 1 0
8266 100166 1 0
10374 41030 1 0
32173 5886 1 0
101056 12917 1 0
105266 102623 1 0
10841 5381 1 0
5381 97663 1 0
7994 8720 1 0
6966 47801 1 0
101785 72293 1 0
38636 96613 1 0
39688 41528 1 0
9914 50421 1 0
32301 103525 1 0
11394 8098 1 0
102272 12771 1 0
10804 105731 1 0
11546 95811 1 0
100893 7313 1 0
3740 56109 1 0
4908 101963 1 0
100804 36440 1 0
9380 100338 1 0
6702 100790 1 0
98224 10652 1 0
11868 97979 1 0
12406 50252 1 0
9094 95588 1 0
37868 3921 1 0
99395 20460 1 0
17077 7383 1 0
25583 41218 1 0
9380 95420 1 0
6304 16928 1 0
68102 92243 1 0
8611 10731 1 0
6860 8754 1 0
103639 28510 1 0
12116 99395 1 0
6228 14904 1 0
25431 96613 1 0
5720 8863 1 0
17436 14692 1 0
6619 16290 1 0
29596 13240 1 0
15932 13989 1 0
102398 10529 1 0
13361 99216 1 0
17209 20088 1 0
62527 12679 1 0
17359 105956 1 0
10230 97155 1 0
95420 62152 1 0
5701 9536 1 0
99292 16808 1 0
16290 5792 1 0
77343 38442 1 0
32119 11172 1 0
2868 65150 1 0
101979 95073 1 0
8352 6402 1 0
69206 26370 1 0
5848 12539 1 0
100945 26370 1 0
3952 39026 1 0
55826 20065 1 0
4822 36024 1 0
105932 8533 1 0
15715 59376 1 0
103200 3740 1 0
9424 56460 1 0
78573 1647 1 0
7216 11622 1 0
11982 96646 1 0
10250 8699 1 0
105039 22774 1 0
41301 6116 1 0
59376 36127 1 0
10710 45429 1 0
6645 6463 1 0
1572 10841 1 0
7721 10122 1 0
2414 10549 1 0
54643 99562 1 0
4582 65982 1 0
7661 10391 1 0
103614 97011 1 0
100804 16690 1 0
13989 3877 1 0
103792 10250 1 0
13306 99320 1 0
7113 97979 1 0
104937 3433 1 0
12096 8611 1 0
62527 18051 1 0
14805 93579 1 0
11715 104459 1 0
7661 5036 1 0
9094 101171 1 0
10897 22756 1 0
3275 93321 1 0
43853 35852 1 0
5662 9125 1 0
98210 11887 1 0
100848 10452 1 0
5584 41218 1 0
10036 15250 1 0
96569 9914 1 0
100111 12258 1 0
6595 7925 1 0
96158 5701 1 0
6512 20065 1 0
99517 13435 1 0
25837 2989 1 0
42344 57096 1 0
6116 96613 1 0
23129 27503 1 0
12704 13472 1 0
5701 5584 1 0
12834 9060 1 0
15064 6619 1 0
3650 11322 1 0
87472 2768 1 0
8611 96613 1 0
87422 96789 1 0
16808 12960 1 0
97663 9380 1 0
2745 59376 1 0
25148 100804 1 0
13195 97155 1 0
86585 34944 1 0
27503 12258 1 0
9576 13140 1 0
102435 59555 1 0
14216 14842 1 0
100439 47004 1 0
36556 105956 1 0
19091 42344 1 0
72293 12565 1 0
91451 105447 1 0
11484 9576 1 0
12679 17436 1 0
6156 91451 1 0
14787 4474 1 0
95073 12317 1 0
27503 10296 1 0
19394 57239 1 0
3358 92046 1 0
14787 13140 1 0
4423 68408 1 0
57389 10351 1 0
12864 8825 1 0
65982 25201 1 0
68408 22682 1 0
12960 6619 1 0
10822 9702 1 0
3807 1538 1 0
13435 3139 1 0
40914 3305 1 0
60225 99517 1 0
9810 100037 1 0
69396 93657 1 0
4449 11355 1 0
100534 41599 1 0
10652 8186 1 0
100111 37868 1 0
5913 3650 1 0
13337 91294 1 0
9268 9702 1 0
8216 102623 1 0
99855 11484 1 0
15519 6595 1 0
9674 56326 1 0
6992 9971 1 0
73023 71813 1 0
18051 101568 1 0
25201 9653 1 0
5792 11715 1 0
41584 54287 1 0
9558 44757 1 0
45535 8754 1 0
97011 7465 1 0
14692 3275 1 0
14726 36127 1 0
5792 41432 1 0
87387 20431 1 0
94592 41332 1 0
10692 78573 1 0
60225 44229 1 0
105649 91451 1 0
16743 106431 1 0
77343 12258 1 0
10549 18918 1 0
11982 45879 1 0
97155 14657 1 0
103200 103722 1 0
54287 4087 1 0
95407 20780 1 0
41628 101342 1 0
55573 1538 1 0
6353 5254 1 0
10670 20535 1 0
91451 9493 1 0
95811 10749 1 0
11754 97901 1 0
5036 15519 1 0
91562 57096 1 0
97168 6353 1 0
104052 68408 1 0
97011 25148 1 0
92046 14235 1 0
104086 104937 1 0
44014 36556 1 0
11151 44229 1 0
61202 102504 1 0
20695 92243 1 0
6002 12795 1 0
16844 8720 1 0
32252 75552 1 0
14766 41218 1 0
54154 98894 1 0
101006 10878 1 0
15064 10479 1 0
101963 50252 1 0
33336 8901 1 0
14618 97053 1 0
7313 3921 1 0
15650 106388 1 0
6096 14885 1 0
46266 2414 1 0
1830 9517 1 0
5701 45535 1 0
16743 105336 1 0
12406 15715 1 0
11686 99855 1 0
1830 39026 1 0
39026 25837 1 0
72334 18309 1 0
7882 41301 1 0
11902 37290 1 0
12424 10933 1 0
7962 16985 1 0
101757 8323 1 0
6134 9936 1 0
7444 33103 1 0
57389 98071 1 0
1865 100804 1 0
41496 103639 1 0
2868 105623 1 0
54287 103448 1 0
41111 102398 1 0
10374 106455 1 0
28288 10452 1 0
79625 102247 1 0
55573 41315 1 0
65982 41232 1 0
40914 7925 1 0
11394 4964 1 0
104086 103722 1 0
6049 97945 1 0
15064 22159 1 0
46266 3877 1 0
60225 41128 1 0
14842 8676 1 0
55396 10897 1 0
6402 40914 1 0
17077 103027 1 0
5977 68218 1 0
10296 101994 1 0
10230 3358 1 0
106296 87387 1 0
41111 99395 1 0
10822 5886 1 0
14842 14618 1 0
9094 91294 1 0
105538 11546 1 0
98945 14692 1 0
15795 5742 1 0
3826 45658 1 0
41628 8352 1 0
9953 91694 1 0
14178 100243 1 0
93299 104375 1 0
4582 5148 1 0
17436 8323 1 0
1267 36556 1 0
94026 45552 1 0
14692 56460 1 0
99216 50252 1 0
106296 101056 1 0
106246 97650 1 0
96700 20342 1 0
28288 3410 1 0
6073 9293 1 0
44229 8266 1 0
8592 95407 1 0
8901 95192 1 0
12960 13156 1 0
7444 14601 1 0
105447 50143 1 0
100790 72293 1 0
6645 65736 1 0
13989 104086 1 0
99640 3092 1 0
20402 5886 1 0
91294 95891 1 0
102435 9786 1 0
40571 11843 1 0
27337 13306 1 0
8216 41075 1 0
85619 105623 1 0
12424 97736 1 0
17004 3092 1 0
91294 8863 1 0
32800 45753 1 0
41157 41061 1 0
41369 35852 1 0
100893 6576 1 0
14692 12258 1 0
98945 40788 1 0
98584 104375 1 0
106246 7994 1 0
99395 102707 1 0
95219 17796 1 0
40750 6156 1 0
5148 106246 1 0
8825 7962 1 0
93765 97920 1 0
24783 10652 1 0
8216 11868 1 0
12795 57389 1 0
50143 4964 1 0
11394 22159 1 0
77406 36127 1 0
9971 32173 1 0
103282 18292 1 0
68408 1715 1 0
9380 98006 1 0
106212 69206 1 0
79625 97845 1 0
20695 8148 1 0
54643 101963 1 0
2208 8611 1 0
102200 48375 1 0
24783 41301 1 0
16140 22682 1 0
91546 103012 1 0
87408 28288 1 0
103012 55426 1 0
97168 53837 1 0
93657 1041 1 0
56109 8797 1 0
3650 6116 1 0
3740 104937 1 0
9702 11306 1 0
105039 35645 1 0
106212 12917 1 0
10710 7661 1 0
102435 71654 1 0
94592 53837 1 0
69206 97920 1 0
97031 7721 1 0
8901 1740 1 0
93579 105850 1 0
69396 53837 1 0
55396 20460 1 0
17077 24783 1 0
20515 98796 1 0
3515 14692 1 0
106431 92032 1 0
5015 11322 1 0
5617 45753 1 0
97168 106498 1 0
13140 6096 1 0
15156 13284 1 0
47004 5254 1 0
99666 8551 1 0
24783 11355 1 0
14135 3807 1 0
100166 6619 1 0
15715 96569 1 0
5720 12258 1 0
12152 102151 1 0
16808 98894 1 0
12795 1267 1 0
2989 7465 1 0
41128 25201 1 0
5065 9786 1 0
102330 12815 1 0
40914 5701 1 0
37868 102247 1 0
98796 97031 1 0
11715 13030 1 0
4908 6619 1 0
10731 98610 1 0
8186 87408 1 0
8720 94855 1 0
17209 2369 1 0
106246 103525 1 0
44014 3587 1 0
13030 3139 1 0
96551 16874 1 0
13472 20088 1 0
91916 13030 1 0
103448 11941 1 0
7134 8699 1 0
12406 3807 1 0
41315 56460 1 0
10036 7925 1 0
94855 3952 1 0
100773 28288 1 0
8846 81878 1 0
44757 11228 1 0
56460 99855 1 0
73931 99216 1 0
99395 5462 1 0
9558 5110 1 0
41509 8064 1 0
5361 36556 1 0
14657 46067 1 0
56326 13172 1 0
96789 7038 1 0
103187 44229 1 0
19722 1751 1 0
741 103187 1 0
1267 56326 1 0
10670 104035 1 0
5742 8634 1 0
13567 9953 1 0
9517 12152 1 0
50143 20755 1 0
15715 40914 1 0
91735 103027 1 0
73931 34944 1 0
10529 92046 1 0
4531 11686 1 0
41496 6798 1 0
62849 101194 1 0
6941 3139 1 0
65736 12348 1 0
18918 6174 1 0
741 5036 1 0
6619 91462 1 0
5701 694 1 0
85619 101757 1 0
102151 7747 1 0
13522 4582 1 0
7383 14178 1 0
93926 29117 1 0
105956 13172 1 0
25148 105538 1 0
104086 26370 1 0
5192 71438 1 0
15015 41398 1 0
12348 26370 1 0
9724 15015 1 0
23129 10508 1 0
100166 41030 1 0
98945 41061 1 0
18292 62527 1 0
6860 13030 1 0
10804 9493 1 0
100510 7216 1 0
98796 100750 1 0
19394 91591 1 0
12096 6383 1 0
94855 33148 1 0
105716 8981 1 0
68408 8551 1 0
10933 14692 1 0
6915 7882 1 0
100400 65982 1 0
5254 29117 1 0
59555 100166 1 0
14787 41232 1 0
7444 39026 1 0
7747 18309 1 0
100400 98071 1 0
70530 9762 1 0
14885 6839 1 0
26370 10652 1 0
10670 794 1 0
2768 4449 1 0
69206 11735 1 0
10508 12348 1 0
19155 41628 1 0
20535 15932 1 0
102330 98610 1 0
6049 15250 1 0
37290 15650 1 0
91735 47004 1 0
3650 74021 1 0
10250 50595 1 0
32301 98610 1 0
5065 101979 1 0
95420 12368 1 0
7661 41301 1 0
14885 6860 1 0
7216 15064 1 0
18601 77343 1 0
8981 6860 1 0
99395 13989 1 0
7295 101785 1 0
100790 50570 1 0
3877 105687 1 0
7594 92243 1 0
5977 95588 1 0
70530 9724 1 0
41218 13337 1 0
17359 8825 1 0
1186 5065 1 0
13337 69206 1 0
105573 91546 1 0
8825 8981 1 0
1830 6402 1 0
21094 31106 1 0
8653 57239 1 0
93579 17004 1 0
3275 93683 1 0
23398 6758 1 0
97901 4879 1 0
8292 26209 1 0
7661 13284 1 0
28288 9762 1 0
19722 12991 1 0
104326 57389 1 0
57389 101194 1 0
14805 18051 1 0
96158 100893 1 0
95205 97920 1 0
4908 13306 1 0
11394 71438 1 0
6798 10296 1 0
71654 16620 1 0
57953 93579 1 0
5584 91735 1 0
60225 41415 1 0
13522 104863 1 0
99444 105731 1 0
16690 13306 1 0
12795 16620 1 0
96627 8064 1 0
1647 10452 1 0
24149 102733 1 0
10692 94117 1 0
61217 80292 1 0
93579 101056 1 0
10710 95891 1 0
17359 7857 1 0
3515 91657 1 0
22774 3217 1 0
15376 92243 1 0
13284 9517 1 0
7081 59555 1 0
65150 10749 1 0
61202 13306 1 0
9220 91451 1 0
6073 15650 1 0
67831 104920 1 0
106455 3650 1 0
94592 6595 1 0
101568 8611 1 0
11686 104086 1 0
13123 104459 1 0
36127 20515 1 0
93321 59555 1 0
97945 12815 1 0
13172 4553 1 0
41111 5662 1 0
72334 81878 1 0
17077 11394 1 0
6383 2834 1 0
91694 5584 1 0
103487 20088 1 0
57953 4531 1 0
5361 11447 1 0
105850 7444 1 0
100534 11941 1 0
93321 96507 1 0
91916 105850 1 0
10203 72334 1 0
5148 41204 1 0
5423 100848 1 0
26370 99432 1 0
12539 6798 1 0
98006 103141 1 0
11982 11715 1 0
12771 20402 1 0
5617 8901 1 0
6487 9936 1 0
13337 106246 1 0
10391 10822 1 0
40914 105716 1 0
6798 12406 1 0
71813 3740 1 0
13030 98796 1 0
105932 6839 1 0
48375 68102 1 0
45840 15064 1 0
6156 99121 1 0
12368 6992 1 0
10822 4908 1 0
2745 5913 1 0
95205 11982 1 0
95588 16711 1 0
7134 5214 1 0
6702 12539 1 0
96551 31106 1 0
25201 14216 1 0
9674 9786 1 0
13240 41061 1 0
20695 41528 1 0
7347 16844 1 0
10804 13030 1 0
9810 97845 1 0
40914 44229 1 0
106431 37290 1 0
69396 6228 1 0
32173 41398 1 0
14135 14787 1 0
103346 1041 1 0
96848 41111 1 0
7038 20755 1 0
99320 3759 1 0
6206 25583 1 0
13222 45429 1 0
37290 96551 1 0
14710 103448 1 0
67831 3587 1 0
94592 41584 1 0
5214 15519 1 0
105956 1186 1 0
96613 43683 1 0
3390 55013 1 0
8392 44682 1 0
67519 2208 1 0
36440 8292 1 0
9268 13499 1 0
95073 104533 1 0
6595 50143 1 0
7702 9470 1 0
9220 56326 1 0
105336 8115 1 0
14216 41301 1 0
15156 5662 1 0
10296 96848 1 0
19820 106246 1 0
100893 8514 1 0
10633 11355 1 0
6839 62046 1 0
104863 11447 1 0
12096 8292 1 0
59425 4449 1 0
10529 10749 1 0
11306 105716 1 0
32173 45535 1 0
97945 16844 1 0
5381 79625 1 0
36127 95205 1 0
44682 9558 1 0
97650 32694 1 0
12815 12424 1 0
102435 8352 1 0
19155 5886 1 0
43683 6941 1 0
93657 22756 1 0
56045 12991 1 0
106365 22159 1 0
1464 11754 1 0
7925 12134 1 0
102623 1942 1 0
43683 94026 1 0
55573 8699 1 0
100750 50421 1 0
4605 10059 1 0
10841 12096 1 0
20065 95205 1 0
15015 9060 1 0
91657 4553 1 0
26370 12258 1 0
98894 15795 1 0
7216 12771 1 0
15552 7994 1 0
12424 101994 1 0
36440 9558 1 0
7857 20614 1 0
6116 68218 1 0
102398 35645 1 0
5361 104459 1 0
103200 48958 1 0
41350 7113 1 0
9012 17077 1 0
15156 101319 1 0
15795 93579 1 0
22159 103282 1 0
8863 44682 1 0
4822 10897 1 0
12679 97619 1 0
10452 6839 1 0
16690 6941 1 0
22774 26815 1 0
9558 103792 1 0
1647 5192 1 0
69206 99292 1 0
5254 103346 1 0
102272 12565 1 0
105850 13123 1 0
5381 61217 1 0
105649 73931 1 0
100643 29117 1 0
8676 9830 1 0
18292 4087 1 0
11447 3611 1 0
76035 5361 1 0
8797 9293 1 0
46067 12442 1 0
97011 62152 1 0
103187 5381 1 0
102200 6992 1 0
24149 62527 1 0
4964 8533 1 0
13361 101250 1 0
45840 26815 1 0
25201 45237 1 0
98894 14766 1 0
5742 41128 1 0
6595 72334 1 0
103200 17209 1 0
26370 77406 1 0
2414 6002 1 0
8169 3275 1 0
69206 99395 1 0
10652 25431 1 0
2989 39688 1 0
41496 5036 1 0
11394 54287 1 0
93765 100945 1 0
3217 12795 1 0
6096 106350 1 0
93926 102623 1 0
55826 26850 1 0
7134 96507 1 0
93579 18309 1 0
13172 14158 1 0
99121 92243 1 0
106296 45753 1 0
13030 56326 1 0
61202 5886 1 0
17209 35645 1 0
103346 99432 1 0
99292 23276 1 0
13140 5507 1 0
72781 100037 1 0
104052 8148 1 0
10122 13435 1 0
57239 45658 1 0
6437 14726 1 0
25148 11902 1 0
22774 11546 1 0
92243 13123 1 0
37868 104342 1 0
4964 14885 1 0
97120 16985 1 0
69206 13306 1 0
98006 48958 1 0
17436 50252 1 0
7313 8514 1 0
8352 5701 1 0
59848 99292 1 0
7821 96158 1 0
45840 12960 1 0
48958 103027 1 0
14726 7016 1 0
55396 7465 1 0
2672 11484 1 0
78573 106296 1 0
2745 7313 1 0
19820 99216 1 0
3877 9674 1 0
99444 104375 1 0
55426 29117 1 0
76035 105447 1 0
14710 61217 1 0
41496 1751 1 0
100338 8901 1 0
7721 55826 1 0
6798 7081 1 0
57389 9536 1 0
41315 10692 1 0
14766 92243 1 0
98006 17258 1 0
46266 12204 1 0
2672 16290 1 0
10230 5584 1 0
5015 11754 1 0
59848 14805 1 0
11306 12460 1 0
7295 13361 1 0
5381 61217 1 0
99395 15795 1 0
96789 8634 1 0
8064 12815 1 0
10508 91546 1 0
9220 8653 1 0
101250 93657 1 0
9653 5015 1 0
12771 56431 1 0
14601 105850 1 0
25148 6576 1 0
95420 9094 1 0
15519 2745 1 0
6702 36440 1 0
43853 100643 1 0
3275 91294 1 0
98071 7134 1 0
33336 9517 1 0
77406 25583 1 0
48958 104920 1 0
5792 41075 1 0
99593 41350 1 0
6206 6576 1 0
3248 3650 1 0
12258 101568 1 0
9896 57389 1 0
85619 103749 1 0
6487 32800 1 0
99855 104920 1 0
10479 71438 1 0
102272 9674 1 0
97736 99517 1 0
93321 12116 1 0
55592 3390 1 0
103792 9674 1 0
98006 5110 1 0
96871 6992 1 0
95891 10122 1 0
99292 8825 1 0
3433 6247 1 0
6156 47801 1 0
103012 101319 1 0
95420 57096 1 0
1572 45753 1 0
14178 15376 1 0
5848 11322 1 0
2369 41301 1 0
6383 13381 1 0
95219 3650 1 0
3826 104035 1 0
36556 28288 1 0
33455 47801 1 0
21094 11798 1 0
31106 10411 1 0
12224 24763 1 0
96569 8676 1 0
10731 55826 1 0
8292 8266 1 0
41496 20780 1 0
100893 9558 1 0
85619 97650 1 0
65736 95420 1 0
9493 102398 1 0
106212 2208 1 0
6174 7594 1 0
9060 100893 1 0
102200 35645 1 0
13030 93579 1 0
7016 5507 1 0
106296 96613 1 0
96507 22756 1 0
5361 44014 1 0
81878 87422 1 0
33103 9953 1 0
97945 54287 1 0
45753 26815 1 0
14904 100243 1 0
12096 3952 1 0
7857 7882 1 0
104459 96507 1 0
8533 101250 1 0
10351 100338 1 0
70530 27337 1 0
36556 7266 1 0
36127 15795 1 0
96789 7491 1 0
102330 6206 1 0
32173 7702 1 0
94592 33148 1 0
41628 3515 1 0
41061 99432 1 0
11982 7113 1 0
694 68661 1 0
10411 20402 1 0
4531 5462 1 0
16121 75552 1 0
6941 16985 1 0
32252 102504 1 0
12704 9493 1 0
2208 13030 1 0
106365 1572 1 0
41030 6073 1 0
8186 13337 1 0
91451 14787 1 0
6463 101250 1 0
3587 8169 1 0
68102 95073 1 0
8169 18309 1 0
10749 104342 1 0
98653 103749 1 0
26209 95811 1 0
12152 24783 1 0
8699 11546 1 0
6383 794 1 0
49892 100750 1 0
11715 93535 1 0
13240 97619 1 0
3921 18918 1 0
100400 14158 1 0
2414 41128 1 0
62849 9493 1 0
6437 100510 1 0
93881 57389 1 0
4582 6860 1 0
8754 8653 1 0
11868 8901 1 0
105039 104481 1 0
3275 56045 1 0
45879 12460 1 0
11686 9312 1 0
38636 78573 1 0
18309 30730 1 0
17796 11394 1 0
41509 101785 1 0
105573 8186 1 0
103141 93657 1 0
10230 105573 1 0
16140 34088 1 0
45429 3390 1 0
99216 34088 1 0
98610 99216 1 0
33455 86585 1 0
54643 5423 1 0
93321 8514 1 0
97663 2708 1 0
7906 3217 1 0
7661 33336 1 0
6096 95588 1 0
95407 97031 1 0
105956 12348 1 0
9493 101979 1 0
5065 1830 1 0
7882 10841 1 0
33336 105025 1 0
25431 8514 1 0
6487 7857 1 0
9380 29117 1 0
98796 102151 1 0
93321 98210 1 0
4474 20431 1 0
38442 5462 1 0
8186 3217 1 0
27503 9786 1 0
100945 8266 1 0
1647 9558 1 0
8676 5848 1 0
102151 12442 1 0
25201 16928 1 0
91747 105336 1 0
1942 10692 1 0
7491 6619 1 0
10549 7491 1 0
20579 26370 1 0
102151 103346 1 0
14787 11447 1 0
5361 11754 1 0
15795 47801 1 0
26370 15715 1 0
7702 17004 1 0
9786 103282 1 0
68160 13195 1 0
1464 3358 1 0
97663 9125 1 0
17004 8592 1 0
100750 1830 1 0
7747 96551 1 0
10731 8533 1 0
14842 1464 1 0
11546 45658 1 0
40914 95192 1 0
59848 87408 1 0
96262 14692 1 0
6645 36127 1 0
25078 68939 1 0
16290 11546 1 0
57953 10452 1 0
16711 6206 1 0
12815 8921 1 0
10479 48375 1 0
14787 74021 1 0
41584 1830 1 0
694 9312 1 0
32173 45658 1 0
37868 14135 1 0
48958 19820 1 0
12224 26209 1 0
50252 12258 1 0
13240 12991 1 0
6915 91657 1 0
12917 14637 1 0
10351 22159 1 0
10296 3433 1 0
6134 11962 1 0
13567 18918 1 0
6595 8592 1 0
92032 68939 1 0
96551 57389 1 0
96613 13472 1 0
29596 4822 1 0
6941 15064 1 0
41075 15552 1 0
9293 80292 1 0
6437 20847 1 0
50252 7594 1 0
18309 10633 1 0
62046 40914 1 0
8436 103187 1 0
5148 20460 1 0
7383 96262 1 0
101221 26370 1 0
99292 10391 1 0
106431 7295 1 0
43853 12960 1 0
95219 97845 1 0
45753 12258 1 0
105687 104375 1 0
97663 68281 1 0
12917 20342 1 0
6553 42344 1 0
98894 8514 1 0
104086 8825 1 0
56045 9576 1 0
7994 71438 1 0
105336 16290 1 0
67831 16620 1 0
106498 103141 1 0
14178 97120 1 0
16121 4988 1 0
8863 96848 1 0
6096 9762 1 0
59555 104326 1 0
39688 74021 1 0
96871 8514 1 0
6966 33148 1 0
97120 36127 1 0
7038 2208 1 0
10452 25078 1 0
68102 34088 1 0
67831 2672 1 0
9312 95205 1 0
103346 56045 1 0
98945 20579 1 0
741 9953 1 0
13156 7721 1 0
10822 71438 1 0
100111 91916 1 0
96262 13156 1 0
4553 3092 1 0
11686 6798 1 0
41218 94026 1 0
20460 11306 1 0
6304 41613 1 0
67519 10878 1 0
54287 104937 1 0
99517 5792 1 0
104459 20402 1 0
10933 100750 1 0
14885 93765 1 0
4747 9220 1 0
3650 56326 1 0
12406 45753 1 0
25837 34088 1 0
11484 96646 1 0
10652 5617 1 0
77406 4879 1 0
27337 23211 1 0
48375 10670 1 0
41204 71654 1 0
104035 11355 1 0
9674 7134 1 0
37290 17436 1 0
73023 104937 1 0
19091 9060 1 0
20780 53837 1 0
4747 103722 1 0
15015 8098 1 0
50570 99432 1 0
9242 23129 1 0
93657 6860 1 0
5886 20342 1 0
105649 65982 1 0
10670 5662 1 0
7383 10652 1 0
6463 99395 1 0
4531 16928 1 0
20535 65982 1 0
8098 71813 1 0
13472 18051 1 0
4423 41350 1 0
67831 9220 1 0
9293 13030 1 0
10633 2768 1 0
98021 3275 1 0
40788 18309 1 0
9830 9762 1 0
20133 87408 1 0
17040 57389 1 0
41157 25078 1 0
16928 100893 1 0
19091 14637 1 0
102623 11172 1 0
3390 102330 1 0
91657 102247 1 0
3759 95073 1 0
10122 12771 1 0
41315 103448 1 0
7465 25078 1 0
9896 3921 1 0
101963 20065 1 0
96789 13989 1 0
101568 6002 1 0
45237 3410 1 0
47801 3826 1 0
101757 95588 1 0
98653 14766 1 0
41432 12771 1 0
95073 9743 1 0
3690 7038 1 0
100945 7594 1 0
103841 9724 1 0
10036 8901 1 0
105039 56109 1 0
38636 68218 1 0
8825 101568 1 0
10230 8981 1 0
73931 36127 1 0
2745 10230 1 0
41584 56326 1 0
15715 7857 1 0
29596 41369 1 0
12539 44229 1 0
12096 4497 1 0
97168 28288 1 0
23211 68661 1 0
67831 57389 1 0
61217 43942 1 0
94026 9312 1 0
104937 17359 1 0
99562 87422 1 0
104342 22682 1 0
73023 41315 1 0
13172 18292 1 0
9786 105956 1 0
2868 4087 1 0
8392 105932 1 0
15552 99432 1 0
6174 5381 1 0
3515 12204 1 0
57096 41111 1 0
8754 41599 1 0
8634 96848 1 0
97979 20065 1 0
10296 14710 1 0
10374 43853 1 0
96507 3877 1 0
7113 6512 1 0
33148 16620 1 0
97845 12679 1 0
12406 20460 1 0
17258 3390 1 0
98704 96700 1 0
93657 16140 1 0
14235 103487 1 0
7016 12134 1 0
105956 95420 1 0
50252 9971 1 0
32119 57096 1 0
100243 98567 1 0
100037 55396 1 0
99855 15156 1 0
16743 105623 1 0
41157 95407 1 0
8064 3217 1 0
96646 95073 1 0
100166 41398 1 0
1688 5015 1 0
2834 9293 1 0
7544 72334 1 0
96700 8392 1 0
11887 99640 1 0
1267 97031 1 0
6437 4449 1 0
2768 50595 1 0
39026 98704 1 0
12917 100945 1 0
18292 24149 1 0
11546 68408 1 0
5701 99562 1 0
92046 3587 1 0
104863 105649 1 0
24783 96613 1 0
9914 105573 1 0
97031 87422 1 0
6992 10652 1 0
3587 12134 1 0
86585 32301 1 0
97053 71438 1 0
4908 72334 1 0
91735 100037 1 0
6860 15932 1 0
9312 11546 1 0
20695 62046 1 0
9971 15795 1 0
20431 9810 1 0
14158 100400 1 0
85619 93765 1 0
103525 14904 1 0
101963 27337 1 0
96569 3139 1 0
20515 8323 1 0
1830 50421 1 0
60225 104342 1 0
2369 3921 1 0
102151 59848 1 0
13567 20515 1 0
28510 11982 1 0
41128 5381 1 0
103012 14904 1 0
97168 11686 1 0
4908 96569 1 0
105266 6096 1 0
10095 93579 1 0
14710 59555 1 0
11902 15795 1 0
46067 8921 1 0
2708 4747 1 0
105266 9830 1 0
18918 73023 1 0
45535 12134 1 0
101757 8533 1 0
46266 8292 1 0
97845 15932 1 0
3410 105266 1 0
101342 5065 1 0
95073 45237 1 0
15250 95811 1 0
12815 103141 1 0
9743 15552 1 0
32119 91462 1 0
5792 97845 1 0
87387 99432 1 0
32694 6383 1 0
7444 105649 1 0
97619 98894 1 0
11868 33103 1 0
27503 9914 1 0
33148 1041 1 0
17796 7747 1 0
12864 13172 1 0
5701 33455 1 0
2768 9576 1 0
12539 9653 1 0
10749 28510 1 0
103027 96262 1 0
102247 86585 1 0
4087 105687 1 0
2414 106296 1 0
105649 45840 1 0
8611 5617 1 0
100400 8797 1 0
91657 11982 1 0
3611 68939 1 0
50570 1740 1 0
8981 7661 1 0
7313 13361 1 0
5148 50421 1 0
69432 10479 1 0
2834 68218 1 0
6383 98071 1 0
98006 9493 1 0
14842 50143 1 0
25536 18601 1 0
24763 9293 1 0
50143 15376 1 0
96848 102272 1 0
105716 8653 1 0
20695 9424 1 0
27337 54287 1 0
7295 20695 1 0
3650 10529 1 0
4553 98567 1 0
7661 4747 1 0
2414 68160 1 0
6116 9674 1 0
10822 11754 1 0
101899 41369 1 0
23503 105039 1 0
92046 55396 1 0
17258 102504 1 0
50252 10804 1 0
24696 9786 1 0
105102 25078 1 0
8676 23348 1 0
22682 5324 1 0
96848 20402 1 0
94527 75552 1 0
43683 54287 1 0
69783 55592 1 0
17436 56045 1 0
3826 20847 1 0
6402 25837 1 0
16844 94117 1 0
93579 6353 1 0
12991 41061 1 0
31494 31106 1 0
100439 41369 1 0
6116 6487 1 0
5848 12406 1 0
101342 1186 1 0
7266 100111 1 0
3921 68661 1 0
100166 26209 1 0
97845 40571 1 0
45879 98584 1 0
18309 10230 1 0
69783 5065 1 0
5584 45535 1 0
68939 47801 1 0
23348 15650 1 0
10670 105039 1 0
6512 25837 1 0
65150 32252 1 0
19091 93535 1 0
12771 6702 1 0
11394 97477 1 0
13472 9012 1 0
105731 16985 1 0
101194 5361 1 0
10897 65736 1 0
50595 2369 1 0
27503 5148 1 0
106388 19722 1 0
10878 100643 1 0
10351 8064 1 0
12991 6553 1 0
95407 11941 1 0
56326 97663 1 0
794 11484 1 0
102398 65736 1 0
31106 4582 1 0
98704 16620 1 0
19155 58181 1 0
5148 93683 1 0
13361 36127 1 0
41509 7216 1 0
11715 43942 1 0
10692 12917 1 0
16690 31106 1 0
55426 9424 1 0
105731 100848 1 0
98584 95205 1 0
30730 16620 1 0
56431 11887 1 0
96646 4822 1 0
14805 10095 1 0
8115 10374 1 0
6463 8169 1 0
3433 34944 1 0
25348 68939 1 0
96789 14657 1 0
12679 6512 1 0
9558 7594 1 0
87387 101899 1 0
49892 62527 1 0
104326 7465 1 0
59376 45237 1 0
24696 36556 1 0
54154 6966 1 0
10230 6353 1 0
11962 97901 1 0
7444 11151 1 0
6915 8392 1 0
5110 96551 1 0
103141 8514 1 0
9012 7313 1 0
103012 61202 1 0
96871 57239 1 0
55396 11394 1 0
99216 6553 1 0
8551 1186 1 0
7661 15156 1 0
6487 93765 1 0
105850 4908 1 0
8551 91735 1 0
11798 28510 1 0
10508 24783 1 0
14216 25201 1 0
102504 62527 1 0
45535 3217 1 0
3587 2208 1 0
9558 6645 1 0
33148 6512 1 0
6096 11962 1 0
73023 6645 1 0
71438 10374 1 0
11322 9424 1 0
3560 50570 1 0
8950 56566 1 0
36127 104375 1 0
7016 7038 1 0
11415 68939 1 0
104920 44229 1 0
94026 101194 1 0
6702 87422 1 0
71654 3092 1 0
97945 104375 1 0
16157 33336 1 0
100893 1865 1 0
7266 9971 1 0
67519 4747 1 0
2708 4423 1 0
39026 8901 1 0
102330 29117 1 0
70530 101757 1 0
77406 18918 1 0
41509 9702 1 0
15552 5742 1 0
4582 96789 1 0
28288 4747 1 0
12460 73023 1 0
3611 97477 1 0
100790 26209 1 0
12224 105716 1 0
45535 10652 1 0
24696 12565 1 0
4553 102435 1 0
5015 14885 1 0
5361 97120 1 0
105932 8352 1 0
1830 97053 1 0
95073 95407 1 0
55396 7821 1 0
14710 5584 1 0
17796 11484 1 0
103214 16711 1 0
29117 7491 1 0
13156 27384 1 0
8115 50570 1 0
32252 99640 1 0
12406 94855 1 0
741 6049 1 0
103200 95766 1 0
16844 17209 1 0
7266 5462 1 0
3217 4747 1 0
102623 5381 1 0
7016 105573 1 0
98567 6915 1 0
98796 5423 1 0
5110 45237 1 0
93657 6282 1 0
13989 67519 1 0
14766 11322 1 0
102200 15795 1 0
95219 5584 1 0
8592 9724 1 0
5110 6860 1 0
56566 71813 1 0
3410 7465 1 0
43942 14692 1 0
105877 13172 1 0
30730 20755 1 0
9868 102466 1 0
3690 18051 1 0
15156 1942 1 0
11843 45879 1 0
9743 96551 1 0
41599 12917 1 0
102247 101342 1 0
32800 104086 1 0
9830 6282 1 0
7702 27503 1 0
10933 105496 1 0
4964 12795 1 0
6073 9493 1 0
48958 98071 1 0
16711 10549 1 0
35107 1942 1 0
8323 6353 1 0
1830 8754 1 0
93881 65736 1 0
101171 1865 1 0
40571 10374 1 0
93657 1267 1 0
44757 8064 1 0
98071 10710 1 0
100037 23348 1 0
103614 56431 1 0
7882 50421 1 0
69206 12704 1 0
9762 43683 1 0
50570 99666 1 0
104326 13381 1 0
3248 14805 1 0
97663 100111 1 0
4747 97619 1 0
8676 7465 1 0
37868 8292 1 0
6228 74021 1 0
100790 23503 1 0
98653 6595 1 0
100111 9702 1 0
40788 65736 1 0
1538 2708 1 0
56431 24783 1 0
91747 8148 1 0
10351 106388 1 0
97011 105538 1 0
3433 79625 1 0
3560 12152 1 0
55426 9762 1 0
98945 105956 1 0
13567 2868 1 0
5065 12348 1 0
5886 99121 1 0
105538 17359 1 0
103214 96789 1 0
6941 91451 1 0
32301 6402 1 0
72781 3587 1 0
11322 101963 1 0
11151 99855 1 0
3952 93881 1 0
6073 91747 1 0
104863 6645 1 0
3433 27503 1 0
99855 58181 1 0
98894 6758 1 0
35852 2208 1 0
1647 101250 1 0
25837 1942 1 0
8901 15250 1 0
41398 8797 1 0
8754 50570 1 0
102272 87408 1 0
9786 20780 1 0
11306 15015 1 0
3952 36440 1 0
13499 3740 1 0
15795 41584 1 0
5913 41599 1 0
32694 12460 1 0
8323 68160 1 0
56326 15932 1 0
55592 3587 1 0
13240 93683 1 0
26209 97920 1 0
7266 91694 1 0
73023 45753 1 0
10095 95420 1 0
11715 35645 1 0
1538 36127 1 0
101757 6304 1 0
45552 13222 1 0
36556 11484 1 0
7962 98021 1 0
1715 99593 1 0
45879 7347 1 0
7906 15015 1 0
14601 71813 1 0
19155 101056 1 0
79625 9380 1 0
6758 98567 1 0
97650 12704 1 0
103012 101221 1 0
97979 10452 1 0
105850 20431 1 0
3390 8115 1 0
9762 50570 1 0
20614 45658 1 0
5913 12224 1 0
70530 11484 1 0
11151 5381 1 0
6619 5324 1 0
100510 4087 1 0
12679 100804 1 0
6002 38636 1 0
16808 67831 1 0
70530 20460 1 0
3433 9914 1 0
12116 16844 1 0
54643 17796 1 0
6915 17040 1 0
39688 97011 1 0
13989 4605 1 0
13195 8514 1 0
12442 57096 1 0
23276 9724 1 0
30730 93535 1 0
16808 100243 1 0
20695 105336 1 0
28288 8148 1 0
102504 1688 1 0
103749 72334 1 0
2414 57096 1 0
13123 9896 1 0
4449 99444 1 0
56109 6304 1 0
7821 25536 1 0
62849 41232 1 0
105538 91657 1 0
20653 27384 1 0
32694 86585 1 0
10095 6134 1 0
20535 8064 1 0
65150 45552 1 0
100893 27466 1 0
14805 7444 1 0
9312 10549 1 0
3217 11447 1 0
15650 8064 1 0
9936 4531 1 0
100166 99444 1 0
67831 105623 1 0
8514 50595 1 0
105336 59425 1 0
46266 1865 1 0
96551 45237 1 0
96158 103027 1 0
1186 99517 1 0
8148 20431 1 0
14692 8015 1 0
13361 31494 1 0
13435 5977 1 0
100400 9242 1 0
11843 41175 1 0
14235 20695 1 0
23348 6174 1 0
87472 7295 1 0
7994 91735 1 0
11484 94026 1 0
2369 100338 1 0
41232 4582 1 0
10411 36440 1 0
97168 102247 1 0
12424 6992 1 0
40788 9653 1 0
6463 54154 1 0
99292 95205 1 0
28288 91546 1 0
20653 104920 1 0
8015 3877 1 0
16140 11228 1 0
12704 3410 1 0
59555 45552 1 0
32301 100893 1 0
100773 94592 1 0
28288 105623 1 0
45552 7038 1 0
4474 100510 1 0
3587 44229 1 0
100804 33336 1 0
3650 97120 1 0
86585 9971 1 0
101785 14637 1 0
8611 5324 1 0
10452 41628 1 0
8098 10915 1 0
102330 32252 1 0
2672 15519 1 0
71813 105850 1 0
23129 50252 1 0
27503 4531 1 0
35107 10670 1 0
13499 9220 1 0
59425 18918 1 0
103187 68281 1 0
21094 17209 1 0
3611 24783 1 0
4582 99666 1 0
8846 11546 1 0
12368 101899 1 0
43683 10670 1 0
11484 1688 1 0
12864 41315 1 0
11715 58181 1 0
94855 45840 1 0
4988 5886 1 0
11962 5792 1 0
95192 99562 1 0
103525 1464 1 0
20133 45879 1 0
77406 102466 1 0
10230 105102 1 0
5361 94117 1 0
32301 17359 1 0
7491 105025 1 0
45429 103749 1 0
7444 9936 1 0
14178 1688 1 0
12317 78573 1 0
8514 99562 1 0
74021 34944 1 0
14787 3877 1 0
49892 32694 1 0
102200 6992 1 0
14904 18309 1 0
13337 5977 1 0
14216 29117 1 0
16711 69432 1 0
43683 7721 1 0
57953 41350 1 0
8323 12406 1 0
12864 8592 1 0
105447 3275 1 0
3217 36440 1 0
99562 11686 1 0
57239 61202 1 0
48958 15650 1 0
9762 25837 1 0
23129 102466 1 0
694 45535 1 0
9762 95766 1 0
20653 6798 1 0
14601 61202 1 0
41584 99640 1 0
20755 2369 1 0
91294 101963 1 0
95766 15715 1 0
55573 67831 1 0
12096 14904 1 0
15064 93579 1 0
13522 100804 1 0
41584 41175 1 0
55592 95407 1 0
40914 6206 1 0
9786 9558 1 0
96646 68661 1 0
101194 3410 1 0
6304 5361 1 0
25431 6134 1 0
104375 10411 1 0
105039 17258 1 0
100338 12368 1 0
5110 75552 1 0
87387 10822 1 0
41528 10203 1 0
10633 41584 1 0
41369 96963 1 0
1688 99855 1 0
97920 95205 1 0
16844 3921 1 0
69783 41415 1 0
4605 9674 1 0
14885 11843 1 0
102466 96871 1 0
20847 3826 1 0
97979 6134 1 0
16743 6049 1 0
103027 105447 1 0
23503 12771 1 0
13123 45879 1 0
101979 97155 1 0
9517 16620 1 0
96613 104481 1 0
41157 20342 1 0
94527 9125 1 0
3390 14235 1 0
23503 41030 1 0
9060 20133 1 0
11819 99121 1 0
26850 41496 1 0
9953 69432 1 0
9493 41232 1 0
9702 9953 1 0
80292 45840 1 0
102151 101006 1 0
50570 96700 1 0
17209 16121 1 0
96551 3358 1 0
14726 95766 1 0
95420 42344 1 0
55426 71813 1 0
